institut,uppdragsgivare,datum,Ap,H,FrP,SV,Sp,KrF,V,MDG,R,Andra,kalla
InFact,Nettavisen,2026-09-02,22.0,13.7,31.4,5.9,5.1,4.3,4.0,4.8,7.1,1.6,pollofpolls.no
Opinion,ABC / AT,2026-09-02,22.8,14.9,31.0,4.3,4.6,3.5,3.4,4.7,7.8,2.9,pollofpolls.no
Opinion,DA / FF / ANB,2026-08-19,20.5,15.3,29.1,5.2,5.7,4.0,2.8,5.4,7.9,4.1,pollofpolls.no
Respons Analyse,VG / Aftp.,2026-08-11,22.5,16.2,29.6,4.4,5.8,3.7,3.4,4.4,8.1,1.9,pollofpolls.no
Norstat,NRK / VL / Dagbl.,2026-08-11,22.5,14.7,30.6,4.3,5.2,4.2,3.9,3.9,7.9,2.7,pollofpolls.no
Verian,TV2,2026-08-10,22.8,15.1,29.7,8.0,5.5,2.6,3.1,3.5,6.4,3.4,pollofpolls.no
Norfakta,Nat. / KK,2026-08-08,25.2,15.8,28.9,5.6,4.3,3.4,4.0,3.8,6.4,2.6,pollofpolls.no
Opinion,ABC / AT,2026-08-06,21.7,14.8,31.2,4.7,4.9,3.1,3.5,4.0,8.8,3.2,pollofpolls.no
InFact,Nettavisen,2026-08-05,24.5,13.4,32.0,3.4,5.0,4.5,2.7,4.3,7.8,2.4,pollofpolls.no
Norfakta,Nat. / KK,2026-07-11,22.4,15.7,28.4,5.2,5.5,4.2,3.8,4.1,8.1,2.6,pollofpolls.no
Verian,TV2,2026-07-02,23.9,14.3,29.8,5.1,4.7,3.7,3.5,5.2,6.4,3.4,pollofpolls.no
InFact,Nettavisen,2026-07-01,21.6,14.3,31.5,5.1,4.6,4.0,5.1,5.3,6.5,2.1,pollofpolls.no
Norstat,NRK / VL / Dagbl.,2026-06-16,22.4,13.8,30.2,5.2,5.7,2.9,4.3,4.1,7.4,4.0,pollofpolls.no
Opinion,DA / FF / ANB,2026-06-10,19.6,16.8,31.9,4.0,5.8,3.3,3.1,4.7,8.0,2.7,pollofpolls.no
Respons Analyse,VG / Aftp.,2026-06-09,21.8,16.8,31.5,5.8,4.4,3.8,2.6,3.8,7.0,2.7,pollofpolls.no
Norfakta,Nat. / KK,2026-06-06,21.6,17.7,28.9,5.1,5.3,3.7,3.0,3.9,7.3,3.5,pollofpolls.no
Verian,TV2,2026-06-02,22.5,18.1,30.0,5.2,5.5,4.0,2.3,3.2,7.3,1.9,pollofpolls.no
InFact,Nettavisen,2026-06-02,22.4,12.5,33.3,4.0,4.5,4.2,4.6,5.0,7.5,2.0,pollofpolls.no
Opinion,ABC / AT,2026-05-29,22.4,16.8,29.9,5.1,4.9,4.3,2.7,3.3,7.4,3.3,pollofpolls.no
Norstat,NRK / VL / Dagbl.,2026-05-20,21.1,16.1,31.4,4.7,5.2,3.8,2.7,4.4,7.1,3.6,pollofpolls.no
Opinion,DA / FF / ANB,2026-05-14,22.1,15.9,31.0,4.7,5.0,3.2,3.0,5.0,6.3,3.8,pollofpolls.no
Respons Analyse,VG / Aftp.,2026-05-12,22.7,18.3,27.1,5.6,5.8,4.2,3.9,3.9,6.4,2.2,pollofpolls.no
Norfakta,Nat. / KK,2026-05-09,22.9,17.1,28.7,4.9,4.9,4.4,3.7,3.7,7.2,2.7,pollofpolls.no
Verian,TV2,2026-05-08,24.8,16.8,28.1,4.1,5.2,4.2,3.7,3.2,6.8,3.2,pollofpolls.no
InFact,Nettavisen,2026-05-04,23.2,14.6,30.8,4.4,6.5,4.4,3.3,4.0,6.9,1.9,pollofpolls.no
Opinion,ABC / AT,2026-04-29,19.5,19.0,29.1,5.7,5.9,3.0,3.6,4.6,6.2,3.4,pollofpolls.no
Norstat,NRK / VL / Dagbl.,2026-04-21,21.0,17.7,29.2,5.1,5.3,3.7,4.2,3.8,7.3,2.7,pollofpolls.no
Verian,TV2,2026-04-15,23.3,16.6,28.6,6.1,5.4,3.5,3.7,4.7,6.0,2.2,pollofpolls.no
Opinion,DA / FF / ANB,2026-04-15,20.8,18.1,29.9,4.3,4.8,3.2,3.5,3.5,9.0,3.0,pollofpolls.no
Respons Analyse,VG / Aftp.,2026-04-14,23.4,18.0,26.5,4.7,5.8,3.6,4.2,3.9,7.0,2.8,pollofpolls.no
Norfakta,Nat. / KK,2026-04-11,21.9,18.3,27.6,5.7,5.2,3.5,3.9,3.2,7.5,3.1,pollofpolls.no
InFact,Nettavisen,2026-03-31,20.4,17.8,30.9,4.4,5.4,3.7,3.7,3.7,7.4,2.4,pollofpolls.no
Opinion,ABC / AT,2026-03-27,21.3,17.7,27.2,5.6,4.6,4.4,4.1,4.1,6.9,4.1,pollofpolls.no
Norstat,NRK / VL / Dagbl.,2026-03-24,21.9,19.6,28.1,4.5,3.7,2.4,2.9,5.0,8.0,3.9,pollofpolls.no
Opinion,DA / FF / ANB,2026-03-18,22.5,16.2,26.7,6.1,4.4,3.6,3.3,5.3,7.2,4.7,pollofpolls.no
Respons Analyse,VG / Aftp.,2026-03-10,24.3,18.8,25.9,4.5,5.0,3.8,4.7,3.9,7.3,2.0,pollofpolls.no
Norfakta,Nat. / KK,2026-03-07,22.3,17.4,28.8,4.5,4.9,4.6,4.0,4.1,6.4,3.1,pollofpolls.no
Opinion,ABC / AT,2026-03-04,23.1,19.2,25.5,3.7,5.8,3.4,2.4,3.8,8.7,4.5,pollofpolls.no
Verian,TV2,2026-03-03,25.7,18.8,23.0,4.4,5.4,4.4,3.9,4.3,7.4,2.6,pollofpolls.no
InFact,Nettavisen,2026-03-03,22.3,16.8,30.2,4.5,4.3,3.5,2.7,4.0,9.1,2.7,pollofpolls.no
Norstat,NRK / VL / Dagbl.,2026-02-24,21.8,20.0,26.6,5.1,5.3,4.0,2.3,4.5,7.7,2.8,pollofpolls.no
Opinion,DA / FF / ANB,2026-02-18,23.1,15.7,28.0,4.2,6.4,3.7,3.0,4.5,7.2,4.1,pollofpolls.no
Respons Analyse,VG / Aftp.,2026-02-10,24.9,18.0,26.1,4.5,5.2,3.5,3.9,3.4,7.8,2.6,pollofpolls.no
Norfakta,Nat. / KK,2026-02-07,25.1,19.0,26.3,5.2,4.5,4.0,3.2,3.2,6.4,2.9,pollofpolls.no
Opinion,ABC / AT,2026-02-04,26.2,17.3,23.7,4.1,5.9,3.6,4.4,3.1,7.1,4.5,pollofpolls.no
InFact,Nettavisen,2026-02-03,22.3,16.3,28.2,4.3,5.9,3.8,4.2,4.2,7.5,3.2,pollofpolls.no
Verian,TV2,2026-02-02,27.2,16.5,25.1,4.5,5.7,3.4,3.4,3.6,6.9,3.9,pollofpolls.no
Norstat,NRK / VL / Dagbl.,2026-01-27,26.8,16.0,25.2,4.1,6.8,4.7,2.7,3.7,7.0,3.1,pollofpolls.no
Opinion,DA / FF / ANB,2026-01-21,23.2,18.0,27.2,5.7,5.3,3.1,2.5,4.8,6.3,3.9,pollofpolls.no
Respons Analyse,VG / Aftp.,2026-01-12,25.2,17.4,27.9,5.5,4.8,3.5,3.2,4.0,6.4,2.2,pollofpolls.no
Verian,TV2,2026-01-12,25.2,18.3,23.2,6.1,4.6,4.2,3.9,4.2,6.0,4.3,pollofpolls.no
Norfakta,Nat. / KK,2026-01-10,24.9,17.5,25.8,5.2,4.8,4.2,4.1,4.6,6.4,2.5,pollofpolls.no
InFact,Nettavisen,2026-01-07,21.3,15.0,31.9,5.0,5.6,4.0,3.0,4.7,6.0,3.5,pollofpolls.no
Norstat,NRK / VL / Dagbl.,2025-12-17,24.1,17.2,27.3,5.2,4.4,3.0,4.0,4.5,6.4,3.9,pollofpolls.no
Opinion,DA / FF / ANB,2025-12-17,25.1,18.1,25.2,4.5,5.8,2.9,3.2,3.7,7.6,3.8,pollofpolls.no
Respons Analyse,VG / Aftp.,2025-12-09,22.8,17.5,27.7,5.7,6.0,3.1,4.1,4.2,7.0,2.0,pollofpolls.no
Norfakta,Nat. / KK,2025-12-06,25.5,17.6,26.1,5.0,6.1,3.0,2.8,5.0,6.4,2.5,pollofpolls.no
Opinion,ABC / AT,2025-12-03,22.2,17.8,26.7,5.1,6.0,4.0,4.7,3.7,6.9,2.9,pollofpolls.no
InFact,Nettavisen,2025-12-02,21.6,17.4,27.9,5.3,5.7,4.0,3.2,4.9,7.2,2.8,pollofpolls.no
Verian,TV2,2025-12-01,23.2,17.1,25.6,5.0,6.8,4.2,3.6,5.8,5.5,3.3,pollofpolls.no
Opinion,DA / FF / ANB,2025-11-19,22.6,19.7,25.0,6.8,6.4,3.0,3.3,3.8,6.8,2.5,pollofpolls.no
Norstat,NRK / VL / Dagbl.,2025-11-18,24.8,16.5,25.7,5.2,5.6,4.3,2.6,4.2,7.5,3.8,pollofpolls.no
Respons Analyse,VG / Aftp.,2025-11-10,22.0,18.7,25.7,5.5,6.2,4.3,3.8,4.5,6.4,3.0,pollofpolls.no
Norfakta,Nat. / KK,2025-11-08,24.3,16.6,27.3,4.7,5.4,3.7,3.2,5.1,6.2,3.4,pollofpolls.no
InFact,Nettavisen,2025-11-05,22.3,16.9,27.1,4.9,5.9,4.3,3.7,3.7,7.4,3.8,pollofpolls.no
Opinion,ABC / AT,2025-11-05,23.9,17.0,26.8,5.1,6.1,3.4,2.5,4.9,6.1,4.2,pollofpolls.no
Verian,TV2,2025-11-03,25.0,15.9,23.3,5.8,5.5,5.7,4.6,4.1,6.3,3.9,pollofpolls.no
Opinion,DA / FF / ANB,2025-10-21,24.8,16.2,23.2,7.0,5.4,4.8,4.3,3.8,6.9,3.7,pollofpolls.no
Norstat,NRK / VL / Dagbl.,2025-10-21,26.2,16.6,23.5,5.4,5.5,3.5,3.9,4.8,6.7,3.9,pollofpolls.no
Respons Analyse,VG / Aftp.,2025-10-14,28.4,14.9,25.0,6.0,5.1,3.6,4.2,4.1,5.7,3.1,pollofpolls.no
Norfakta,Nat. / KK,2025-10-11,29.0,15.1,25.5,4.9,4.5,4.4,3.4,4.5,5.9,4.9,pollofpolls.no
InFact,Nettavisen,2025-10-08,28.8,13.9,25.3,5.5,4.8,4.6,2.8,5.5,5.6,3.1,pollofpolls.no
Verian,TV2,2025-10-06,29.4,15.0,21.6,5.8,5.9,4.1,4.2,4.4,6.2,3.4,pollofpolls.no
Verian,TV2,2025-09-06,27.3,14.9,21.3,5.7,6.0,4.7,3.9,6.4,5.3,4.7,pollofpolls.no
Respons Analyse,VG / Aftenp. / BT,2025-09-06,29.5,14.9,18.9,5.8,6.2,5.1,4.5,5.6,6.4,3.1,pollofpolls.no
Norfakta,Nat. / KK,2025-09-06,27.0,13.5,20.8,5.3,7.0,5.8,4.1,6.0,5.6,4.9,pollofpolls.no
Verian,TV2,2025-09-05,27.7,15.0,21.0,5.8,5.8,4.2,3.9,6.4,5.3,4.8,pollofpolls.no
Norstat,NRK / VL / Dagbl.,2025-09-05,26.4,14.3,20.4,6.0,6.2,4.2,4.3,7.2,6.9,4.1,pollofpolls.no
Opinion,DA / FF / ANB,2025-09-04,27.5,13.1,19.6,8.0,5.4,6.1,4.2,6.3,6.6,3.2,pollofpolls.no
Verian,TV2,2025-09-04,28.5,14.7,21.0,5.8,5.7,3.9,4.2,5.9,5.1,5.1,pollofpolls.no
Verian,TV2,2025-09-03,27.4,14.6,21.6,5.6,5.8,4.2,4.2,6.4,5.5,4.7,pollofpolls.no
InFact,Nettavisen,2025-09-03,26.5,13.6,21.8,5.4,6.3,5.2,5.1,4.6,7.3,4.3,pollofpolls.no
Opinion,ABC / AT,2025-09-03,26.7,13.4,22.4,5.2,6.5,3.7,4.6,7.0,6.7,4.0,pollofpolls.no
Verian,TV2,2025-09-02,26.2,15.2,21.3,6.3,6.0,4.3,4.0,6.2,5.7,4.9,pollofpolls.no
Respons Analyse,VG / Aftenp. / BT,2025-09-02,26.6,14.8,20.3,6.2,4.8,4.6,4.6,7.1,6.6,4.5,pollofpolls.no
Verian,TV2,2025-09-01,25.6,15.6,22.3,6.5,5.3,4.5,4.0,5.8,5.6,4.8,pollofpolls.no
Verian,TV2,2025-08-30,28.1,14.5,20.5,6.3,5.9,4.5,3.9,6.0,5.5,4.6,pollofpolls.no
Verian,TV2,2025-08-28,29.3,15.7,19.2,6.1,6.4,4.6,3.2,5.6,5.9,4.1,pollofpolls.no
Norstat,NRK,2025-08-27,27.6,14.6,21.2,6.8,5.6,4.7,4.4,4.6,6.4,4.1,pollofpolls.no
Respons Analyse,VG / Aftenp. / BT,2025-08-26,28.0,16.8,18.5,6.6,6.8,4.5,4.5,5.0,5.8,3.6,pollofpolls.no
Verian,TV2,2025-08-26,27.0,15.8,21.0,5.6,6.3,5.4,3.7,4.7,6.8,3.8,pollofpolls.no
Verian,TV2,2025-08-22,26.7,14.9,22.8,5.8,6.0,5.2,3.2,4.8,7.3,3.4,pollofpolls.no
Opinion,DA / FF / ANB,2025-08-20,24.8,17.9,21.5,5.5,6.8,4.5,3.9,3.6,5.6,5.8,pollofpolls.no
Respons Analyse,VG / Aftenp. / BT,2025-08-19,24.8,14.5,21.9,6.3,7.0,4.3,5.3,4.4,6.4,5.2,pollofpolls.no
Norstat,NRK / VL / Dagbl.,2025-08-15,28.2,14.6,20.5,7.1,5.3,4.8,3.8,4.7,6.3,4.5,pollofpolls.no
InFact,Nettavisen,2025-08-13,26.9,13.2,23.9,5.5,5.6,5.6,5.1,3.7,5.7,5.0,pollofpolls.no
Respons Analyse,VG / Aftenp. / BT,2025-08-11,28.0,15.2,20.7,7.1,7.0,4.6,5.1,2.8,5.8,3.8,pollofpolls.no
Verian,TV2,2025-08-10,28.8,16.2,20.7,6.2,4.9,4.6,4.4,3.5,6.3,4.4,pollofpolls.no
Norfakta,Nat. / KK,2025-08-09,26.8,14.4,20.9,6.2,6.7,3.8,5.6,4.2,6.3,5.2,pollofpolls.no
Opinion,ABC / AT,2025-08-06,26.7,15.8,23.6,6.7,6.2,3.1,3.3,3.2,5.8,5.7,pollofpolls.no
Norfakta,Nat. / KK,2025-07-05,26.9,15.7,19.2,8.9,5.8,3.7,5.0,4.4,6.6,3.6,pollofpolls.no
InFact,Nettavisen,2025-07-02,25.2,14.8,23.9,7.9,7.2,3.2,4.4,2.8,6.1,4.6,pollofpolls.no
Verian,TV2,2025-07-01,30.9,14.0,21.5,7.8,6.0,2.6,4.8,3.3,5.1,4.1,pollofpolls.no
Respons Analyse,VG / Aftenp. / BT,2025-06-18,25.1,16.9,22.0,8.8,5.9,3.3,4.8,3.4,6.0,3.8,pollofpolls.no
Opinion,DA / FF / ANB,2025-06-18,26.8,14.2,22.8,7.0,5.4,3.3,5.1,2.3,7.3,5.8,pollofpolls.no
Norstat,NRK / VL / Dagbl.,2025-06-17,30.0,15.8,21.3,8.0,5.3,3.3,4.2,2.1,5.6,4.6,pollofpolls.no
Norfakta,Nat. / KK,2025-06-07,27.3,18.2,21.5,5.5,5.9,3.5,4.6,3.7,6.3,3.4,pollofpolls.no
Opinion,ABC / AT,2025-06-05,30.9,13.9,19.6,5.5,4.6,4.6,5.3,3.8,5.7,6.1,pollofpolls.no
InFact,Nettavisen,2025-06-04,26.7,17.0,21.0,8.7,5.5,4.0,4.6,2.2,6.1,4.2,pollofpolls.no
Verian,TV2,2025-06-02,31.6,17.5,19.1,5.0,6.3,3.9,2.7,3.8,6.6,3.5,pollofpolls.no
Norstat,NRK,2025-05-22,29.4,18.4,20.6,6.5,5.5,3.5,4.0,3.1,5.4,3.7,pollofpolls.no
Opinion,DA / FF / ANB,2025-05-21,27.5,17.9,21.0,7.2,6.2,3.4,4.2,2.7,4.3,5.6,pollofpolls.no
Respons Analyse,VG / Aftenp. / BT,2025-05-13,29.3,18.6,21.1,6.9,5.2,4.3,4.8,2.6,4.9,2.2,pollofpolls.no
Norfakta,Nat. / KK,2025-05-10,28.4,20.7,17.5,7.0,6.1,4.2,4.2,2.5,6.0,3.6,pollofpolls.no
Opinion,ABC / AT,2025-05-08,26.0,18.5,23.9,6.5,5.4,3.6,4.6,2.5,5.0,3.9,pollofpolls.no
InFact,Nettavisen,2025-05-07,29.0,18.6,21.2,7.3,5.8,3.0,3.0,2.8,5.5,3.7,pollofpolls.no
Norstat,NRK / VL / Dagbl.,2025-05-06,28.4,19.1,20.3,7.1,5.3,2.3,4.0,3.1,5.5,4.9,pollofpolls.no
Verian,TV2,2025-05-06,30.0,18.1,19.0,7.4,5.8,4.6,4.2,2.5,5.4,3.1,pollofpolls.no
Opinion,DA / FF / ANB,2025-04-23,30.4,17.4,20.1,6.6,7.0,3.1,3.5,3.7,4.6,3.7,pollofpolls.no
Respons Analyse,VG / Aftenp. / BT,2025-04-08,30.1,20.4,18.6,6.4,5.9,3.0,3.9,3.8,4.7,3.2,pollofpolls.no
Norstat,NRK / VL / Dagbl.,2025-04-08,27.9,18.9,21.0,6.3,7.2,3.2,3.8,3.3,3.7,4.7,pollofpolls.no
Norfakta,Nat. / KK,2025-04-05,24.0,21.6,19.2,6.7,8.4,3.5,5.3,3.0,4.0,4.4,pollofpolls.no
InFact,Nettavisen,2025-04-03,29.5,18.1,21.3,5.8,6.6,3.3,3.1,3.1,5.4,3.9,pollofpolls.no
Opinion,ABC / AT,2025-04-02,25.1,22.5,21.1,6.2,5.3,3.1,3.8,2.5,5.3,5.0,pollofpolls.no
Verian,TV2,2025-04-01,29.4,19.5,19.0,6.4,6.5,3.8,4.1,2.5,6.1,2.7,pollofpolls.no
Opinion,DA / FF / ANB,2025-03-19,25.8,19.5,19.7,9.2,4.7,3.7,4.5,2.8,6.0,4.1,pollofpolls.no
Norstat,NRK / VL / Dagbl.,2025-03-11,30.1,18.1,23.0,6.4,5.0,2.6,4.4,2.5,4.5,3.4,pollofpolls.no
Respons Analyse,VG / Aftenp. / BT,2025-03-11,27.4,20.2,21.5,7.1,4.6,3.9,5.4,1.9,5.0,3.0,pollofpolls.no
Norfakta,Nat. / KK,2025-03-08,26.5,19.7,24.3,7.1,4.8,2.6,4.1,2.5,5.0,3.4,pollofpolls.no
InFact,Nettavisen,2025-03-07,29.5,16.4,24.1,6.6,5.4,3.3,4.3,3.0,4.0,3.4,pollofpolls.no
Opinion,ABC / AT,2025-03-06,28.2,18.5,24.8,6.3,5.4,2.6,3.2,3.7,4.2,3.1,pollofpolls.no
Verian,TV2,2025-03-03,29.5,19.3,21.7,7.9,4.6,3.2,4.1,2.6,3.5,3.6,pollofpolls.no
Opinion,DA / FF / ANB,2025-02-19,26.6,19.1,22.4,7.2,6.0,3.5,3.9,2.1,5.5,3.7,pollofpolls.no
Norstat,NRK / VL / Dagbl.,2025-02-11,28.7,16.2,25.3,7.4,6.0,2.1,3.1,2.7,5.3,3.2,pollofpolls.no
Norfakta,Nat. / KK,2025-02-08,24.7,18.2,24.7,7.6,6.1,3.0,4.6,2.7,5.7,2.8,pollofpolls.no
Respons Analyse,VG / Aftenp. / BT,2025-02-07,26.7,19.1,23.6,6.8,6.8,3.0,4.9,1.6,4.9,2.6,pollofpolls.no
InFact,Nettavisen,2025-02-06,30.7,15.6,24.3,6.5,6.0,3.0,3.4,2.3,5.5,2.8,pollofpolls.no
Opinion,ABC / AT,2025-02-05,22.0,18.2,25.0,8.1,5.2,3.0,4.2,3.8,6.1,4.5,pollofpolls.no
Verian,TV2,2025-02-04,25.7,18.4,26.9,6.8,6.9,3.2,3.2,2.4,3.7,2.8,pollofpolls.no
Respons Analyse,VG / Aftenp. / BT,2025-02-04,18.3,22.0,24.2,8.0,7.5,3.7,6.5,1.9,5.9,1.9,pollofpolls.no
Verian,TV2,2025-02-03,19.8,18.9,25.1,8.4,8.6,2.5,4.2,1.8,5.6,4.9,pollofpolls.no
InFact,Nettavisen,2025-01-31,18.4,18.3,26.1,9.1,8.2,3.0,4.7,3.4,4.5,4.3,pollofpolls.no
Opinion,DA / FF / ANB,2025-01-22,18.8,21.8,26.2,8.3,5.5,3.5,2.8,3.1,5.0,5.1,pollofpolls.no
Norstat,NRK,2025-01-15,20.2,19.8,23.7,8.7,4.9,3.9,5.8,3.3,5.9,3.8,pollofpolls.no
Respons Analyse,VG / Aftenp. / BT,2025-01-14,16.7,24.0,24.5,7.7,6.1,3.1,5.9,3.8,5.2,3.0,pollofpolls.no
Verian,TV2,2025-01-13,21.0,23.8,24.3,6.9,5.6,3.9,3.4,3.6,5.4,2.1,pollofpolls.no
Norfakta,Nat. / KK,2025-01-11,18.4,23.2,21.1,8.1,6.6,3.2,4.3,3.2,6.0,5.9,pollofpolls.no
Opinion,ABC / AT,2025-01-09,18.1,21.6,25.0,8.7,6.3,3.2,4.7,2.8,5.7,3.9,pollofpolls.no
InFact,Nettavisen,2025-01-07,20.6,21.0,24.2,7.5,6.5,3.2,4.5,3.0,5.7,3.8,pollofpolls.no
Norstat,NRK / Aftenp,2024-12-18,16.8,20.7,27.7,6.9,4.7,4.2,4.8,3.9,6.8,3.7,pollofpolls.no
Opinion,DA / FF / ANB,2024-12-11,17.7,20.5,25.3,9.4,4.9,4.0,5.8,3.1,5.7,3.4,pollofpolls.no
Respons Analyse,VG,2024-12-10,18.9,20.3,23.9,9.4,5.3,3.5,6.1,2.3,6.4,3.3,pollofpolls.no
Norstat,VL / Dagbl.,2024-12-09,14.2,21.5,27.4,11.0,3.8,4.3,4.7,3.5,5.6,4.0,pollofpolls.no
Norfakta,Nat. / KK,2024-12-07,18.1,22.9,23.7,8.7,5.4,4.2,4.6,2.9,5.3,4.3,pollofpolls.no
Opinion,ABC / AT,2024-12-05,17.6,21.0,24.4,10.7,5.3,3.3,5.9,2.9,6.1,2.9,pollofpolls.no
InFact,Nettavisen,2024-12-04,18.1,19.3,26.3,9.0,6.7,3.9,4.6,3.6,5.0,3.5,pollofpolls.no
Verian,TV2,2024-12-02,16.5,23.0,24.1,9.9,6.1,3.8,6.1,2.4,5.5,2.6,pollofpolls.no
Norstat,NRK / Aftenp,2024-11-19,17.5,21.0,25.3,9.3,5.4,2.9,4.4,3.5,5.3,5.4,pollofpolls.no
Opinion,DA / FF / ANB,2024-11-13,18.7,22.4,21.3,9.1,6.7,3.1,5.6,3.1,6.0,4.1,pollofpolls.no
Respons Analyse,VG,2024-11-12,19.0,20.9,22.4,9.4,6.8,3.7,6.3,3.0,5.6,2.9,pollofpolls.no
Opinion,ABC / AT,2024-11-11,19.4,24.1,20.1,8.5,5.8,3.1,3.8,3.5,7.1,4.7,pollofpolls.no
Norfakta,Nat. / KK,2024-11-09,20.9,22.4,21.3,9.3,7.4,2.6,4.4,3.3,4.8,3.6,pollofpolls.no
InFact,Nettavisen,2024-11-05,17.7,20.3,24.2,8.4,6.2,3.5,5.1,4.3,7.0,3.4,pollofpolls.no
Verian,TV2,2024-11-04,17.7,25.7,19.7,9.1,7.7,2.8,6.1,3.4,5.7,2.2,pollofpolls.no
Norstat,NRK / Aftenp,2024-10-23,19.3,22.7,22.0,9.0,4.9,2.4,6.0,3.5,6.2,4.1,pollofpolls.no
Respons Analyse,VG,2024-10-15,20.7,25.7,19.2,8.3,5.3,3.5,6.3,3.5,4.7,2.8,pollofpolls.no
Verian,TV2,2024-10-09,22.2,24.5,17.9,8.7,5.7,3.1,4.6,3.7,5.8,3.8,pollofpolls.no
Opinion,DA / FF / ANB,2024-10-09,18.0,23.1,22.5,10.6,4.9,4.3,5.5,2.8,5.6,2.7,pollofpolls.no
Norfakta,Nat. / KK,2024-10-05,20.3,24.0,16.6,10.2,6.9,2.5,5.4,3.7,5.3,5.1,pollofpolls.no
InFact,Nettavisen,2024-10-04,20.2,20.1,23.3,6.7,6.9,3.6,5.0,3.7,6.4,4.0,pollofpolls.no
Opinion,ABC / AT,2024-10-03,18.5,23.6,20.3,8.1,5.9,3.6,6.0,3.5,7.0,3.5,pollofpolls.no
Norstat,NRK / Aftenp,2024-09-24,20.2,25.5,19.5,8.4,5.1,2.5,4.8,4.0,5.0,4.9,pollofpolls.no
Opinion,DA / FF / ANB,2024-09-11,20.2,23.7,20.2,8.6,6.0,2.0,5.6,2.6,5.8,5.2,pollofpolls.no
Respons Analyse,VG,2024-09-11,21.9,23.6,19.8,10.6,5.0,2.9,5.0,2.6,5.1,3.5,pollofpolls.no
Norfakta,Nat. / KK,2024-09-07,20.8,25.1,17.2,9.5,7.5,3.4,4.8,3.2,5.4,3.2,pollofpolls.no
InFact,Nettavisen,2024-09-05,21.4,21.0,21.9,8.2,6.1,3.7,4.2,3.9,5.5,4.1,pollofpolls.no
Opinion,ABC / AT,2024-09-05,21.1,25.4,16.8,8.8,5.9,2.5,5.6,3.2,6.7,2.5,pollofpolls.no
Verian,TV2,2024-09-02,18.6,27.6,16.9,8.6,6.2,3.6,5.4,3.3,6.0,4.1,pollofpolls.no
Opinion,DA / FF / FB,2024-08-14,19.8,27.1,14.7,10.2,6.0,4.0,4.1,3.3,6.4,4.4,pollofpolls.no
Norstat,NRK / Aftenp,2024-08-14,20.0,24.5,18.0,7.9,6.4,3.6,5.8,3.9,6.1,3.9,pollofpolls.no
Norstat,VL / Dagbl.,2024-08-13,20.6,25.2,16.0,8.6,7.6,4.3,4.9,3.2,5.8,3.8,pollofpolls.no
Respons Analyse,VG,2024-08-13,22.0,24.5,17.5,10.0,5.4,3.3,5.3,2.3,5.7,4.0,pollofpolls.no
Verian,TV2,2024-08-12,21.1,24.4,16.3,10.3,5.9,4.7,5.0,4.5,3.8,4.0,pollofpolls.no
Norfakta,Nat. / KK,2024-08-10,18.5,26.4,15.4,11.3,6.3,3.3,4.8,4.2,5.6,4.3,pollofpolls.no
InFact,Nettavisen,2024-08-10,22.0,22.2,18.5,7.6,6.0,3.3,4.6,4.1,6.1,5.5,pollofpolls.no
Opinion,ABC / AT,2024-08-08,21.2,26.9,15.0,7.0,5.8,4.6,6.9,3.1,5.9,3.6,pollofpolls.no
Norfakta,Nat. / KK,2024-07-06,20.6,27.4,13.0,9.0,4.6,4.1,4.9,3.7,6.0,6.7,pollofpolls.no
InFact,Nettavisen,2024-07-05,20.4,22.4,20.7,8.4,5.1,4.2,5.9,3.7,5.4,3.8,pollofpolls.no
Verian,TV2,2024-07-03,22.4,24.8,15.7,11.0,4.5,3.5,5.9,3.8,4.9,3.5,pollofpolls.no
Norstat,NRK / Aftenp,2024-06-18,22.0,25.0,16.8,8.6,4.5,2.8,6.5,4.7,6.1,3.0,pollofpolls.no
Opinion,DA / FF / ANB,2024-06-12,19.9,19.8,19.3,10.8,7.2,3.3,6.5,3.6,5.1,4.5,pollofpolls.no
Respons Analyse,VG,2024-06-11,19.9,26.2,17.5,8.5,7.6,3.7,5.9,3.0,5.5,2.2,pollofpolls.no
Norfakta,Nat. / KK,2024-06-08,18.9,23.4,15.7,9.9,7.5,3.5,5.8,3.4,8.0,3.9,pollofpolls.no
InFact,Nettavisen,2024-06-06,18.9,25.4,17.8,8.8,5.7,3.9,5.8,3.0,6.0,4.7,pollofpolls.no
Verian,TV2,2024-06-03,18.6,25.5,15.9,11.5,5.4,3.7,4.8,2.7,8.9,2.8,pollofpolls.no
Norstat,VL / Dagbl.,2024-05-28,20.3,23.4,17.3,9.6,6.6,4.2,6.4,3.3,3.8,5.2,pollofpolls.no
Norstat,NRK / Aftenp,2024-05-23,19.6,23.6,18.5,9.3,5.2,4.8,6.5,3.8,5.7,3.1,pollofpolls.no
Norfakta,Nat. / KK,2024-05-11,17.8,26.5,15.4,10.5,6.6,3.4,6.6,3.3,4.9,3.5,pollofpolls.no
Opinion,DA / FF / ANB,2024-05-10,17.3,28.0,17.8,9.7,5.9,4.4,5.8,3.5,4.6,3.0,pollofpolls.no
Respons Analyse,VG,2024-05-08,20.3,25.9,15.1,8.7,7.5,4.0,5.3,3.6,5.8,3.8,pollofpolls.no
Verian,TV2,2024-05-07,21.3,24.9,16.5,10.2,5.2,3.8,6.8,3.1,5.0,3.3,pollofpolls.no
Opinion,ABC / AT,2024-05-06,22.6,25.4,17.0,7.7,5.6,3.5,5.5,4.2,5.0,3.6,pollofpolls.no
InFact,Nettavisen,2024-05-03,20.0,23.5,18.8,8.9,6.1,4.4,4.4,4.4,5.1,4.6,pollofpolls.no
Opinion,DA / FF / ANB,2024-04-17,19.3,22.2,16.8,10.9,6.0,3.0,7.3,2.8,5.9,5.8,pollofpolls.no
Opinion,ABC / AT,2024-04-11,19.0,30.5,15.3,9.4,5.3,3.3,5.2,3.4,4.2,4.4,pollofpolls.no
Norstat,NRK / Aftenp,2024-04-09,17.1,25.5,17.6,10.4,6.9,4.1,4.6,4.0,5.9,4.0,pollofpolls.no
Verian,TV2,2024-04-09,21.0,28.3,13.0,10.6,5.5,4.4,5.2,3.6,4.9,3.6,pollofpolls.no
Respons Analyse,VG,2024-04-09,21.2,28.4,13.4,8.9,5.7,3.3,5.5,4.1,6.9,2.6,pollofpolls.no
Norfakta,Nat. / KK,2024-04-06,20.5,24.6,14.9,9.4,8.6,3.9,5.3,3.6,5.0,3.1,pollofpolls.no
InFact,Nettavisen,2024-04-05,18.4,25.4,15.3,10.2,5.4,4.5,5.7,3.4,5.7,5.9,pollofpolls.no
Opinion,DA / FF / ANB,2024-03-13,16.8,26.7,13.3,10.1,7.9,4.2,5.5,4.5,5.8,5.3,pollofpolls.no
Norstat,NRK / Aftenp,2024-03-13,18.2,27.0,15.2,10.1,6.7,4.0,6.1,3.5,6.2,3.1,pollofpolls.no
Respons Analyse,VG,2024-03-12,17.9,28.5,14.4,10.2,6.1,4.4,5.8,3.6,5.6,3.5,pollofpolls.no
Norfakta,Nat. / KK,2024-03-09,18.6,25.7,14.8,9.4,5.9,4.8,6.4,4.4,5.0,5.0,pollofpolls.no
Opinion,ABC / AT,2024-03-07,18.8,24.9,16.3,10.9,5.4,2.6,5.8,4.9,5.8,4.5,pollofpolls.no
InFact,Nettavisen,2024-03-06,17.8,26.0,15.7,9.2,7.2,3.5,5.7,4.1,6.7,4.1,pollofpolls.no
Verian,TV2,2024-03-04,19.5,26.9,13.8,9.1,6.2,3.0,5.8,3.3,5.6,6.8,pollofpolls.no
Norstat,VL / Dagbl.,2024-02-27,18.6,25.1,16.4,10.6,6.4,3.6,4.9,4.0,6.2,4.2,pollofpolls.no
Opinion,DA / FF / ANB,2024-02-14,17.8,29.5,13.6,10.0,7.7,4.2,5.8,3.7,5.2,2.5,pollofpolls.no
Norstat,NRK / Aftenp,2024-02-14,17.8,26.5,14.3,9.5,6.8,3.7,6.6,3.6,5.3,5.9,pollofpolls.no
Respons Analyse,VG,2024-02-13,19.1,27.4,14.7,11.0,5.1,4.1,5.8,3.7,4.8,4.3,pollofpolls.no
Norfakta,Nat. / KK,2024-02-10,20.5,27.6,13.7,9.1,6.5,3.5,5.7,2.7,4.3,6.3,pollofpolls.no
Opinion,ABC / AT,2024-02-08,17.6,31.2,11.8,10.0,4.6,4.7,5.9,4.3,4.6,5.4,pollofpolls.no
Verian,TV2,2024-02-05,22.0,27.6,11.6,8.7,6.6,4.0,6.1,3.1,5.8,4.5,pollofpolls.no
InFact,Nettavisen,2024-02-02,18.8,26.8,14.6,10.3,5.8,4.2,5.9,4.0,5.7,4.0,pollofpolls.no
Norstat,NRK / Aftenp,2024-01-17,19.4,26.8,12.1,11.4,5.7,3.7,6.0,3.3,4.9,6.6,pollofpolls.no
Opinion,DA / FF / ANB,2024-01-10,19.4,26.0,12.8,11.1,6.2,3.8,4.8,3.6,6.2,6.2,pollofpolls.no
Verian,TV2,2024-01-10,19.2,27.3,11.4,10.7,6.9,3.5,7.2,2.9,4.8,6.1,pollofpolls.no
Respons Analyse,VG,2024-01-09,20.5,26.2,13.5,10.7,7.6,4.1,5.9,3.5,5.4,2.6,pollofpolls.no
InFact,Nettavisen,2024-01-09,18.5,23.5,14.5,9.1,7.8,4.6,5.3,3.6,5.6,7.6,pollofpolls.no
Norfakta,Nat. / KK,2024-01-06,19.0,25.2,14.2,10.6,6.6,4.1,5.9,3.5,4.3,6.6,pollofpolls.no
InFact,Nettavisen,2023-12-13,18.9,24.5,14.2,9.7,7.8,3.3,6.0,3.5,5.7,6.4,pollofpolls.no
Norstat,VL / Dagbl.,2023-12-12,17.9,27.3,12.2,12.0,6.5,3.7,5.5,4.8,6.0,4.5,pollofpolls.no
Respons Analyse,VG,2023-12-12,18.4,26.8,12.4,11.8,6.3,4.2,5.7,3.6,4.9,6.9,pollofpolls.no
Norfakta,Nat. / KK,2023-12-09,17.7,25.0,16.0,10.8,5.5,3.8,5.9,3.7,5.4,6.1,pollofpolls.no
Opinion,DA / FF / ANB,2023-12-06,19.9,23.9,14.2,9.9,7.4,3.8,6.1,3.3,4.9,6.6,pollofpolls.no
Norstat,NRK / Aftenp,2023-12-05,18.6,26.3,13.6,11.4,6.1,4.7,4.0,3.9,4.8,6.6,pollofpolls.no
Verian,TV2,2023-12-05,20.9,25.4,11.0,10.8,7.9,3.1,4.7,2.6,6.4,7.3,pollofpolls.no
Opinion,ABC / AT,2023-11-30,17.6,25.5,13.1,10.2,5.0,4.3,7.2,4.0,6.8,6.4,pollofpolls.no
Respons Analyse,VG,2023-11-14,18.4,26.9,13.3,9.3,6.4,4.7,6.8,3.5,5.4,5.3,pollofpolls.no
Norfakta,Nat. / KK,2023-11-11,22.2,27.2,11.1,10.3,6.5,3.7,5.5,2.9,4.9,5.7,pollofpolls.no
Opinion,DA / FF / ANB,2023-11-08,21.0,27.9,13.2,8.2,5.3,3.6,6.6,4.0,3.9,6.4,pollofpolls.no
Verian,TV2,2023-11-06,16.8,27.5,12.1,9.9,6.2,4.7,6.2,4.7,5.6,6.4,pollofpolls.no
InFact,Nettavisen,2023-11-04,19.8,24.1,14.8,9.3,5.0,3.9,5.0,4.4,5.9,7.9,pollofpolls.no
Opinion,ABC / AT,2023-11-03,18.0,26.3,13.3,11.0,5.9,3.8,5.8,4.4,4.9,6.6,pollofpolls.no
Norstat,NRK / Aftenp,2023-11-02,20.2,24.6,12.9,10.6,5.6,4.0,6.4,4.6,4.2,7.1,pollofpolls.no
Opinion,DA / FF / ANB,2023-10-11,19.3,25.1,13.3,9.9,7.6,3.6,5.2,3.8,4.7,7.5,pollofpolls.no
InFact,Nettavisen,2023-10-09,20.7,25.0,14.0,8.6,5.8,4.2,5.3,4.0,5.2,7.3,pollofpolls.no
Norfakta,Nat. / KK,2023-10-07,21.0,26.5,12.8,10.5,5.5,4.1,5.6,3.0,5.0,6.0,pollofpolls.no
Opinion,ABC / AT,2023-10-05,20.2,25.6,12.3,9.1,6.0,3.3,6.0,4.1,6.6,6.9,pollofpolls.no
Verian,TV2,2023-10-02,20.6,27.0,12.6,8.7,6.1,4.1,6.5,3.8,4.9,5.8,pollofpolls.no
Norstat,NRK / Aftenp,2023-09-28,21.0,27.6,11.6,8.7,6.6,3.0,5.8,3.8,5.3,3.5,pollofpolls.no
Respons Analyse,VG,2023-09-22,20.8,27.2,11.2,8.7,7.7,2.9,7.2,4.3,5.6,4.4,pollofpolls.no
Respons Analyse,VG,2023-09-09,20.3,29.0,12.4,7.4,7.1,4.1,4.8,4.9,4.6,5.4,pollofpolls.no
Norfakta,Nat. / KK,2023-09-09,19.8,27.8,13.1,8.5,6.9,3.4,6.2,4.0,4.1,6.3,pollofpolls.no
Opinion,DA / FF / FB,2023-09-08,20.7,28.3,13.0,7.2,6.6,3.9,5.1,3.7,4.5,7.2,pollofpolls.no
InFact,Nettavisen,2023-09-08,19.3,26.0,14.3,8.8,5.5,4.7,5.0,4.3,5.5,6.6,pollofpolls.no
Norstat,VL / Dagbl.,2023-09-07,17.5,27.5,13.8,10.2,6.8,3.5,5.4,3.7,6.0,5.5,pollofpolls.no
Opinion,ABC / AT,2023-09-06,20.9,30.0,12.8,10.0,4.7,3.7,4.6,3.3,4.6,5.3,pollofpolls.no
Norstat,NRK / Aftenp,2023-09-05,18.4,29.1,14.1,9.3,5.5,3.2,5.0,4.4,5.7,5.3,pollofpolls.no
Verian,TV2,2023-09-01,18.1,29.9,12.4,8.4,5.4,3.6,5.1,4.0,5.5,7.6,pollofpolls.no
Norstat,NRK / Aftenp,2023-08-16,17.4,31.1,12.7,9.6,6.6,3.1,4.5,3.2,5.3,6.5,pollofpolls.no
Opinion,DA / FF / ANB,2023-08-16,18.0,30.3,14.2,9.4,5.7,3.4,4.6,3.6,5.5,5.3,pollofpolls.no
Norstat,VL / Dagbl.,2023-08-15,19.1,28.3,12.2,8.1,6.3,3.9,6.3,4.2,4.1,7.5,pollofpolls.no
Respons Analyse,VG,2023-08-15,19.8,30.6,12.1,7.4,7.8,4.3,4.4,4.7,5.0,3.9,pollofpolls.no
Opinion,ABC / AT,2023-08-11,17.7,33.0,11.7,8.8,6.0,3.6,3.1,5.0,4.9,6.1,pollofpolls.no
Verian,TV2,2023-08-08,17.8,31.5,12.4,9.0,7.5,2.5,5.2,3.2,3.8,7.1,pollofpolls.no
InFact,Nettavisen,2023-08-08,19.1,26.8,13.8,8.7,7.3,2.9,6.0,3.2,5.4,6.7,pollofpolls.no
Norfakta,Nat. / KK,2023-08-05,18.8,31.8,12.2,9.1,4.9,4.3,4.8,3.8,5.6,4.7,pollofpolls.no
InFact,Nettavisen,2023-07-11,20.8,29.0,14.6,6.8,7.5,3.8,3.8,3.9,4.9,4.9,pollofpolls.no
Norfakta,Nat. / KK,2023-07-08,18.5,30.5,13.8,8.0,6.5,3.1,5.7,2.8,5.8,5.4,pollofpolls.no
Norstat,VL / Dagbl.,2023-06-20,20.1,30.9,11.5,7.6,6.7,3.9,4.7,3.6,5.1,5.9,pollofpolls.no
Respons Analyse,VG,2023-06-15,19.8,32.1,10.7,9.2,5.7,3.0,4.8,3.7,6.3,4.7,pollofpolls.no
InFact,Nettavisen,2023-06-13,19.9,29.8,11.7,8.4,6.2,4.4,4.4,3.6,4.7,6.9,pollofpolls.no
Norfakta,Nat. / KK,2023-06-10,18.4,31.6,13.0,7.9,6.5,4.1,4.0,3.3,5.8,5.4,pollofpolls.no
Opinion,DA / FF / ANB,2023-06-07,17.6,31.8,14.1,8.2,5.7,4.5,4.5,3.8,5.0,4.9,pollofpolls.no
Verian,TV2,2023-06-07,18.0,31.7,11.4,8.2,6.5,4.1,4.5,3.6,7.2,4.8,pollofpolls.no
Norstat,NRK / Aftenp,2023-06-02,18.7,31.0,13.4,7.4,7.1,2.9,4.6,3.2,6.6,5.1,pollofpolls.no
Opinion,ABC / AT,2023-06-01,16.3,32.1,13.2,8.3,5.2,3.1,4.5,3.8,8.6,4.8,pollofpolls.no
Norstat,VL / Dagbl.,2023-05-23,18.4,34.1,11.9,9.1,5.2,3.4,4.7,3.8,5.3,4.0,pollofpolls.no
Opinion,DA / FF / ANB,2023-05-11,17.9,30.3,13.4,8.1,6.5,4.1,4.2,3.7,7.0,4.7,pollofpolls.no
Respons Analyse,VG,2023-05-09,19.5,31.8,14.2,7.6,6.5,3.9,4.7,3.1,6.3,2.4,pollofpolls.no
Norfakta,Nat. / KK,2023-05-06,17.0,31.8,12.3,8.4,5.9,4.2,5.5,3.6,5.3,6.0,pollofpolls.no
Opinion,ABC / AT,2023-05-04,17.7,29.8,12.5,8.9,5.5,4.4,4.7,3.8,5.9,6.8,pollofpolls.no
InFact,Nettavisen,2023-05-04,18.8,32.1,10.9,9.1,6.5,4.2,3.7,4.9,5.1,4.8,pollofpolls.no
Norstat,NRK / Aftenp,2023-05-02,20.1,32.6,10.6,8.5,6.8,3.8,3.7,3.3,5.4,5.2,pollofpolls.no
Verian,TV2,2023-05-02,19.8,31.2,10.6,8.5,6.3,4.1,4.7,3.6,5.7,5.6,pollofpolls.no
Respons Analyse,VG,2023-04-19,18.6,31.8,12.8,8.0,5.6,3.9,4.6,4.2,5.2,5.3,pollofpolls.no
Norstat,VL / Dagbl.,2023-04-18,19.3,31.6,9.8,8.8,5.0,2.8,5.4,4.8,5.4,7.2,pollofpolls.no
Norfakta,Nat. / KK,2023-04-15,18.6,30.8,12.3,10.0,6.3,4.0,4.9,3.4,5.3,4.4,pollofpolls.no
InFact,Nettavisen,2023-04-13,17.6,32.2,11.1,8.0,5.7,4.6,5.5,3.2,6.2,5.9,pollofpolls.no
Opinion,DA / FF / ANB,2023-04-12,16.9,32.2,14.8,6.8,5.8,3.9,4.6,3.6,6.6,4.8,pollofpolls.no
Verian,TV2,2023-04-03,18.0,30.6,12.6,9.9,5.6,3.1,4.3,4.0,6.4,5.6,pollofpolls.no
Norstat,NRK / Aftenp,2023-03-31,17.1,33.8,10.6,9.6,5.7,3.7,4.9,2.8,5.6,6.2,pollofpolls.no
Opinion,ABC / AT,2023-03-30,16.2,34.2,12.5,8.1,5.8,4.0,5.4,2.9,6.1,4.9,pollofpolls.no
Norstat,VL / Dagbl.,2023-03-21,17.0,34.6,11.4,10.2,5.5,4.0,5.0,2.9,6.3,3.1,pollofpolls.no
Respons Analyse,VG,2023-03-14,18.1,30.9,10.0,9.1,6.3,3.9,5.5,4.0,6.3,5.4,pollofpolls.no
Norfakta,Nat. / KK,2023-03-11,16.5,32.9,11.0,10.6,7.2,3.7,3.6,3.3,5.4,5.8,pollofpolls.no
InFact,Nettavisen,2023-03-09,19.6,28.9,13.7,7.5,4.9,3.8,4.9,5.2,6.8,4.7,pollofpolls.no
Opinion,DA / FF / ANB,2023-03-08,15.5,36.9,12.2,7.9,6.2,4.1,4.8,2.4,5.0,5.1,pollofpolls.no
Verian,TV2,2023-03-06,16.5,29.9,14.4,9.4,6.6,4.3,4.7,3.5,5.7,5.0,pollofpolls.no
Opinion,ABC / AT,2023-03-02,16.0,32.5,13.6,9.2,6.0,3.4,3.9,3.4,6.9,5.0,pollofpolls.no
Norstat,NRK / Aftenp,2023-03-01,18.5,30.6,11.8,9.0,7.2,3.5,5.1,3.6,7.0,3.7,pollofpolls.no
Respons Analyse,VG,2023-02-14,18.6,32.4,12.8,9.5,5.3,3.5,4.8,2.3,6.3,4.5,pollofpolls.no
Norfakta,Nat. / KK,2023-02-11,21.0,34.6,10.9,6.9,5.4,4.6,4.3,2.2,6.5,3.8,pollofpolls.no
Opinion,DA / FF / ANB,2023-02-08,16.8,31.9,12.8,8.8,5.1,3.9,4.1,3.6,7.9,5.1,pollofpolls.no
InFact,Nettavisen,2023-02-07,21.2,30.8,12.3,8.2,5.6,3.3,3.1,3.5,6.9,5.1,pollofpolls.no
Verian,TV2,2023-02-07,16.9,29.0,13.1,10.0,7.4,2.4,4.6,3.8,6.8,6.0,pollofpolls.no
Norstat,NRK / Aftenp,2023-02-02,17.5,31.0,14.5,8.8,5.4,3.5,4.9,4.0,6.0,4.3,pollofpolls.no
Opinion,ABC / AT,2023-02-01,17.4,31.9,12.6,8.0,5.5,4.0,5.0,4.3,6.4,5.0,pollofpolls.no
InFact,Nettavisen,2023-01-13,20.5,29.1,13.1,7.8,6.0,4.2,3.9,3.4,6.8,5.3,pollofpolls.no
Opinion,DA / FF / ANB,2023-01-11,18.5,33.5,12.4,7.6,7.1,3.6,3.4,2.6,6.2,5.1,pollofpolls.no
Respons Analyse,VG,2023-01-10,19.2,30.1,13.1,8.7,6.9,2.8,4.8,3.9,5.8,4.7,pollofpolls.no
Opinion,ABC / AT,2023-01-10,17.7,31.0,13.2,9.5,6.3,2.4,4.0,4.1,6.9,4.9,pollofpolls.no
Verian,TV2,2023-01-09,19.5,30.4,13.9,8.7,6.2,3.0,4.6,3.2,6.3,4.3,pollofpolls.no
Norfakta,Nat. / KK,2023-01-07,19.1,31.3,12.5,9.4,4.5,3.9,4.0,4.2,6.5,4.5,pollofpolls.no
Norstat,NRK / Aftenp,2023-01-03,19.4,30.9,11.9,8.4,5.9,2.6,5.1,4.0,5.4,6.2,pollofpolls.no
Norstat,VL,2022-12-20,14.6,35.6,14.2,8.8,3.8,3.1,4.2,4.1,7.7,3.9,pollofpolls.no
Ipsos,Dagbladet,2022-12-17,19.9,29.1,11.8,9.6,6.2,3.4,4.6,4.1,6.3,5.0,pollofpolls.no
Sentio,NA / Amedia,2022-12-14,17.7,32.8,10.2,9.3,5.9,2.8,4.6,4.1,7.5,5.1,pollofpolls.no
Respons Analyse,VG,2022-12-13,18.2,32.8,13.4,9.3,4.5,3.7,3.6,2.6,7.2,4.7,pollofpolls.no
Norfakta,Nat. / KK,2022-12-10,16.3,32.8,11.6,9.5,7.1,3.3,4.5,3.6,7.2,4.1,pollofpolls.no
Opinion,DA / FF / ANB,2022-12-07,18.1,32.7,12.2,9.5,5.4,3.4,5.8,3.2,6.7,2.9,pollofpolls.no
Verian,TV2,2022-12-05,19.8,30.9,10.6,8.9,5.1,2.9,5.6,4.1,7.4,4.8,pollofpolls.no
Opinion,ABC / AT,2022-11-30,17.4,31.6,13.3,8.1,3.5,3.7,3.4,3.9,9.5,5.7,pollofpolls.no
Norstat,NRK / Aftenp,2022-11-30,17.1,30.1,12.8,8.6,5.9,3.4,4.6,3.9,7.3,6.1,pollofpolls.no
Ipsos,Dagbladet,2022-11-24,19.8,29.8,14.7,8.4,4.8,3.1,6.0,3.3,5.9,4.2,pollofpolls.no
Norstat,VL,2022-11-22,15.4,33.6,12.7,9.2,5.0,2.8,4.9,3.3,6.3,6.8,pollofpolls.no
Sentio,NA / Amedia,2022-11-16,16.7,31.6,13.4,10.0,4.5,4.6,4.4,4.8,4.7,5.4,pollofpolls.no
Respons Analyse,VG,2022-11-15,18.5,32.0,11.9,8.5,6.6,3.3,5.0,3.9,6.1,4.2,pollofpolls.no
Opinion,DA / FF / ANB,2022-11-09,16.9,32.3,13.8,8.7,5.3,4.5,3.1,3.4,7.5,4.4,pollofpolls.no
Norfakta,Nat. / KK,2022-11-05,20.5,29.4,13.1,7.3,6.0,3.3,5.3,4.0,6.9,4.2,pollofpolls.no
Verian,TV2,2022-11-02,19.1,28.6,12.1,8.6,6.2,3.7,4.6,3.8,7.9,5.5,pollofpolls.no
InFact,FB,2022-11-02,19.7,28.7,15.0,8.1,5.5,3.7,5.0,3.8,6.0,4.5,pollofpolls.no
Norstat,NRK / Aftenp,2022-11-01,18.2,32.4,14.7,8.4,4.3,3.6,3.4,3.7,5.9,5.4,pollofpolls.no
Ipsos,Dagbladet,2022-10-27,18.1,29.3,13.1,10.1,6.9,3.7,3.8,4.9,6.4,3.7,pollofpolls.no
Norstat,VL,2022-10-26,18.0,28.9,13.2,8.9,6.0,4.0,5.1,4.4,6.7,4.9,pollofpolls.no
Sentio,NA / Amedia,2022-10-20,18.1,29.3,13.7,9.3,5.2,3.7,4.0,3.8,7.1,6.0,pollofpolls.no
Norfakta,Nat. / KK,2022-10-15,20.5,30.5,12.3,10.1,5.9,3.6,5.0,3.4,5.4,3.4,pollofpolls.no
Respons Analyse,VG,2022-10-11,20.0,30.0,13.1,9.8,5.5,2.9,4.1,3.7,7.0,3.9,pollofpolls.no
Opinion,DA / FF / ANB,2022-10-11,22.6,30.2,13.6,8.2,5.6,3.4,3.4,2.9,5.4,4.7,pollofpolls.no
Norstat,NRK / Aftenp,2022-10-05,19.9,29.2,14.4,9.1,6.2,3.4,3.4,3.1,7.0,4.3,pollofpolls.no
Verian,TV2,2022-10-04,19.4,26.1,14.2,7.2,6.7,3.5,4.4,4.2,8.1,6.1,pollofpolls.no
Ipsos,Dagbladet,2022-09-29,19.4,28.2,15.5,6.3,7.7,2.7,4.1,3.4,8.4,4.4,pollofpolls.no
Norstat,VL,2022-09-27,20.5,28.2,15.5,7.6,3.9,4.4,4.3,2.8,8.3,4.4,pollofpolls.no
Sentio,Nettavisen,2022-09-20,19.1,26.6,16.7,7.4,5.4,4.3,5.0,4.0,7.5,4.2,pollofpolls.no
Opinion,DA / FF / ANB,2022-09-14,21.5,28.3,11.0,9.5,6.3,2.7,4.5,3.0,8.6,4.7,pollofpolls.no
Respons Analyse,VG,2022-09-13,19.8,30.2,12.7,8.9,6.0,3.3,4.9,3.5,6.5,4.2,pollofpolls.no
Norfakta,Nat. / KK,2022-09-10,19.2,28.7,14.1,9.2,6.5,3.7,4.6,4.0,6.0,4.0,pollofpolls.no
Norstat,NRK / Aftenp,2022-09-06,19.6,32.4,12.6,7.4,6.4,3.1,5.3,3.4,6.8,3.0,pollofpolls.no
Verian,TV2,2022-09-05,20.8,27.8,14.1,8.4,4.6,3.5,4.5,3.7,8.2,4.5,pollofpolls.no
Norstat,VL,2022-08-31,21.5,29.3,13.5,7.3,5.7,3.4,4.2,3.1,8.5,3.7,pollofpolls.no
Ipsos,Dagbladet,2022-08-26,21.6,27.2,15.1,7.4,5.7,3.8,4.2,3.5,7.4,4.1,pollofpolls.no
Sentio,NA / Amedia,2022-08-24,20.2,28.9,13.4,8.7,6.9,4.9,3.8,3.8,5.8,3.5,pollofpolls.no
Norstat,NRK / Aftenp,2022-08-17,19.4,30.0,14.4,8.9,5.9,3.8,4.6,3.7,5.8,3.5,pollofpolls.no
Respons Analyse,VG,2022-08-16,19.9,28.9,12.3,9.5,6.6,3.9,4.1,3.8,7.5,3.5,pollofpolls.no
Opinion,DA / FF / ANB,2022-08-10,19.3,29.1,14.8,8.4,6.0,3.2,5.0,3.1,5.1,5.9,pollofpolls.no
Verian,TV2,2022-08-08,20.4,27.2,13.2,9.9,6.8,3.3,4.9,3.6,7.0,3.7,pollofpolls.no
Norfakta,Nat. / KK,2022-08-06,22.2,28.7,13.3,8.5,7.2,2.9,3.7,4.1,6.4,3.0,pollofpolls.no
Norfakta,Nat. / KK,2022-07-09,21.2,28.9,14.0,10.0,5.6,3.2,4.0,3.6,5.4,4.1,pollofpolls.no
Verian,TV2,2022-07-02,21.4,29.5,13.1,8.3,6.7,3.1,4.4,3.0,6.9,3.9,pollofpolls.no
Ipsos,Dagbladet,2022-06-30,23.1,26.8,14.8,9.0,4.7,3.6,4.0,3.5,6.3,4.2,pollofpolls.no
Norstat,VL,2022-06-23,20.5,29.1,15.8,8.5,7.3,2.6,3.5,3.8,5.3,3.6,pollofpolls.no
Sentio,NA / Amedia,2022-06-15,22.2,24.6,14.6,9.5,7.0,3.5,4.6,4.3,5.7,3.9,pollofpolls.no
Respons Analyse,VG,2022-06-14,20.2,26.8,14.0,9.0,7.4,3.9,4.9,4.0,6.8,3.0,pollofpolls.no
Norfakta,Nat. / KK,2022-06-11,23.0,27.8,13.1,8.3,6.9,3.8,5.3,3.0,5.6,3.2,pollofpolls.no
Opinion,DA / FF / ANB,2022-06-08,19.7,28.0,14.1,9.3,9.2,2.8,4.2,2.9,5.4,4.5,pollofpolls.no
Verian,TV2,2022-06-07,21.8,26.3,13.9,10.0,7.7,2.0,5.1,2.7,7.0,3.5,pollofpolls.no
Ipsos,Dagbladet,2022-05-31,21.6,25.7,13.0,8.4,7.4,3.6,6.1,4.1,6.9,3.1,pollofpolls.no
Norstat,NRK / Aftenp,2022-05-31,21.8,26.7,13.0,9.7,6.3,3.2,5.4,3.6,5.4,5.0,pollofpolls.no
Norstat,VL,2022-05-25,23.9,26.8,12.8,7.3,6.1,4.7,4.7,3.0,6.5,4.3,pollofpolls.no
Sentio,NA / Amedia,2022-05-18,21.3,28.8,13.4,7.1,8.4,3.5,4.9,3.2,6.0,3.3,pollofpolls.no
Opinion,DA / FF / ANB,2022-05-11,22.8,27.0,13.9,7.9,6.9,4.4,3.8,2.6,6.8,3.8,pollofpolls.no
Respons Analyse,VG,2022-05-10,22.1,29.0,12.8,8.4,6.4,3.8,4.4,3.3,5.7,4.1,pollofpolls.no
Norfakta,Nat. / KK,2022-05-07,23.1,26.4,13.0,7.9,8.0,3.6,4.9,3.5,6.0,3.6,pollofpolls.no
Norstat,NRK / Aftenp,2022-05-04,24.8,26.5,13.0,7.6,6.6,3.0,5.0,3.3,6.7,3.6,pollofpolls.no
Verian,TV2,2022-05-03,23.1,28.4,11.5,8.2,7.4,3.5,4.4,4.1,6.5,2.7,pollofpolls.no
Ipsos,Dagbladet,2022-04-30,23.8,26.2,10.6,8.6,9.4,3.4,5.5,3.9,5.9,2.7,pollofpolls.no
Norstat,VL,2022-04-28,20.9,28.3,14.3,9.6,5.5,3.1,4.3,3.2,6.6,4.2,pollofpolls.no
Sentio,NA / Amedia,2022-04-11,24.5,27.6,11.2,6.0,8.6,3.2,5.7,3.9,5.7,3.6,pollofpolls.no
Norfakta,Nat. / KK,2022-04-09,23.8,29.6,11.3,8.7,6.1,2.5,4.4,3.3,7.2,3.1,pollofpolls.no
Respons Analyse,VG,2022-04-08,23.1,27.6,13.3,7.8,8.0,4.0,3.7,2.9,6.2,3.4,pollofpolls.no
Opinion,DA / FF / ANB,2022-04-06,25.8,25.6,12.7,7.1,7.1,3.4,5.6,3.2,6.4,3.2,pollofpolls.no
Verian,TV2,2022-04-04,23.2,27.7,13.9,8.3,6.6,3.3,4.3,3.4,5.0,4.4,pollofpolls.no
Norstat,NRK / Aftenp,2022-03-29,20.9,27.3,12.5,7.8,8.5,4.6,4.1,4.2,6.9,3.2,pollofpolls.no
Ipsos,Dagbladet,2022-03-24,24.0,26.4,13.2,7.1,7.6,3.1,4.3,2.6,6.6,5.1,pollofpolls.no
Norstat,VL,2022-03-23,22.6,28.6,11.2,5.9,6.6,3.3,3.9,4.2,8.5,5.2,pollofpolls.no
Respons Analyse,VG,2022-03-15,23.0,25.5,13.3,7.4,8.0,3.6,4.9,4.2,6.5,3.6,pollofpolls.no
Sentio,NA / Amedia,2022-03-15,22.5,27.5,10.4,8.7,9.2,2.5,4.9,2.9,7.2,4.1,pollofpolls.no
Opinion,DA / FF / ANB,2022-03-09,23.6,26.9,11.6,6.5,7.5,3.8,4.3,4.4,8.0,3.4,pollofpolls.no
Norfakta,Nat. / KK,2022-03-05,21.8,25.8,11.1,8.7,9.7,3.1,5.1,4.3,7.3,3.1,pollofpolls.no
Ipsos,Dagbladet,2022-03-02,25.5,26.8,10.5,8.1,8.0,2.7,4.7,2.8,8.1,2.9,pollofpolls.no
Norstat,NRK / Aftenp,2022-03-02,22.6,24.9,10.9,7.9,9.1,4.2,4.3,3.4,8.9,4.0,pollofpolls.no
Verian,TV2,2022-03-01,21.7,26.4,10.0,9.5,8.4,3.9,5.1,3.6,7.8,3.6,pollofpolls.no
Norstat,VL,2022-02-24,22.8,25.4,11.3,8.3,7.5,2.4,4.6,3.0,10.5,4.3,pollofpolls.no
Sentio,NA / Amedia,2022-02-15,21.9,24.9,11.4,10.6,7.9,3.1,4.9,3.3,8.1,3.8,pollofpolls.no
Respons Analyse,VG,2022-02-15,22.0,25.3,12.5,8.9,8.2,3.0,3.5,3.3,9.4,3.9,pollofpolls.no
Opinion,DA / FF / ANB,2022-02-09,21.9,25.8,9.8,8.2,9.5,3.6,4.4,3.3,10.3,3.1,pollofpolls.no
Norfakta,Nat. / KK,2022-02-05,23.4,25.8,12.2,8.5,7.2,3.7,5.0,2.6,8.4,3.3,pollofpolls.no
Norstat,NRK / Aftenp,2022-02-02,20.0,26.2,12.2,10.4,8.7,3.6,3.8,3.3,8.3,3.5,pollofpolls.no
Verian,TV2,2022-02-01,21.2,25.4,11.4,9.7,9.0,3.3,4.8,3.0,8.4,3.8,pollofpolls.no
Ipsos,Dagbladet,2022-01-27,22.4,24.3,12.6,9.9,10.2,3.3,3.4,4.2,6.1,3.6,pollofpolls.no
Norstat,VL,2022-01-26,20.8,27.1,11.2,8.5,8.8,3.1,3.7,3.5,9.5,3.8,pollofpolls.no
Sentio,NA / Amedia,2022-01-18,22.3,25.6,12.0,9.2,9.3,5.0,4.1,3.8,5.8,3.0,pollofpolls.no
Opinion,DA / FF / ANB,2022-01-12,18.9,26.6,12.8,9.7,9.4,2.8,4.2,4.8,7.8,2.9,pollofpolls.no
Respons Analyse,VG,2022-01-11,23.5,25.6,10.6,9.4,9.8,2.7,4.4,4.3,6.6,3.1,pollofpolls.no
Verian,TV2,2022-01-10,21.7,23.7,11.4,9.1,10.7,2.9,5.1,4.3,6.2,4.8,pollofpolls.no
Norfakta,Nat. / KK,2022-01-08,24.3,24.9,10.9,8.4,9.9,3.7,4.4,3.6,7.1,2.9,pollofpolls.no
Norstat,NRK / Aftenp,2022-01-05,21.1,24.7,13.9,9.2,9.8,3.2,4.9,3.3,6.2,3.6,pollofpolls.no
InFact,Nettavisen,2021-12-23,21.6,25.4,13.8,9.1,9.9,3.2,4.7,3.4,6.1,2.8,pollofpolls.no
Norstat,VL,2021-12-21,22.7,23.3,11.0,9.3,10.1,3.6,5.3,3.7,7.6,3.4,pollofpolls.no
Ipsos,Dagbladet,2021-12-20,20.7,24.8,12.8,9.4,10.4,2.9,6.3,2.8,5.8,4.1,pollofpolls.no
Respons Analyse,VG,2021-12-15,22.6,26.3,11.4,10.4,10.0,3.4,4.0,3.5,6.1,2.3,pollofpolls.no
Sentio,NA / Amedia,2021-12-14,25.0,23.0,11.7,8.1,9.9,3.5,5.8,3.5,5.6,3.8,pollofpolls.no
Norfakta,Nat. / KK,2021-12-11,21.7,24.8,11.1,9.6,12.3,3.5,5.1,3.6,5.1,3.2,pollofpolls.no
Opinion,DA / FF / ANB,2021-12-09,23.9,23.1,11.1,9.2,12.0,3.1,4.8,3.0,6.9,3.0,pollofpolls.no
Verian,TV2,2021-12-07,23.4,24.6,10.0,9.8,10.7,3.4,5.1,3.3,4.9,4.8,pollofpolls.no
Norstat,NRK / Aftenp,2021-12-01,25.0,22.1,12.0,10.3,12.4,2.6,3.5,3.7,5.0,3.3,pollofpolls.no
Ipsos,Dagbladet,2021-11-29,24.0,22.3,11.3,9.3,13.4,2.5,4.5,4.2,5.4,3.1,pollofpolls.no
Norstat,VL,2021-11-24,24.3,20.5,13.0,9.9,11.6,3.4,4.4,3.4,6.5,3.1,pollofpolls.no
Sentio,NA / Amedia,2021-11-18,27.3,20.7,11.1,8.5,11.4,3.9,5.0,4.1,5.1,2.9,pollofpolls.no
Respons Analyse,VG,2021-11-17,25.5,21.7,11.0,8.5,13.1,2.8,5.2,4.1,4.8,3.3,pollofpolls.no
Opinion,DA / FF / ANB,2021-11-10,26.0,20.9,12.0,8.8,13.3,3.6,4.8,3.0,5.3,2.2,pollofpolls.no
Norfakta,Nat. / KK,2021-11-06,27.9,21.7,10.0,8.2,12.7,3.3,4.7,4.1,4.6,2.8,pollofpolls.no
Norstat,NRK / Aftenp,2021-11-03,26.8,21.2,9.8,8.2,14.0,3.0,4.4,4.2,5.9,2.5,pollofpolls.no
Verian,TV2,2021-11-02,26.8,21.4,11.5,8.6,12.0,3.2,4.3,3.7,5.3,3.2,pollofpolls.no
Ipsos,Dagbladet,2021-10-31,25.7,20.7,9.8,8.3,15.0,4.0,4.1,3.4,4.9,4.0,pollofpolls.no
Norstat,VL,2021-10-27,28.0,21.1,11.0,8.9,13.2,3.1,4.7,3.2,4.7,2.2,pollofpolls.no
Sentio,NA / Amedia,2021-10-20,27.4,21.0,11.0,8.6,12.8,2.7,4.6,3.9,4.8,3.2,pollofpolls.no
Respons Analyse,VG,2021-10-20,26.7,21.2,10.3,9.3,12.4,3.4,5.4,3.7,4.8,2.8,pollofpolls.no
Opinion,DA / FF / ANB,2021-10-13,25.8,21.5,11.0,8.5,13.1,3.8,4.7,3.8,5.3,2.6,pollofpolls.no
Norfakta,Nat. / KK,2021-10-09,26.0,20.6,11.6,8.9,13.7,4.1,4.3,3.5,4.7,2.6,pollofpolls.no
Norstat,NRK / Aftenp,2021-10-05,25.6,20.5,12.0,9.0,13.1,3.4,4.5,3.7,4.9,3.4,pollofpolls.no
Verian,TV2,2021-10-05,27.9,18.9,11.7,8.3,13.2,3.2,4.3,4.2,5.4,2.9,pollofpolls.no
Norstat,VL,2021-09-29,27.3,20.8,11.2,8.7,12.8,3.5,4.3,4.4,4.0,3.2,pollofpolls.no
Sentio,NA / Amedia,2021-09-24,28.2,20.0,11.2,7.5,12.0,3.1,4.1,5.5,5.4,2.9,pollofpolls.no
Verian,TV2,2021-09-11,24.6,19.0,12.3,8.7,12.7,3.8,4.5,5.1,5.7,3.6,pollofpolls.no
Norfakta,Nat. / KK,2021-09-11,24.0,19.1,11.8,8.2,14.8,3.6,3.8,5.9,5.4,3.5,pollofpolls.no
Opinion,DA / FF / ANB,2021-09-10,26.9,18.9,11.9,7.7,14.8,3.3,4.5,4.8,4.6,2.5,pollofpolls.no
Verian,TV2,2021-09-10,24.5,19.4,11.3,9.1,13.2,4.2,4.4,4.9,5.9,3.3,pollofpolls.no
Ipsos,Dagbladet,2021-09-09,22.9,17.0,11.8,11.8,12.2,4.2,6.1,4.3,6.0,3.7,pollofpolls.no
Verian,TV2,2021-09-09,23.9,19.1,10.9,9.2,12.7,4.9,4.8,4.7,6.7,3.3,pollofpolls.no
Norstat,DN,2021-09-09,24.6,18.8,11.9,9.0,11.6,3.9,5.8,4.9,4.6,4.9,pollofpolls.no
Respons Analyse,BT / VG,2021-09-09,26.6,18.0,12.4,9.4,11.1,4.5,3.9,4.2,6.0,3.9,pollofpolls.no
Verian,TV2,2021-09-08,23.7,19.1,11.2,9.3,13.4,4.5,4.6,4.7,6.4,3.1,pollofpolls.no
Norstat,NRK / Aftenp,2021-09-07,23.9,18.5,12.4,8.6,14.3,3.4,3.6,5.4,5.2,4.7,pollofpolls.no
Verian,TV2,2021-09-07,23.8,18.6,11.1,8.9,13.8,4.3,4.8,5.0,6.2,3.7,pollofpolls.no
Verian,TV2,2021-09-06,23.3,19.4,10.9,9.5,14.0,4.1,4.7,4.7,5.6,3.8,pollofpolls.no
Verian,TV2,2021-09-05,23.4,20.5,10.0,9.4,14.0,3.6,4.6,4.3,5.4,4.9,pollofpolls.no
Verian,TV2,2021-09-02,23.2,21.2,9.0,9.5,12.4,4.3,4.8,5.0,5.1,5.4,pollofpolls.no
Respons Analyse,BT / VG,2021-09-02,23.2,20.1,11.5,10.4,12.6,3.6,5.5,4.9,4.6,3.6,pollofpolls.no
Verian,TV2,2021-09-01,23.4,21.5,10.7,9.7,11.0,4.1,4.8,5.0,4.9,4.9,pollofpolls.no
Norstat,Aftenp.,2021-09-01,23.1,19.6,11.3,10.6,12.2,4.7,4.5,4.8,5.0,3.9,pollofpolls.no
Verian,TV2,2021-08-29,22.6,19.2,11.8,10.2,11.5,3.8,4.4,5.0,7.2,4.3,pollofpolls.no
Ipsos,Dagbladet,2021-08-27,23.6,20.0,12.5,9.7,12.5,2.6,3.4,6.3,4.6,4.7,pollofpolls.no
Norstat,DN,2021-08-26,26.2,20.0,11.3,8.0,12.0,3.3,4.9,5.7,4.9,3.8,pollofpolls.no
Respons Analyse,BT / VG,2021-08-26,26.6,21.1,9.4,6.7,11.9,4.4,4.5,6.7,5.3,3.4,pollofpolls.no
Verian,TV2,2021-08-25,22.4,20.5,10.7,9.9,11.2,3.7,4.8,5.3,6.3,5.2,pollofpolls.no
Sentio,Nettavisen,2021-08-24,23.9,19.1,9.8,8.8,13.2,3.9,3.8,7.2,5.4,4.9,pollofpolls.no
Norstat,Aftenp.,2021-08-23,26.8,18.9,10.5,9.5,12.8,3.6,3.8,5.3,4.7,4.2,pollofpolls.no
Verian,TV2,2021-08-22,22.7,19.7,9.3,9.5,13.0,3.4,4.4,5.1,5.9,7.0,pollofpolls.no
Respons Analyse,BT / VG,2021-08-19,24.9,20.3,11.6,9.5,11.3,4.2,5.0,5.8,4.7,2.7,pollofpolls.no
Norstat,NRK / Aftenp,2021-08-17,22.1,21.9,8.6,7.6,17.1,2.9,4.1,6.7,3.2,5.8,pollofpolls.no
Verian,TV2,2021-08-15,22.8,21.2,7.7,9.3,13.7,5.1,3.4,6.3,5.1,5.6,pollofpolls.no
Norstat,DN,2021-08-12,24.0,19.1,10.1,8.6,16.1,3.2,4.3,5.9,4.6,4.1,pollofpolls.no
Respons Analyse,VG,2021-08-12,24.8,18.9,11.4,9.4,15.3,3.3,4.0,5.1,4.3,3.5,pollofpolls.no
Opinion,DA / FF / ANB,2021-08-11,22.6,21.2,9.3,8.8,19.2,4.0,3.8,3.5,3.8,3.8,pollofpolls.no
Verian,TV2,2021-08-09,23.5,18.2,9.3,8.6,16.4,3.8,3.2,4.5,7.5,5.0,pollofpolls.no
Norfakta,Nat. / KK,2021-08-07,23.7,20.8,10.9,8.6,15.8,2.8,4.5,4.5,5.3,3.0,pollofpolls.no
Norstat,DN,2021-07-30,26.9,19.5,11.6,8.0,15.0,3.0,3.6,4.1,5.5,2.8,pollofpolls.no
Norfakta,Nat. / KK,2021-07-10,23.8,20.2,10.3,8.8,16.9,3.1,4.0,3.9,6.0,3.0,pollofpolls.no
Verian,TV2,2021-07-05,22.4,19.7,10.6,7.3,19.1,3.8,2.8,4.9,5.4,4.1,pollofpolls.no
Ipsos,Dagbladet,2021-07-02,23.9,20.7,7.2,6.6,19.3,2.7,3.4,5.0,5.5,5.7,pollofpolls.no
Norstat,DN,2021-06-25,27.0,21.1,9.4,8.8,15.0,3.5,2.5,4.2,4.9,3.5,pollofpolls.no
Norstat,VL,2021-06-23,24.9,22.1,9.6,8.4,17.5,2.7,2.6,2.8,5.8,3.5,pollofpolls.no
Sentio,NA / Amedia,2021-06-16,23.9,21.9,10.1,7.0,18.7,3.3,2.8,5.0,4.8,2.4,pollofpolls.no
Respons Analyse,BT / VG,2021-06-15,23.6,21.4,10.5,8.2,18.2,3.3,2.8,3.7,4.6,3.7,pollofpolls.no
Norstat,NRK,2021-06-14,24.1,23.0,10.2,7.8,17.7,3.6,2.7,3.7,4.2,3.2,pollofpolls.no
Opinion,DA / FF / ANB,2021-06-09,24.3,22.8,10.3,6.1,18.7,3.7,2.3,4.7,4.7,2.5,pollofpolls.no
Norfakta,Nat. / KK,2021-06-05,23.5,22.3,10.9,8.1,17.6,2.9,2.9,4.0,5.6,2.3,pollofpolls.no
Norstat,NRK / Aftenp,2021-06-02,24.5,21.2,10.7,7.3,17.0,3.0,3.1,4.2,5.9,3.0,pollofpolls.no
Verian,TV2,2021-06-01,24.7,18.2,9.8,8.5,17.5,3.4,4.1,4.5,6.5,2.7,pollofpolls.no
Ipsos,Dagbladet,2021-05-28,25.7,21.1,10.1,7.6,16.4,3.3,2.6,4.7,4.0,4.5,pollofpolls.no
Norstat,DN,2021-05-28,24.5,22.8,10.9,7.8,16.2,2.9,3.2,5.3,3.9,2.6,pollofpolls.no
Norstat,VL,2021-05-27,25.0,23.7,9.9,7.5,16.2,3.6,2.7,2.6,4.9,4.0,pollofpolls.no
Sentio,NA / Amedia,2021-05-19,25.3,22.1,12.0,7.3,14.6,3.8,3.4,5.1,4.6,1.7,pollofpolls.no
Opinion,DA / FF / ANB,2021-05-13,25.6,22.0,8.7,9.3,16.3,4.1,3.3,5.0,4.4,1.4,pollofpolls.no
Respons Analyse,VG,2021-05-11,21.5,22.0,10.8,8.0,18.3,4.1,3.6,4.2,4.0,3.5,pollofpolls.no
Norfakta,Nat. / KK,2021-05-08,24.4,23.9,10.0,8.0,14.8,3.9,3.9,3.8,4.2,3.1,pollofpolls.no
Norstat,NRK / Aftenp,2021-05-04,23.1,21.1,11.3,8.8,17.5,4.2,3.1,4.0,4.4,2.4,pollofpolls.no
Verian,TV2,2021-05-03,21.1,24.3,8.6,8.1,18.4,4.5,4.1,2.1,4.6,4.1,pollofpolls.no
Ipsos,Dagbladet,2021-04-29,23.5,20.4,9.5,8.5,17.5,4.0,3.7,3.9,4.5,4.5,pollofpolls.no
Norstat,VL,2021-04-29,25.6,21.8,10.0,7.4,17.8,3.8,3.1,3.6,3.7,3.2,pollofpolls.no
Norstat,NRK,2021-04-22,23.3,24.7,11.1,7.0,17.1,3.4,2.9,3.9,3.7,3.0,pollofpolls.no
Sentio,NA / Amedia,2021-04-20,24.8,24.1,10.0,7.3,17.1,3.1,2.9,4.4,4.1,2.1,pollofpolls.no
Opinion,DA / FF / ANB,2021-04-14,23.1,21.7,9.5,7.7,19.0,3.1,3.3,5.7,4.0,3.0,pollofpolls.no
Respons Analyse,BT / VG,2021-04-13,25.4,26.6,8.3,7.7,14.0,3.2,3.2,4.4,4.8,2.4,pollofpolls.no
Norfakta,Nat. / KK,2021-04-10,22.5,24.2,10.5,9.8,18.8,2.4,1.9,4.1,4.0,1.7,pollofpolls.no
Verian,TV2,2021-04-08,20.6,24.2,10.2,8.4,18.7,4.1,2.3,4.3,4.4,2.7,pollofpolls.no
Norstat,NRK / Aftenp,2021-03-31,23.3,25.2,10.2,6.9,16.6,3.2,4.0,4.9,3.8,1.8,pollofpolls.no
Ipsos,Dagbladet,2021-03-25,24.3,20.9,11.5,7.4,16.7,2.9,2.9,3.4,4.9,5.1,pollofpolls.no
Norstat,VL,2021-03-24,20.5,23.8,9.9,7.5,20.5,4.1,2.4,3.3,4.1,4.1,pollofpolls.no
Sentio,NA / Amedia,2021-03-16,23.5,22.7,12.0,7.8,18.6,2.4,2.9,3.3,4.1,2.7,pollofpolls.no
Respons Analyse,VG,2021-03-11,22.2,27.8,7.8,7.7,18.6,2.5,3.3,3.6,4.7,1.8,pollofpolls.no
Opinion,DA / FF / ANB,2021-03-10,22.7,22.8,9.2,7.8,20.7,2.9,2.2,4.1,4.9,2.6,pollofpolls.no
Norfakta,Nat. / KK,2021-03-06,24.3,23.9,10.0,7.5,17.7,2.7,3.9,3.5,3.8,2.9,pollofpolls.no
Verian,TV2,2021-03-02,18.2,25.6,7.2,8.6,19.2,3.3,2.9,4.0,6.8,4.2,pollofpolls.no
Norstat,NRK / Aftenp,2021-03-02,21.0,24.6,9.7,7.4,22.2,3.9,2.8,3.9,2.8,1.6,pollofpolls.no
Ipsos,Dagbladet,2021-02-25,20.3,23.1,12.9,7.8,17.7,3.3,4.6,3.7,2.7,3.9,pollofpolls.no
Norstat,VL,2021-02-24,20.6,27.6,8.3,6.1,18.6,3.6,2.3,5.2,4.8,3.0,pollofpolls.no
Sentio,NA / Amedia,2021-02-16,21.0,26.9,7.5,8.6,18.4,3.3,2.7,4.7,3.8,3.0,pollofpolls.no
Opinion,DA / FF / ANB,2021-02-10,24.6,25.1,8.1,7.4,19.1,3.2,3.2,4.0,2.9,2.5,pollofpolls.no
Norfakta,Nat. / KK,2021-02-06,21.3,27.3,6.4,7.5,19.7,2.7,4.0,5.0,3.8,2.3,pollofpolls.no
Norstat,NRK / Aftenp,2021-02-03,20.7,22.8,8.3,8.3,21.9,3.5,2.4,4.8,3.9,3.3,pollofpolls.no
Respons Analyse,VG,2021-02-02,22.8,26.3,8.7,7.3,18.8,3.4,1.9,3.8,4.2,2.8,pollofpolls.no
Verian,TV2,2021-02-01,20.0,25.3,7.7,5.9,19.9,2.8,4.2,5.0,5.2,4.1,pollofpolls.no
Ipsos,Dagbladet,2021-01-28,20.4,25.4,9.5,7.7,21.4,2.9,2.5,1.8,5.3,3.1,pollofpolls.no
Norstat,VL,2021-01-28,24.2,25.6,10.0,7.6,19.6,2.7,1.6,3.0,3.8,1.9,pollofpolls.no
Sentio,NA / Amedia,2021-01-19,21.3,23.0,8.4,7.8,19.6,2.9,2.6,6.5,3.3,4.6,pollofpolls.no
InFact,NA / Amedia,2021-01-14,18.4,24.1,8.6,8.7,20.5,4.7,2.1,5.8,4.0,3.1,pollofpolls.no
Opinion,DA / FF / ANB,2021-01-13,19.0,26.9,9.8,8.0,20.1,3.4,2.7,3.4,4.4,2.3,pollofpolls.no
Verian,TV2,2021-01-11,22.4,24.2,7.4,7.6,21.7,3.3,2.3,3.4,5.3,2.2,pollofpolls.no
Norfakta,Nat. / KK,2021-01-09,17.5,24.3,11.1,8.2,22.6,3.4,2.7,4.5,3.1,2.6,pollofpolls.no
Respons Analyse,VG,2021-01-07,20.5,26.5,9.3,7.7,19.2,3.4,3.4,3.8,3.4,2.8,pollofpolls.no
Norstat,NRK / Aftenp,2021-01-05,20.1,22.6,11.3,8.9,21.3,3.7,2.5,3.9,3.7,2.0,pollofpolls.no
Ipsos,Dagbladet,2020-12-17,21.1,18.9,12.9,7.5,22.3,3.8,3.5,3.9,3.7,2.4,pollofpolls.no
Norstat,VL,2020-12-17,21.4,21.8,12.1,8.0,21.3,3.8,3.1,3.8,3.3,1.4,pollofpolls.no
Opinion,DA / FF / ANB,2020-12-09,21.8,22.9,10.9,6.9,22.2,3.4,2.4,4.5,3.8,1.3,pollofpolls.no
Norfakta,Nat. / KK,2020-12-05,21.1,23.0,12.4,7.1,20.1,2.6,2.9,4.3,4.1,2.4,pollofpolls.no
Sentio,NA / Amedia,2020-12-02,22.4,26.5,8.8,7.0,18.4,3.4,2.9,4.0,4.0,2.6,pollofpolls.no
Respons Analyse,VG,2020-12-01,20.3,22.9,10.9,8.1,20.5,3.8,4.1,4.5,3.7,1.2,pollofpolls.no
Verian,TV2,2020-12-01,20.4,20.2,8.8,8.1,22.1,3.3,4.0,4.0,6.4,2.8,pollofpolls.no
Norstat,NRK / Aftenp,2020-11-25,21.2,25.2,11.6,7.0,20.2,2.2,2.7,3.6,5.0,1.3,pollofpolls.no
Ipsos,Dagbladet,2020-11-20,21.5,20.4,11.9,7.4,18.6,3.4,4.6,5.3,3.1,3.8,pollofpolls.no
Norstat,VL,2020-11-19,20.9,21.9,12.6,7.4,19.3,2.9,3.0,4.2,4.0,3.7,pollofpolls.no
Opinion,DA / FF / ANB,2020-11-11,20.4,24.6,10.9,8.1,17.8,4.2,3.4,5.0,4.2,1.5,pollofpolls.no
Norfakta,Nat. / KK,2020-11-07,23.4,24.7,11.2,6.7,17.7,3.4,2.5,4.0,4.1,2.3,pollofpolls.no
Sentio,NA / Amedia,2020-11-03,21.9,25.0,13.4,7.6,16.4,4.2,3.0,3.5,3.4,1.7,pollofpolls.no
Verian,TV2,2020-11-02,20.5,22.1,11.5,7.8,19.8,2.8,4.1,4.0,4.9,2.5,pollofpolls.no
Respons Analyse,VG,2020-11-02,22.0,21.6,13.9,5.7,18.9,3.5,3.9,4.9,4.1,1.5,pollofpolls.no
Norstat,NRK / Aftenp,2020-10-27,23.5,25.2,12.3,7.9,14.9,3.3,3.3,4.3,3.3,2.2,pollofpolls.no
Ipsos,Dagbladet,2020-10-22,19.5,22.3,12.7,6.3,17.8,3.7,2.6,4.7,5.4,5.0,pollofpolls.no
Norstat,VL,2020-10-22,23.5,24.3,13.2,6.0,16.6,3.4,3.0,3.7,4.1,2.1,pollofpolls.no
Sentio,NA / Amedia,2020-10-14,20.8,23.6,13.5,6.6,19.8,3.5,3.3,4.2,3.3,1.4,pollofpolls.no
Norfakta,Nat. / KK,2020-10-10,21.0,22.9,13.1,6.6,17.0,3.4,3.9,5.6,4.4,2.0,pollofpolls.no
Opinion,DA / FF / ANB,2020-10-06,22.0,27.4,12.5,7.3,14.2,2.9,4.2,3.1,4.6,1.8,pollofpolls.no
Verian,TV2,2020-10-05,18.4,24.0,12.8,7.2,16.2,5.1,4.3,4.7,6.1,1.1,pollofpolls.no
Respons Analyse,VG,2020-10-01,22.7,26.5,11.6,8.1,14.0,3.1,3.6,4.6,4.3,1.5,pollofpolls.no
Norstat,NRK / Aftenp,2020-09-30,21.7,24.1,14.4,7.1,13.1,3.0,3.6,4.9,5.2,2.9,pollofpolls.no
Ipsos,Dagbladet,2020-09-25,22.4,22.7,13.9,8.4,15.2,4.6,3.6,3.5,3.6,2.4,pollofpolls.no
Norstat,VL,2020-09-23,22.6,25.3,13.3,7.8,14.3,4.1,3.2,4.2,3.4,1.8,pollofpolls.no
Sentio,NA / Amedia,2020-09-16,21.8,24.8,14.7,7.2,14.6,3.5,2.6,4.3,4.0,2.4,pollofpolls.no
Opinion,DA / FF / ANB,2020-09-09,19.9,27.0,10.3,6.9,16.0,3.9,2.5,7.5,4.4,1.7,pollofpolls.no
Norfakta,Nat. / KK,2020-09-05,24.7,25.6,12.8,8.1,13.4,4.1,2.9,3.5,3.3,1.6,pollofpolls.no
Verian,TV2,2020-09-02,24.7,19.6,11.4,9.6,13.6,3.9,3.2,5.7,5.5,2.8,pollofpolls.no
Norstat,NRK / Aftenp,2020-09-01,24.0,28.3,11.4,8.1,12.2,2.8,3.4,4.1,3.8,1.8,pollofpolls.no
Respons Analyse,VG,2020-09-01,24.3,24.8,11.5,6.8,14.7,3.3,4.0,4.5,3.9,2.2,pollofpolls.no
Norstat,VL,2020-08-26,24.0,26.8,9.7,7.9,14.0,3.7,3.2,4.9,4.2,1.7,pollofpolls.no
Ipsos,Dagbladet,2020-08-21,24.8,24.3,11.7,7.1,13.9,3.5,3.1,5.8,4.4,1.4,pollofpolls.no
Sentio,NA / Amedia,2020-08-18,23.1,28.7,12.8,8.0,12.6,2.6,2.1,3.9,4.1,2.0,pollofpolls.no
Respons Analyse,VG,2020-08-13,25.5,23.0,10.4,7.6,14.4,3.9,3.6,5.2,3.8,2.6,pollofpolls.no
Norstat,NRK / Aftenp,2020-08-12,24.2,24.7,13.0,6.8,13.8,4.1,2.8,4.7,3.8,2.2,pollofpolls.no
Verian,TV2,2020-08-11,25.4,25.0,9.4,7.5,15.0,4.5,2.3,5.2,4.6,1.6,pollofpolls.no
Norfakta,Nat. / KK,2020-08-08,26.6,23.5,12.5,7.2,13.2,3.6,2.5,6.1,4.1,0.7,pollofpolls.no
InFact,AN / BA / iFinnm. / Nidaros,2020-08-05,21.8,25.1,9.3,7.3,14.1,5.2,3.7,5.4,5.8,2.3,pollofpolls.no
Opinion,DA / FF / ANB,2020-08-05,24.6,27.7,9.8,6.1,15.1,3.3,3.1,4.6,4.3,1.4,pollofpolls.no
Norfakta,Nat. / KK,2020-07-11,27.3,23.9,10.5,6.9,13.7,3.8,3.5,4.9,4.2,1.2,pollofpolls.no
Verian,TV2,2020-07-01,20.8,27.7,10.6,8.1,12.7,3.9,2.9,5.2,5.8,2.3,pollofpolls.no
Ipsos,Dagbladet,2020-06-25,25.0,25.2,11.0,8.2,13.3,3.2,3.1,5.9,3.0,2.1,pollofpolls.no
Norstat,VL,2020-06-24,24.9,24.8,11.5,6.8,13.0,4.3,2.7,4.8,4.9,2.4,pollofpolls.no
Sentio,NA / Amedia,2020-06-18,24.2,24.2,11.3,6.9,14.0,2.5,4.4,5.4,5.1,2.0,pollofpolls.no
Opinion,DA / FF / ANB,2020-06-10,25.2,24.4,10.4,7.2,14.6,3.9,3.5,5.6,4.3,0.8,pollofpolls.no
Respons Analyse,VG,2020-06-06,23.5,24.2,12.4,6.8,14.5,3.7,3.1,5.3,4.7,1.8,pollofpolls.no
Norfakta,Nat. / KK,2020-06-06,23.5,24.1,12.3,7.2,14.6,4.5,3.0,3.9,4.9,2.0,pollofpolls.no
Verian,TV2,2020-06-02,23.5,27.3,11.9,7.3,13.8,3.5,1.6,4.8,4.7,1.7,pollofpolls.no
Norstat,NRK / Aftenp,2020-06-02,23.4,25.8,12.0,6.9,14.6,3.4,2.4,5.6,4.8,1.1,pollofpolls.no
Ipsos,Dagbladet,2020-05-30,25.5,25.4,10.0,7.6,13.0,2.6,3.6,6.2,3.8,2.3,pollofpolls.no
Norstat,VL,2020-05-28,25.8,26.2,12.1,5.5,15.0,3.2,2.0,5.0,4.6,0.6,pollofpolls.no
Sentio,NA / Amedia,2020-05-19,25.5,26.0,11.0,7.1,13.5,4.0,3.3,4.4,3.3,2.0,pollofpolls.no
Opinion,DA / FF / ANB,2020-05-13,26.7,28.3,9.6,6.6,12.0,3.6,2.7,5.6,3.7,1.3,pollofpolls.no
Norfakta,Nat. / KK,2020-05-09,25.1,26.9,9.1,8.0,13.5,4.1,3.3,4.4,4.3,1.3,pollofpolls.no
Norstat,NRK / Aftenp,2020-05-06,24.7,26.5,10.1,6.6,15.3,3.2,3.1,5.2,3.3,1.8,pollofpolls.no
Respons Analyse,VG,2020-05-06,27.0,26.5,9.4,6.2,14.7,3.6,3.0,5.0,3.5,1.1,pollofpolls.no
Verian,TV2,2020-05-02,26.8,28.0,8.0,5.6,14.6,3.0,3.4,3.9,5.3,1.4,pollofpolls.no
Norstat,VL,2020-04-29,24.6,26.8,11.4,6.6,15.6,3.2,3.3,3.9,3.7,0.9,pollofpolls.no
Ipsos,Dagbladet,2020-04-23,24.5,25.3,9.7,8.5,14.2,4.1,3.1,4.2,4.9,1.5,pollofpolls.no
Sentio,NA / Amedia,2020-04-22,24.5,26.7,12.0,6.5,14.0,3.7,3.3,4.9,3.2,1.4,pollofpolls.no
Opinion,DA / FF / ANB,2020-04-14,25.7,27.3,11.6,5.9,13.8,3.0,2.9,4.7,3.7,1.4,pollofpolls.no
Norfakta,Nat. / KK,2020-04-04,23.3,25.9,11.1,9.1,14.7,4.1,3.3,5.0,2.5,1.0,pollofpolls.no
Respons Analyse,VG,2020-04-03,26.7,25.2,12.4,7.3,13.5,3.2,2.8,4.2,3.5,1.2,pollofpolls.no
Verian,TV2,2020-04-02,24.8,24.6,12.3,7.0,14.8,4.1,2.3,4.6,3.8,1.6,pollofpolls.no
Norstat,NRK / Aftenp,2020-03-31,25.7,24.9,12.0,7.2,15.3,2.8,3.6,3.7,3.7,1.1,pollofpolls.no
Norstat,VL,2020-03-25,26.7,23.3,12.7,7.6,14.6,3.2,2.2,3.8,4.1,2.1,pollofpolls.no
Ipsos,Dagbladet,2020-03-19,24.9,20.8,11.4,9.0,17.4,3.7,2.6,4.4,4.7,1.1,pollofpolls.no
Sentio,NA / Amedia,2020-03-19,24.3,18.8,13.0,7.1,17.5,3.4,3.4,7.3,2.7,2.6,pollofpolls.no
Opinion,DA / FF / ANB,2020-03-11,24.0,18.8,13.5,6.9,18.3,3.1,3.5,6.7,3.9,1.2,pollofpolls.no
Norfakta,Nat. / KK,2020-03-07,25.8,20.6,12.0,7.0,15.9,2.9,2.5,7.0,5.1,1.1,pollofpolls.no
Respons Analyse,VG,2020-03-04,24.9,17.9,14.6,7.2,16.7,3.5,3.3,5.1,5.4,1.4,pollofpolls.no
Norstat,NRK / Aftenp,2020-03-04,23.7,19.9,13.2,8.4,16.4,4.1,2.7,4.9,4.6,2.1,pollofpolls.no
Verian,TV2,2020-03-03,21.5,19.8,13.7,8.5,17.6,3.0,3.7,5.6,4.1,2.6,pollofpolls.no
Norstat,VL,2020-02-26,24.0,18.9,14.3,6.5,15.7,3.5,4.4,6.3,4.7,1.7,pollofpolls.no
Ipsos,Dagbladet,2020-02-20,25.8,18.8,14.2,7.1,14.8,3.6,3.5,5.4,3.5,3.3,pollofpolls.no
Sentio,NA / Amedia,2020-02-19,23.6,19.7,14.6,7.2,14.1,3.9,3.8,6.8,3.9,2.3,pollofpolls.no
Opinion,DA / FF / ANB,2020-02-12,25.1,19.4,15.1,6.5,15.2,3.5,4.2,4.6,5.3,1.2,pollofpolls.no
Norfakta,Nat. / KK,2020-02-08,22.2,19.4,14.9,7.6,15.9,4.5,4.4,5.2,4.2,1.5,pollofpolls.no
Norstat,NRK / Aftenp,2020-02-04,23.2,18.3,16.0,6.1,17.3,4.4,3.3,4.3,5.0,2.0,pollofpolls.no
Respons Analyse,VG,2020-02-04,24.9,19.9,15.3,6.7,13.9,4.2,2.7,5.5,4.6,2.3,pollofpolls.no
Verian,TV2,2020-02-03,24.2,17.8,15.7,7.7,15.0,4.3,4.0,5.9,4.3,1.1,pollofpolls.no
Norstat,VL,2020-01-29,26.8,21.0,14.7,7.6,12.8,4.0,3.0,4.9,3.7,1.5,pollofpolls.no
Sentio,NA / Amedia,2020-01-29,25.6,16.2,17.5,7.7,12.5,3.9,2.0,4.9,6.9,2.6,pollofpolls.no
Ipsos,Dagbladet,2020-01-23,25.9,19.7,15.7,5.9,16.4,2.8,3.7,3.5,4.1,2.3,pollofpolls.no
Respons Analyse,VG,2020-01-23,25.2,20.9,14.2,7.0,14.8,3.2,3.1,5.2,3.8,2.6,pollofpolls.no
Sentio,NA / Amedia,2020-01-22,25.4,20.6,10.8,7.9,16.8,3.0,4.1,5.4,4.5,1.4,pollofpolls.no
Verian,TV2,2020-01-21,25.3,20.4,14.6,6.5,14.5,5.2,2.2,3.5,5.1,2.6,pollofpolls.no
Opinion,DA / FF / ANB,2020-01-15,25.5,18.7,11.8,7.4,20.9,2.5,2.7,4.3,4.4,2.0,pollofpolls.no
Verian,TV2,2020-01-14,23.5,22.4,8.7,8.8,17.9,3.2,2.2,6.5,4.7,2.2,pollofpolls.no
Norfakta,Nat. / KK,2020-01-11,26.7,21.3,10.9,6.2,16.6,3.2,2.4,5.3,4.8,2.6,pollofpolls.no
Respons Analyse,VG,2020-01-08,24.0,22.4,11.4,6.6,15.8,4.2,2.5,6.1,5.1,1.9,pollofpolls.no
Norstat,NRK / Aftenp,2020-01-08,26.1,22.4,10.3,7.2,15.7,3.6,2.3,6.0,3.6,2.8,pollofpolls.no
Ipsos,Dagbladet,2019-12-19,23.4,22.1,11.3,8.5,15.8,3.0,2.8,5.0,5.9,2.2,pollofpolls.no
Norstat,VL,2019-12-18,25.5,20.9,11.8,7.1,18.5,2.6,2.9,4.6,4.6,1.6,pollofpolls.no
Opinion,DA / FF / ANB,2019-12-11,22.9,20.6,10.7,7.5,20.2,2.6,1.9,5.9,5.7,2.0,pollofpolls.no
Sentio,NA / Amedia,2019-12-11,24.2,20.8,11.1,8.3,15.6,3.5,2.4,6.9,5.6,1.8,pollofpolls.no
Norfakta,Nat. / KK,2019-12-07,21.3,22.6,10.1,7.7,19.2,4.0,3.9,5.0,3.9,2.3,pollofpolls.no
Respons Analyse,VG,2019-12-04,23.0,22.0,10.3,6.2,17.4,3.9,3.5,5.9,5.3,2.5,pollofpolls.no
Verian,TV2,2019-12-02,21.9,19.1,9.8,7.9,17.6,4.1,4.4,6.1,5.0,4.2,pollofpolls.no
Norstat,NRK / Aftenp,2019-11-26,22.9,19.7,12.5,6.5,18.1,2.8,3.5,6.4,4.5,3.2,pollofpolls.no
Ipsos,Dagbladet,2019-11-21,22.0,20.9,9.7,8.3,19.2,3.5,2.6,5.3,5.0,3.5,pollofpolls.no
Norstat,VL,2019-11-20,22.9,20.8,9.0,8.1,20.0,2.9,2.0,6.9,4.2,3.1,pollofpolls.no
Opinion,DA / FF / ANB,2019-11-13,21.7,20.6,8.9,8.4,20.9,3.8,3.0,6.5,4.4,1.8,pollofpolls.no
Norfakta,Nat. / KK,2019-11-09,22.3,22.9,8.4,7.1,19.2,3.4,4.3,6.1,4.2,2.1,pollofpolls.no
Respons Analyse,VG,2019-11-06,23.0,21.3,11.4,6.5,16.5,3.9,3.2,5.9,6.0,2.3,pollofpolls.no
Sentio,Nettavisen,2019-11-06,22.6,20.8,9.2,7.7,20.0,3.1,3.9,6.3,3.9,2.6,pollofpolls.no
Verian,TV2,2019-11-04,22.6,21.1,9.2,5.6,19.5,2.9,3.4,6.9,6.6,2.2,pollofpolls.no
Norstat,NRK / Aftenp,2019-10-30,23.7,21.8,8.4,7.4,17.5,3.9,3.3,6.1,6.0,2.0,pollofpolls.no
Ipsos,Dagbladet,2019-10-25,22.6,21.1,10.3,6.4,17.6,2.7,3.6,7.0,6.1,2.5,pollofpolls.no
Norstat,VL,2019-10-24,21.6,20.1,11.7,7.7,18.1,3.6,3.3,6.2,4.9,2.8,pollofpolls.no
Sentio,NA / Amedia,2019-10-17,24.9,20.9,9.0,6.4,17.6,3.6,4.1,7.7,3.2,2.7,pollofpolls.no
Opinion,DA / FF / ANB,2019-10-09,22.2,22.8,9.0,8.2,18.7,3.4,3.7,5.5,4.6,1.9,pollofpolls.no
Verian,TV2,2019-10-09,23.3,20.2,9.0,8.9,15.6,3.9,2.6,7.2,6.1,3.2,pollofpolls.no
Norfakta,Nat. / KK,2019-10-05,23.5,21.4,10.5,7.0,17.2,3.3,3.8,6.0,4.0,3.3,pollofpolls.no
Norstat,NRK / Aftenp,2019-10-01,24.1,19.7,8.6,6.6,18.6,3.7,3.4,7.8,3.6,4.0,pollofpolls.no
Respons Analyse,VG,2019-10-01,26.3,20.6,11.9,6.7,14.8,4.2,3.0,6.9,3.3,2.3,pollofpolls.no
Ipsos,Dagbladet,2019-09-26,22.0,21.3,11.7,8.4,17.4,3.4,2.6,6.4,4.1,2.8,pollofpolls.no
Norstat,VL,2019-09-25,20.8,21.1,11.2,9.1,15.8,3.7,2.9,8.6,4.4,2.4,pollofpolls.no
Sentio,NA / Amedia,2019-09-18,22.6,21.1,12.4,6.9,16.8,3.4,3.0,6.1,4.0,3.6,pollofpolls.no
Norfakta,Nat. / KK,2019-09-07,23.8,22.1,11.0,7.4,17.1,3.3,2.4,6.5,3.3,3.1,pollofpolls.no
Respons Analyse,VG,2019-09-06,24.2,20.9,10.9,7.8,14.7,3.9,3.5,7.4,4.1,2.6,pollofpolls.no
Norstat,NRK / Aftenp,2019-09-04,24.8,21.2,11.6,6.1,16.1,3.9,3.4,5.4,4.5,4.1,pollofpolls.no
Norstat,VL,2019-08-28,22.2,22.8,11.7,6.3,16.0,4.4,3.1,5.7,5.0,2.8,pollofpolls.no
Ipsos,Dagbladet,2019-08-22,23.4,20.9,11.1,7.9,16.1,2.7,3.0,6.7,4.4,3.8,pollofpolls.no
Sentio,NA / Amedia,2019-08-21,27.3,20.9,8.9,6.5,14.4,3.5,3.7,5.4,4.8,4.5,pollofpolls.no
Respons Analyse,VG,2019-08-16,24.0,21.9,10.6,6.3,15.4,4.5,2.5,7.0,4.7,3.1,pollofpolls.no
Verian,TV2,2019-08-15,23.5,22.8,9.1,8.4,15.3,3.8,2.0,6.4,5.2,3.5,pollofpolls.no
Norstat,NRK / Aftenp,2019-08-14,24.6,22.8,10.9,5.9,14.2,3.2,2.7,5.3,6.4,4.1,pollofpolls.no
Norfakta,Nat. / KK,2019-08-10,24.4,24.2,9.0,7.5,15.9,3.9,2.8,3.7,5.0,3.7,pollofpolls.no
Opinion,DA / FF / ANB,2019-08-07,22.2,22.1,10.1,8.8,14.6,3.2,3.1,7.0,5.2,3.8,pollofpolls.no
Verian,TV2,2019-07-08,25.5,22.0,7.5,7.8,13.3,3.4,5.0,4.9,5.7,4.9,pollofpolls.no
Norfakta,Nat. / KK,2019-07-06,24.4,21.2,8.8,7.6,15.1,4.3,2.9,5.5,4.2,6.0,pollofpolls.no
Ipsos,Dagbladet,2019-06-28,27.8,20.5,10.7,6.9,14.4,2.3,2.3,3.9,5.1,6.0,pollofpolls.no
Norstat,VL,2019-06-26,26.0,23.0,9.0,7.0,14.3,4.2,2.5,5.7,5.4,2.9,pollofpolls.no
Sentio,NA / Amedia,2019-06-19,25.2,22.7,10.5,6.8,15.2,2.7,2.5,5.8,4.5,4.1,pollofpolls.no
Verian,TV2,2019-06-18,24.4,22.6,8.9,7.6,13.1,3.1,4.1,4.4,6.4,5.6,pollofpolls.no
Respons Analyse,VG,2019-06-17,26.0,23.1,10.7,6.8,13.3,3.6,3.5,4.9,5.2,2.3,pollofpolls.no
Opinion,ANB,2019-06-12,23.0,19.1,11.4,6.4,16.9,2.6,2.8,6.5,7.1,4.2,pollofpolls.no
Norfakta,Nat. / KK,2019-06-08,25.2,24.3,10.2,6.0,15.8,3.2,1.5,5.7,5.9,2.4,pollofpolls.no
Norstat,NRK / Aftenp,2019-06-05,24.4,21.0,11.4,6.8,14.9,3.5,2.7,6.3,5.0,4.0,pollofpolls.no
Ipsos,Dagbladet,2019-05-31,26.9,20.7,12.1,6.3,15.2,2.3,2.0,4.6,5.1,4.8,pollofpolls.no
Norstat,VL,2019-05-30,23.7,22.9,12.5,6.5,13.3,3.7,3.4,4.3,4.8,5.0,pollofpolls.no
Sentio,NA / Amedia,2019-05-22,23.1,22.6,11.9,6.1,15.8,3.6,2.3,5.1,6.6,2.9,pollofpolls.no
Opinion,ANB,2019-05-15,27.2,21.2,13.1,8.3,14.1,2.7,2.1,4.0,5.1,2.4,pollofpolls.no
Norfakta,Nat. / KK,2019-05-11,25.1,24.4,11.9,7.4,14.4,3.2,3.0,3.0,4.9,2.8,pollofpolls.no
Verian,TV2,2019-05-10,26.0,21.0,11.6,7.2,14.7,3.9,4.1,3.9,5.4,2.3,pollofpolls.no
Norstat,NRK / Aftenp,2019-05-07,26.5,20.2,12.6,6.2,15.0,3.5,3.7,3.9,5.0,3.3,pollofpolls.no
Respons Analyse,VG,2019-05-03,28.2,21.6,13.0,8.4,12.5,4.1,1.9,4.4,3.9,2.0,pollofpolls.no
Norstat,VL,2019-05-02,27.6,20.4,11.2,7.5,15.7,3.3,2.3,4.8,5.1,2.3,pollofpolls.no
Ipsos,Dagbladet,2019-04-27,28.1,23.8,10.1,6.8,14.4,3.9,2.2,3.0,4.5,3.2,pollofpolls.no
Sentio,NA / Amedia,2019-04-16,27.5,23.2,10.0,7.0,15.4,3.4,2.4,4.1,4.6,2.4,pollofpolls.no
Opinion,ANB,2019-04-10,27.5,21.5,10.6,8.2,16.7,2.6,2.3,3.7,4.5,2.5,pollofpolls.no
Respons Analyse,VG,2019-04-06,25.6,22.4,10.1,7.6,15.6,3.0,4.3,3.9,4.7,2.8,pollofpolls.no
Norfakta,Nat. / KK,2019-04-06,26.1,22.5,11.2,8.4,15.2,3.8,3.0,3.0,4.3,2.5,pollofpolls.no
Verian,TV2,2019-04-05,24.3,21.6,10.4,7.5,16.9,3.7,3.4,5.0,5.1,2.2,pollofpolls.no
Norstat,NRK,2019-04-03,24.0,22.3,11.9,7.0,16.9,4.2,2.9,4.7,3.7,2.4,pollofpolls.no
Norstat,VL,2019-03-27,26.6,24.6,12.1,6.8,14.3,2.4,1.8,4.3,4.9,2.2,pollofpolls.no
Ipsos,Dagbladet,2019-03-21,28.8,21.3,11.7,7.0,14.4,2.5,2.0,3.6,5.6,3.1,pollofpolls.no
Sentio,NA / Amedia,2019-03-21,27.7,24.7,10.6,7.3,14.5,3.0,2.3,3.2,5.4,1.4,pollofpolls.no
Opinion,ANB,2019-03-13,25.1,26.1,10.6,7.1,12.7,4.8,2.0,6.0,4.9,0.8,pollofpolls.no
Norfakta,Nat. / KK,2019-03-09,27.0,24.6,10.7,8.1,14.0,3.3,2.3,3.7,4.5,1.8,pollofpolls.no
Verian,TV2,2019-03-08,27.4,24.8,10.2,8.0,12.8,3.7,2.2,3.6,4.8,2.7,pollofpolls.no
Respons Analyse,VG,2019-03-05,24.3,24.3,12.6,7.6,14.6,3.8,2.8,3.3,5.0,1.7,pollofpolls.no
Norstat,NRK / Aftenp,2019-03-05,26.5,24.3,12.1,8.0,12.4,4.0,1.9,4.4,4.8,1.5,pollofpolls.no
Norstat,VL,2019-02-27,26.9,22.3,12.5,6.6,16.0,3.2,1.8,3.0,6.2,1.5,pollofpolls.no
Ipsos,Dagbladet,2019-02-22,26.9,25.1,10.0,7.0,13.0,2.5,2.3,3.8,6.6,2.8,pollofpolls.no
Sentio,NA / Amedia,2019-02-21,27.4,21.1,10.8,8.0,15.6,3.4,2.3,3.9,5.1,2.4,pollofpolls.no
Opinion,ANB,2019-02-13,28.2,22.1,11.8,8.0,13.9,3.2,2.3,2.3,7.6,0.6,pollofpolls.no
Norfakta,Nat. / KK,2019-02-09,29.3,22.9,10.9,7.2,12.7,4.1,3.3,3.3,4.0,2.2,pollofpolls.no
Respons Analyse,VG,2019-02-06,29.7,22.9,10.5,7.8,12.2,3.8,3.9,3.8,3.6,1.8,pollofpolls.no
Norstat,NRK / Aftenp,2019-02-06,29.2,22.9,12.0,7.8,11.8,3.4,2.6,3.2,4.8,2.2,pollofpolls.no
Verian,TV2,2019-02-05,26.5,23.6,11.7,8.8,10.4,4.1,2.5,3.6,6.2,2.5,pollofpolls.no
Norstat,VL,2019-01-30,29.1,22.5,13.5,7.3,11.2,3.5,2.7,3.7,4.4,0.0,pollofpolls.no
Ipsos,Dagbladet,2019-01-24,29.8,22.8,13.0,8.0,10.9,2.7,2.2,3.2,4.2,0.0,pollofpolls.no
Sentio,DN,2019-01-23,26.3,23.6,13.2,6.9,13.4,3.5,4.3,3.8,3.1,1.8,pollofpolls.no
Opinion,ANB,2019-01-16,28.5,22.9,10.8,7.9,12.6,3.7,2.4,3.2,5.5,2.5,pollofpolls.no
Norfakta,Nat. / KK,2019-01-12,27.7,24.7,12.0,7.4,12.5,3.8,3.3,2.8,3.9,1.9,pollofpolls.no
Verian,TV2,2019-01-11,27.9,24.2,12.0,7.2,12.2,3.0,3.6,2.8,4.6,2.0,pollofpolls.no
Respons Analyse,VG,2019-01-11,29.7,26.0,11.5,6.7,10.5,3.8,4.4,2.8,3.1,1.5,pollofpolls.no
Norstat,NRK / Aftenp,2019-01-08,27.3,27.0,12.2,7.4,12.1,3.7,3.1,2.4,3.3,1.6,pollofpolls.no
Ipsos,Dagbladet,2018-12-20,28.5,24.7,12.8,8.1,10.4,3.8,3.0,3.7,2.7,2.3,pollofpolls.no
Norstat,VL,2018-12-19,26.8,26.5,12.4,6.9,11.2,3.5,3.4,3.4,4.1,0.0,pollofpolls.no
Opinion,ANB,2018-12-12,27.1,22.9,14.6,5.8,11.9,3.4,4.4,3.6,5.1,1.1,pollofpolls.no
Norfakta,Nat. / KK,2018-12-08,28.4,25.9,12.0,7.4,11.6,3.8,3.0,2.5,3.1,2.4,pollofpolls.no
Sentio,DN,2018-12-06,30.0,24.3,12.0,5.5,12.2,3.5,4.3,2.4,4.8,1.1,pollofpolls.no
Respons Analyse,VG,2018-12-05,26.0,25.7,13.5,8.8,10.5,4.1,3.4,2.4,3.9,1.7,pollofpolls.no
Verian,TV2,2018-12-03,27.4,24.7,13.9,6.3,11.9,3.0,3.6,2.8,4.8,0.8,pollofpolls.no
Norstat,NRK,2018-11-27,29.7,24.7,13.1,7.0,11.4,3.2,2.8,2.8,3.3,2.0,pollofpolls.no
Norstat,VL,2018-11-24,29.0,24.6,13.2,6.6,12.0,4.3,3.2,2.9,3.3,1.7,pollofpolls.no
Ipsos,Dagbladet,2018-11-22,31.2,23.1,12.8,6.1,11.7,3.3,3.6,2.5,3.6,2.1,pollofpolls.no
Opinion,ANB,2018-11-14,28.3,26.2,10.8,6.0,11.9,3.8,3.7,3.3,4.9,1.1,pollofpolls.no
Respons Analyse,VG,2018-11-08,28.4,26.5,12.8,6.0,10.3,4.2,4.1,2.9,3.9,0.9,pollofpolls.no
Norfakta,Nat. / KK,2018-11-07,29.1,26.1,13.2,5.0,11.7,4.0,3.8,2.2,3.9,0.9,pollofpolls.no
Sentio,DN,2018-11-07,25.0,26.9,13.7,7.5,10.0,4.7,4.5,2.4,4.4,1.0,pollofpolls.no
Verian,TV2,2018-10-31,27.6,26.8,13.8,7.2,9.0,3.0,2.3,2.8,4.8,2.6,pollofpolls.no
Norstat,NRK,2018-10-30,27.2,24.3,14.1,6.7,12.1,3.9,3.7,3.2,3.5,1.3,pollofpolls.no
Ipsos,Dagbladet,2018-10-25,26.0,26.3,10.4,7.7,12.4,4.4,5.1,2.2,4.0,1.4,pollofpolls.no
Norstat,VL,2018-10-24,28.7,25.4,13.6,7.2,10.3,3.6,3.7,2.0,3.9,1.7,pollofpolls.no
Sentio,DN,2018-10-17,28.8,25.7,12.7,6.6,10.5,4.5,2.8,2.4,3.6,2.5,pollofpolls.no
InFact,Nettavisen,2018-10-11,24.4,26.1,14.7,5.7,11.2,4.8,3.8,2.7,4.1,2.5,pollofpolls.no
Opinion,ANB,2018-10-10,26.6,25.0,13.0,5.9,12.7,5.0,2.6,3.2,5.1,0.9,pollofpolls.no
Norfakta,Nat. / KK,2018-10-06,28.2,26.0,13.3,6.6,11.2,4.1,2.4,2.2,4.0,2.1,pollofpolls.no
Respons Analyse,VG,2018-10-04,27.7,25.5,14.4,6.7,9.8,4.7,3.9,2.7,3.0,1.6,pollofpolls.no
Norstat,NRK,2018-10-02,26.9,24.7,14.0,7.1,11.2,3.7,3.5,4.2,3.3,1.4,pollofpolls.no
Verian,TV2,2018-10-02,26.7,26.7,12.7,7.6,10.4,3.8,4.1,2.8,4.0,1.4,pollofpolls.no
Ipsos,Dagbladet,2018-09-27,28.7,25.7,14.9,6.1,10.1,3.0,2.3,2.3,4.6,2.3,pollofpolls.no
Norstat,VL,2018-09-27,26.6,24.3,15.7,6.2,12.0,3.0,3.4,2.3,5.0,1.4,pollofpolls.no
Respons Analyse,VG,2018-09-26,25.5,26.0,14.1,6.3,10.4,3.9,3.8,3.5,4.7,1.8,pollofpolls.no
Sentio,DN,2018-09-19,28.0,27.4,11.8,6.3,9.1,3.9,3.0,3.8,4.8,1.8,pollofpolls.no
Opinion,ANB,2018-09-12,27.7,26.4,13.1,7.1,10.6,2.9,3.4,3.0,3.5,2.3,pollofpolls.no
Norfakta,Nat. / KK,2018-09-08,24.6,24.1,17.6,7.0,11.1,4.0,4.2,2.1,4.6,0.8,pollofpolls.no
Norstat,NRK,2018-09-07,26.2,26.6,13.9,6.0,11.2,3.5,3.3,2.8,4.4,2.3,pollofpolls.no
Verian,TV2,2018-09-06,24.9,29.0,10.4,6.5,11.6,3.7,3.5,2.4,5.5,2.6,pollofpolls.no
Norstat,VL,2018-08-30,24.4,27.4,12.9,6.9,12.5,3.6,3.0,3.6,4.2,1.4,pollofpolls.no
Ipsos,Dagbladet,2018-08-23,28.5,24.8,13.0,6.0,11.5,3.3,3.9,3.2,3.7,2.2,pollofpolls.no
Sentio,DN,2018-08-22,25.9,26.6,13.3,6.4,10.7,4.2,3.6,3.4,4.4,1.4,pollofpolls.no
Respons Analyse,VG,2018-08-21,25.9,25.6,14.6,7.7,10.3,3.9,5.2,2.2,4.1,0.5,pollofpolls.no
Norstat,NRK,2018-08-16,23.8,27.5,12.7,6.1,11.8,4.0,3.5,3.4,5.3,1.8,pollofpolls.no
Norfakta,Nat. / KK,2018-08-11,27.8,24.6,12.9,5.8,12.3,4.8,5.1,2.4,3.7,0.7,pollofpolls.no
Opinion,ANB,2018-08-08,28.2,23.6,12.6,6.6,11.2,4.2,2.4,4.1,5.8,1.2,pollofpolls.no
Verian,TV2,2018-08-08,24.4,26.1,10.1,8.0,13.6,5.3,3.6,2.5,5.3,1.1,pollofpolls.no
Norfakta,Nat. / KK,2018-07-07,23.7,26.3,14.8,7.5,9.7,5.0,3.4,3.7,3.9,2.0,pollofpolls.no
Ipsos,Dagbladet,2018-06-28,22.2,27.9,13.5,7.1,11.4,4.7,3.9,2.4,3.8,3.0,pollofpolls.no
Norstat,VL,2018-06-28,21.5,27.8,13.6,7.5,10.7,4.2,5.1,2.5,4.9,2.2,pollofpolls.no
Sentio,DN,2018-06-22,25.2,27.1,14.0,7.3,10.2,4.1,3.2,2.1,5.3,1.5,pollofpolls.no
Opinion,ANB,2018-06-14,24.0,27.1,13.0,6.5,10.7,3.8,4.1,4.2,4.8,1.8,pollofpolls.no
Norfakta,Nat. / KK,2018-06-09,24.1,29.4,12.5,6.0,11.3,3.0,4.5,3.4,4.4,1.4,pollofpolls.no
Norstat,NRK,2018-06-06,23.4,27.6,13.1,7.5,11.0,3.8,4.1,3.4,4.5,1.7,pollofpolls.no
Respons Analyse,VG,2018-06-06,22.0,26.4,15.1,7.6,11.0,4.1,3.7,2.9,4.8,2.4,pollofpolls.no
Verian,TV2,2018-06-05,23.4,24.5,12.4,8.5,11.3,5.3,4.5,3.2,5.6,1.3,pollofpolls.no
Ipsos,Dagbladet,2018-05-31,22.9,27.0,13.5,7.7,11.1,3.8,5.9,3.0,3.2,1.9,pollofpolls.no
Norstat,VL,2018-05-31,23.6,26.4,13.9,7.2,11.8,4.2,4.1,2.7,4.0,2.3,pollofpolls.no
Sentio,DN,2018-05-24,23.5,28.4,14.0,8.0,10.6,3.8,3.2,2.9,3.4,2.3,pollofpolls.no
Opinion,ANB,2018-05-18,22.8,26.5,15.0,7.1,10.5,5.5,3.8,3.3,4.4,1.2,pollofpolls.no
Norfakta,Nat. / KK,2018-05-12,24.7,26.7,15.4,6.9,10.5,3.9,3.9,3.0,3.2,1.8,pollofpolls.no
Respons Analyse,VG,2018-05-11,25.5,26.2,16.1,7.3,9.5,3.7,3.5,3.2,3.5,1.5,pollofpolls.no
Norstat,NRK,2018-05-09,26.0,25.5,15.9,6.5,11.0,3.0,3.8,3.2,3.5,1.6,pollofpolls.no
Verian,TV2,2018-05-08,23.8,28.1,14.7,7.6,10.3,4.7,4.1,2.3,3.8,0.7,pollofpolls.no
Norstat,VL,2018-05-03,24.0,26.4,15.3,6.8,10.9,3.7,3.7,2.9,4.0,2.4,pollofpolls.no
Ipsos,Dagbladet,2018-04-27,23.2,24.9,16.0,6.0,11.9,4.4,4.0,3.0,4.7,1.8,pollofpolls.no
Sentio,DN,2018-04-26,23.8,25.2,15.7,7.3,11.9,4.9,3.6,3.0,2.8,1.7,pollofpolls.no
Opinion,ANB,2018-04-19,24.0,27.0,13.5,7.7,11.5,4.0,4.1,1.9,4.9,1.4,pollofpolls.no
Verian,TV2,2018-04-11,24.1,26.4,16.2,8.7,9.0,3.7,2.8,2.9,5.4,1.0,pollofpolls.no
Norstat,NRK,2018-04-11,25.2,25.1,15.8,7.5,10.7,3.7,3.7,2.5,3.8,1.9,pollofpolls.no
Respons Analyse,VG,2018-04-10,23.4,25.8,16.2,6.2,10.9,4.5,4.1,3.1,3.9,1.8,pollofpolls.no
Norfakta,Nat. / KK,2018-04-07,23.2,26.5,17.4,7.4,10.6,4.1,3.6,3.0,4.3,0.1,pollofpolls.no
Norstat,VL,2018-03-26,24.3,25.3,15.4,6.6,11.0,4.8,4.3,2.3,4.0,1.9,pollofpolls.no
Ipsos,Dagbladet,2018-03-22,23.7,23.9,20.8,6.6,10.2,3.8,3.2,2.4,3.3,2.2,pollofpolls.no
Verian,TV2,2018-03-20,23.6,26.0,20.6,5.6,10.3,4.4,5.0,2.1,1.7,0.9,pollofpolls.no
Sentio,DN,2018-03-19,23.3,26.6,15.8,7.1,11.9,4.1,3.5,2.6,4.0,1.1,pollofpolls.no
Respons Analyse,VG,2018-03-16,25.1,26.9,15.9,6.4,10.8,3.2,4.4,3.1,2.5,1.7,pollofpolls.no
Opinion,ANB,2018-03-15,23.3,27.3,14.5,6.9,11.0,3.6,4.6,3.2,4.5,1.1,pollofpolls.no
Norfakta,Nat. / KK,2018-03-10,22.5,28.4,12.7,6.9,12.8,3.9,3.8,3.9,3.3,1.7,pollofpolls.no
Norstat,NRK,2018-03-07,23.3,27.4,15.0,7.0,12.3,3.2,4.3,2.8,3.2,1.5,pollofpolls.no
Verian,TV2,2018-03-07,23.4,29.3,10.9,6.6,12.1,4.5,4.9,3.6,3.8,1.0,pollofpolls.no
Respons Analyse,VG,2018-03-06,23.4,28.0,13.1,7.2,11.6,4.4,4.7,3.1,3.1,1.4,pollofpolls.no
Norstat,VL,2018-03-01,24.5,28.8,12.9,6.0,10.8,4.5,3.5,3.3,3.1,2.5,pollofpolls.no
Ipsos,Dagbladet,2018-02-22,25.4,27.3,13.6,7.5,9.7,3.5,4.4,3.0,3.3,0.0,pollofpolls.no
Sentio,DN,2018-02-22,23.3,28.7,15.0,6.1,10.4,5.1,4.1,3.2,3.2,0.9,pollofpolls.no
Opinion,ANB,2018-02-14,21.4,29.2,15.9,7.3,10.0,3.6,3.9,4.0,4.0,0.8,pollofpolls.no
Respons Analyse,VG,2018-02-09,24.0,27.9,13.6,7.2,10.9,3.6,4.5,3.6,3.3,1.4,pollofpolls.no
Verian,TV2,2018-02-08,23.6,29.1,12.0,6.3,11.2,3.8,5.8,3.4,3.6,1.1,pollofpolls.no
Norstat,NRK,2018-02-07,22.4,28.9,13.1,8.6,11.2,3.9,3.8,3.7,2.9,1.5,pollofpolls.no
Norfakta,Nat. / KK,2018-02-03,23.9,27.9,13.4,7.7,11.0,4.3,4.2,3.5,2.6,1.6,pollofpolls.no
Norstat,VL,2018-02-02,22.7,29.9,12.8,7.4,11.0,4.3,4.0,2.7,2.8,2.3,pollofpolls.no
Ipsos,Dagbladet,2018-01-28,25.4,26.2,12.5,7.6,12.1,3.7,4.6,3.0,3.0,0.0,pollofpolls.no
Sentio,DN,2018-01-25,22.7,30.5,13.4,7.6,10.1,4.5,3.0,3.2,3.1,2.0,pollofpolls.no
Opinion,ANB,2018-01-18,20.8,30.1,14.5,7.3,10.8,4.6,4.5,3.0,3.0,1.0,pollofpolls.no
Respons Analyse,VG,2018-01-16,23.2,29.4,13.2,7.5,11.3,4.4,4.1,2.8,2.9,1.2,pollofpolls.no
Respons Analyse,Aftenp / BT / Adressa,2018-01-12,23.1,27.1,15.5,7.7,10.7,4.1,4.1,2.7,2.7,2.3,pollofpolls.no
Verian,TV2,2018-01-11,19.4,30.5,14.8,8.6,10.9,4.5,4.3,2.6,3.0,1.5,pollofpolls.no
Norstat,NRK,2018-01-09,20.1,28.7,14.9,8.3,12.2,4.6,3.6,2.7,2.9,2.0,pollofpolls.no
Norfakta,Nat. / KK,2018-01-06,24.2,29.1,14.5,5.7,10.3,3.3,4.7,3.8,3.1,1.4,pollofpolls.no
Norstat,VL,2017-12-22,26.0,26.5,13.9,8.4,10.6,3.6,3.4,3.6,2.9,1.2,pollofpolls.no
Ipsos,Dagbladet,2017-12-22,26.3,26.5,13.7,8.0,10.1,4.3,4.8,2.6,1.9,1.9,pollofpolls.no
Sentio,DN,2017-12-15,25.9,26.5,14.9,6.0,10.6,4.6,3.5,3.7,2.6,1.7,pollofpolls.no
Verian,TV2,2017-12-12,26.0,26.6,14.8,6.9,9.7,4.1,4.3,3.5,2.8,1.3,pollofpolls.no
Norfakta,Nat. / KK,2017-12-09,26.7,27.5,13.6,7.0,10.2,3.7,4.7,3.3,2.1,0.0,pollofpolls.no
Opinion,ANB,2017-12-07,26.6,25.8,14.9,6.0,11.5,3.9,3.4,4.4,2.5,0.9,pollofpolls.no
Norstat,NRK,2017-12-04,25.8,26.8,14.7,7.1,11.2,4.6,3.9,2.9,1.7,1.2,pollofpolls.no
Norstat,VL,2017-11-25,27.1,26.1,16.1,7.0,9.3,4.0,3.8,2.9,2.9,0.8,pollofpolls.no
Ipsos,Dagbladet,2017-11-24,27.9,25.0,15.9,5.4,8.6,3.8,4.8,3.9,2.8,1.9,pollofpolls.no
Sentio,DN,2017-11-16,25.6,28.2,13.2,6.7,10.9,4.0,3.9,2.8,3.0,1.7,pollofpolls.no
Verian,TV2,2017-11-14,25.3,26.9,12.7,7.4,11.5,3.1,5.9,1.9,3.9,1.4,pollofpolls.no
Norfakta,Nat. / KK,2017-11-11,26.6,27.0,14.6,7.3,10.5,3.2,3.7,1.9,3.3,0.0,pollofpolls.no
Opinion,ANB,2017-11-09,25.1,25.7,14.9,7.3,11.2,4.0,4.3,3.8,2.8,0.9,pollofpolls.no
Norstat,NRK,2017-11-02,26.0,25.9,14.5,7.5,11.7,4.2,3.7,2.7,2.4,1.5,pollofpolls.no
Ipsos,Dagbladet,2017-10-27,27.4,25.8,13.5,5.9,10.9,3.7,3.8,2.9,3.4,2.7,pollofpolls.no
Norstat,VL,2017-10-27,26.5,25.6,13.7,6.5,10.7,4.1,4.9,3.2,3.2,1.6,pollofpolls.no
Sentio,DN,2017-10-20,25.2,25.2,14.6,7.3,10.2,3.2,4.6,4.9,3.1,1.8,pollofpolls.no
Opinion,ANB,2017-10-12,25.8,26.7,14.9,6.0,10.6,4.1,4.1,4.8,2.2,0.8,pollofpolls.no
Verian,TV2,2017-10-09,25.4,29.2,13.1,6.4,9.3,3.2,4.8,3.4,3.7,1.6,pollofpolls.no
Norfakta,Nat. / KK,2017-10-07,25.8,27.6,13.4,6.5,11.4,4.4,3.4,3.6,1.8,0.0,pollofpolls.no
Norstat,NRK,2017-10-04,26.4,25.6,14.3,7.5,10.6,3.9,4.2,3.0,2.5,1.9,pollofpolls.no
Ipsos,Dagbladet,2017-09-29,26.1,24.4,14.4,7.4,10.2,3.9,5.4,3.3,2.7,2.3,pollofpolls.no
Norstat,VL,2017-09-28,24.9,25.1,15.0,7.3,11.3,3.2,4.7,2.8,3.7,1.9,pollofpolls.no
Sentio,DN,2017-09-21,26.2,26.8,14.7,6.4,11.4,3.9,3.9,3.3,2.4,0.9,pollofpolls.no
Verian,TV2,2017-09-09,28.1,23.8,14.6,5.6,10.2,4.4,4.6,3.9,3.1,1.7,pollofpolls.no
Norstat,Norstat,2017-09-08,27.2,23.9,14.8,6.7,10.0,4.6,3.2,4.4,3.0,2.2,pollofpolls.no
Verian,TV2,2017-09-08,28.6,23.4,15.2,5.5,10.5,4.3,3.9,4.0,3.3,1.3,pollofpolls.no
Opinion,ANB,2017-09-08,26.4,25.9,15.3,6.0,8.6,3.4,2.5,5.7,4.9,1.3,pollofpolls.no
InFact,VG,2017-09-08,28.0,21.5,12.6,8.1,10.7,4.7,5.2,4.4,3.3,1.5,pollofpolls.no
Norfakta,Nat. / KK,2017-09-08,26.3,25.8,13.8,5.0,10.5,5.3,4.2,4.5,3.1,0.0,pollofpolls.no
Respons Analyse,Aftenp / BT / Adressa,2017-09-07,25.6,24.7,14.3,7.3,9.9,5.5,4.5,2.7,3.1,2.4,pollofpolls.no
Ipsos,Dagbladet,2017-09-07,27.2,23.2,15.3,6.2,9.4,4.2,4.7,4.4,3.5,2.1,pollofpolls.no
Verian,TV2,2017-09-07,28.1,23.4,15.2,5.7,10.1,5.0,4.1,3.7,3.0,1.8,pollofpolls.no
Verian,TV2,2017-09-06,27.0,24.8,14.8,5.7,10.3,4.5,4.3,3.7,2.9,2.0,pollofpolls.no
Norstat,NRK,2017-09-06,25.8,24.2,17.0,5.9,9.6,4.5,3.5,4.6,3.2,1.6,pollofpolls.no
Verian,TV2,2017-09-05,27.5,24.4,14.7,5.7,9.6,4.4,4.7,3.4,3.6,2.0,pollofpolls.no
InFact,VG,2017-09-05,29.3,23.4,12.8,5.5,10.0,5.1,3.9,3.9,3.8,2.3,pollofpolls.no
Verian,TV2,2017-09-04,26.5,24.5,14.3,5.1,10.9,4.4,4.8,3.8,3.4,2.2,pollofpolls.no
Verian,TV2,2017-09-03,26.1,26.1,14.7,4.8,11.0,3.8,4.3,3.5,3.6,2.2,pollofpolls.no
Norstat,VL,2017-08-31,25.6,24.2,16.7,5.2,10.3,4.9,3.1,5.2,3.8,1.7,pollofpolls.no
Respons Analyse,Aftenp / BT / Adressa,2017-08-31,26.1,23.9,16.6,6.2,8.8,5.4,4.9,4.7,2.4,1.0,pollofpolls.no
Verian,TV2,2017-08-31,27.1,25.0,14.9,5.3,11.1,4.1,3.8,3.2,3.3,2.4,pollofpolls.no
InFact,VG,2017-08-31,29.0,21.5,13.0,6.6,11.2,5.5,3.4,4.8,3.1,2.0,pollofpolls.no
Verian,TV2,2017-08-30,26.7,24.7,15.4,5.9,11.1,4.2,3.6,3.5,2.8,2.0,pollofpolls.no
Norstat,NRK,2017-08-29,24.4,25.7,15.0,6.1,10.6,6.0,3.3,4.2,2.7,2.0,pollofpolls.no
Verian,TV2,2017-08-29,25.7,25.1,16.3,6.5,10.4,4.2,3.9,3.6,2.6,1.7,pollofpolls.no
Verian,TV2,2017-08-28,26.5,24.0,16.0,6.5,11.2,4.0,3.7,3.9,2.6,1.6,pollofpolls.no
Verian,TV2,2017-08-27,26.8,24.2,16.7,5.7,11.2,3.7,3.1,4.6,2.9,1.2,pollofpolls.no
Ipsos,Dagbladet,2017-08-25,29.5,23.3,15.0,5.9,10.0,4.4,3.4,2.6,3.8,2.1,pollofpolls.no
Respons Analyse,Aftenp / BT / Adressa,2017-08-24,27.3,25.1,15.5,4.5,10.8,4.5,3.7,3.9,3.2,1.5,pollofpolls.no
InFact,VG,2017-08-24,27.6,22.2,12.0,6.6,12.0,5.3,3.6,4.9,3.6,2.3,pollofpolls.no
Verian,TV2,2017-08-24,27.9,23.3,15.4,5.5,12.1,3.2,3.2,4.7,3.1,1.5,pollofpolls.no
Norstat,NRK,2017-08-23,29.0,22.4,14.2,5.5,9.5,5.1,4.0,4.4,2.7,3.1,pollofpolls.no
Sentio,DN,2017-08-22,27.0,24.2,13.1,5.1,11.1,5.3,4.1,6.1,2.5,1.6,pollofpolls.no
Verian,TV2,2017-08-20,28.4,23.8,12.7,6.4,10.5,5.3,3.5,3.4,3.8,2.2,pollofpolls.no
InFact,VG,2017-08-19,30.5,21.9,12.1,5.6,10.9,5.2,4.1,3.9,3.7,2.4,pollofpolls.no
Norstat,NRK,2017-08-15,27.1,23.8,16.7,5.2,9.2,5.0,3.9,4.6,1.8,2.7,pollofpolls.no
Verian,TV2,2017-08-15,30.3,21.5,13.7,3.6,12.6,3.9,4.4,3.1,4.7,2.1,pollofpolls.no
Respons Analyse,Aftenp / BT / Adressa,2017-08-11,28.1,24.8,13.6,6.4,10.1,5.1,3.6,3.7,2.7,1.9,pollofpolls.no
Opinion,ANB,2017-08-10,30.0,24.9,12.3,4.1,10.8,6.0,3.2,4.3,2.9,1.5,pollofpolls.no
Norfakta,Nat. / KK,2017-08-05,31.9,26.1,13.8,4.6,9.5,4.7,3.1,2.1,1.8,2.5,pollofpolls.no
InFact,VG,2017-08-04,30.0,22.7,12.6,5.2,11.9,5.2,3.2,3.6,3.2,2.3,pollofpolls.no
InFact,VG,2017-07-09,31.9,21.1,11.9,4.5,13.0,4.6,3.5,4.1,2.8,2.7,pollofpolls.no
Norfakta,Nat. / KK,2017-07-08,32.2,22.9,14.7,4.6,9.7,5.2,3.3,3.9,1.8,1.7,pollofpolls.no
Norstat,VL,2017-06-29,30.6,23.3,15.2,4.3,11.7,4.1,3.4,3.9,1.8,1.7,pollofpolls.no
Ipsos,Dagbladet,2017-06-23,31.7,23.1,12.8,4.7,12.2,3.9,4.0,3.2,3.3,1.2,pollofpolls.no
Sentio,DN,2017-06-22,30.3,24.2,11.6,4.3,11.3,4.8,3.6,3.9,3.3,2.8,pollofpolls.no
Verian,TV2,2017-06-20,32.2,22.3,13.7,3.5,14.5,4.5,2.8,2.1,2.6,1.9,pollofpolls.no
Respons Analyse,Aftenp. / BT,2017-06-16,31.7,24.1,14.0,4.8,9.8,4.7,3.5,3.1,2.3,2.0,pollofpolls.no
Opinion,ANB,2017-06-15,32.6,23.1,12.0,4.1,12.8,5.3,3.5,3.8,1.6,1.3,pollofpolls.no
Norfakta,Nat. / KK,2017-06-12,28.5,25.5,14.4,4.7,12.1,4.4,3.0,3.2,2.5,1.8,pollofpolls.no
InFact,VG,2017-06-09,32.3,20.5,12.5,4.5,11.8,4.8,3.2,3.6,3.5,3.3,pollofpolls.no
Norstat,NRK,2017-06-08,33.0,23.7,14.0,4.3,11.6,4.4,3.4,2.8,1.2,1.6,pollofpolls.no
InFact,LF,2017-06-08,34.8,21.2,10.9,4.6,12.8,4.8,3.0,2.8,2.5,2.6,pollofpolls.no
Norstat,VL,2017-06-01,31.0,22.7,15.9,3.4,12.5,4.2,3.1,2.9,1.7,2.5,pollofpolls.no
Ipsos,Dagbladet,2017-05-26,31.2,24.2,14.3,3.9,9.2,5.2,4.3,2.7,2.5,2.5,pollofpolls.no
Sentio,DN,2017-05-26,30.9,24.1,11.0,4.3,15.3,3.8,3.2,3.1,2.8,1.6,pollofpolls.no
Opinion,ANB,2017-05-19,29.4,21.8,15.1,4.1,12.1,5.5,2.9,3.1,3.8,2.1,pollofpolls.no
Verian,TV2,2017-05-11,33.1,23.6,11.6,4.4,15.0,3.7,2.8,2.1,1.7,1.6,pollofpolls.no
Respons Analyse,Aftenp.,2017-05-11,30.9,23.9,16.1,3.8,11.4,4.4,3.4,2.6,2.1,1.4,pollofpolls.no
Norstat,NRK,2017-05-10,32.0,24.0,12.8,4.4,11.2,5.2,3.2,2.6,2.2,2.4,pollofpolls.no
InFact,VG,2017-05-06,32.6,21.6,11.2,4.4,12.7,5.5,3.9,3.0,3.0,2.0,pollofpolls.no
Norfakta,Nat. / KK,2017-05-06,33.7,23.9,13.0,3.7,11.0,5.0,3.2,2.9,2.3,1.4,pollofpolls.no
Norstat,VL,2017-05-05,32.6,24.3,11.7,4.5,12.8,4.3,2.1,3.0,3.3,1.4,pollofpolls.no
Sentio,DN,2017-04-29,32.8,25.1,11.4,4.1,13.1,4.5,3.1,2.5,2.0,1.3,pollofpolls.no
Ipsos,Dagbladet,2017-04-28,33.5,21.9,12.9,4.5,11.1,4.9,4.3,2.4,3.9,0.6,pollofpolls.no
Opinion,ANB,2017-04-19,30.5,25.1,13.1,4.8,11.3,4.2,4.3,2.5,2.0,2.1,pollofpolls.no
InFact,VG,2017-04-13,31.7,19.3,12.9,4.9,13.5,6.0,3.7,3.0,2.5,2.4,pollofpolls.no
Norfakta,Nat. / KK,2017-04-10,32.2,23.8,14.3,3.8,10.7,3.8,3.6,2.8,2.7,2.2,pollofpolls.no
Respons Analyse,Aftenp / BT / Adressa,2017-04-06,30.5,23.6,13.2,5.4,11.5,5.7,3.6,2.6,2.3,1.6,pollofpolls.no
Verian,TV2,2017-04-06,28.9,24.2,12.1,4.7,15.8,3.9,3.2,3.1,1.7,1.9,pollofpolls.no
Norstat,NRK,2017-04-04,33.4,23.7,12.3,4.7,11.3,5.1,3.7,2.6,1.5,1.6,pollofpolls.no
Ipsos,Dagbladet,2017-03-31,30.9,25.3,10.6,3.9,13.4,5.3,4.2,2.4,2.5,1.6,pollofpolls.no
Norstat,VL,2017-03-30,30.8,20.6,15.8,5.0,14.3,4.5,2.7,2.5,2.5,1.3,pollofpolls.no
Sentio,DN,2017-03-23,34.1,22.7,10.8,4.2,12.3,5.0,3.9,3.6,2.8,0.7,pollofpolls.no
InFact,Sp,2017-03-21,33.7,20.1,11.1,4.2,14.3,5.1,4.3,2.7,2.8,1.8,pollofpolls.no
Opinion,ANB,2017-03-16,29.5,26.3,14.3,5.4,9.7,5.5,3.8,2.2,1.5,1.9,pollofpolls.no
Norfakta,Nat. / KK,2017-03-11,34.4,25.3,12.6,4.2,8.9,4.2,3.3,2.5,2.7,2.0,pollofpolls.no
InFact,VG,2017-03-10,35.6,20.8,11.1,4.3,11.0,4.9,5.1,3.1,1.8,2.3,pollofpolls.no
Norstat,NRK,2017-03-09,32.8,22.4,14.4,4.4,10.9,4.6,3.9,2.1,2.0,2.5,pollofpolls.no
Verian,TV2,2017-03-09,32.5,23.7,13.2,4.7,11.1,5.4,3.6,2.1,2.5,1.4,pollofpolls.no
Respons Analyse,Aftenp,2017-03-09,32.0,24.8,11.4,4.6,10.7,5.4,3.7,3.5,2.6,1.3,pollofpolls.no
Norstat,VL,2017-03-02,31.2,23.8,13.2,3.4,10.9,5.4,3.9,2.7,3.2,2.3,pollofpolls.no
Ipsos,Dagbladet,2017-02-24,31.6,23.8,14.1,3.8,11.4,5.2,3.5,2.2,3.0,1.2,pollofpolls.no
Sentio,DN,2017-02-23,30.2,23.7,14.1,3.9,11.4,5.3,5.3,2.2,1.7,2.1,pollofpolls.no
Opinion,ANB,2017-02-16,33.5,23.2,14.2,4.0,9.6,4.4,4.0,2.6,3.3,1.2,pollofpolls.no
Norfakta,Nat. / KK,2017-02-11,33.9,25.0,12.7,3.7,9.6,5.6,3.9,2.4,1.6,1.5,pollofpolls.no
Respons Analyse,Aftenp / BT / Adressa,2017-02-10,34.8,24.4,13.4,4.3,9.1,4.6,3.8,2.3,1.8,1.5,pollofpolls.no
Verian,TV2,2017-02-08,33.2,22.1,15.7,3.9,9.9,3.8,3.9,3.8,2.0,1.6,pollofpolls.no
Norstat,NRK,2017-02-08,33.0,24.6,13.0,5.1,8.6,5.8,3.4,3.1,1.1,2.3,pollofpolls.no
InFact,VG,2017-02-06,33.0,21.0,13.2,4.8,10.2,5.4,4.4,3.3,2.4,2.1,pollofpolls.no
Norstat,VL,2017-02-02,34.3,22.6,16.0,3.8,8.6,4.2,3.5,3.6,1.9,1.6,pollofpolls.no
Ipsos,Dagbladet,2017-01-28,35.3,22.9,14.8,5.0,8.0,4.9,3.7,2.9,1.5,1.0,pollofpolls.no
Sentio,DN,2017-01-27,35.7,22.8,12.1,5.1,9.3,5.4,4.3,1.6,2.7,1.0,pollofpolls.no
Opinion,ANB,2017-01-18,34.0,23.3,16.3,3.6,8.3,5.6,3.7,2.7,2.0,0.6,pollofpolls.no
Respons Analyse,Aftenp,2017-01-14,35.3,23.3,15.4,3.1,7.1,5.0,4.1,2.4,2.6,1.7,pollofpolls.no
InFact,VG,2017-01-11,36.9,20.9,12.0,4.7,8.9,5.4,3.2,3.2,2.2,2.6,pollofpolls.no
Norstat,NRK,2017-01-11,36.1,24.5,15.2,4.1,6.1,5.1,3.9,2.4,1.5,1.1,pollofpolls.no
Verian,TV2,2017-01-10,32.7,24.5,13.6,4.7,8.4,5.3,4.9,1.9,2.6,1.4,pollofpolls.no
Norfakta,Nat. / KK,2017-01-07,37.8,25.3,11.8,4.2,6.2,4.8,4.2,2.6,1.9,1.1,pollofpolls.no
Norstat,VL,2016-12-22,34.1,22.0,15.7,4.2,6.3,6.2,3.8,2.9,2.1,2.6,pollofpolls.no
Ipsos,Dagbladet,2016-12-16,37.8,23.3,13.0,3.4,6.8,4.0,4.8,2.9,1.5,2.1,pollofpolls.no
Sentio,DN,2016-12-16,36.8,23.3,13.7,3.6,8.0,4.8,3.5,2.8,1.9,1.6,pollofpolls.no
Norfakta,Nat. / KK,2016-12-10,38.7,21.6,14.1,5.1,7.3,5.2,2.7,2.3,1.5,1.6,pollofpolls.no
Respons Analyse,Aftenp / BT / Adressa,2016-12-08,34.1,24.9,14.2,4.5,7.5,4.4,4.7,2.4,2.2,1.1,pollofpolls.no
Opinion,ANB,2016-12-07,35.8,24.7,13.4,4.3,6.4,5.2,4.1,2.4,2.4,1.3,pollofpolls.no
Verian,TV2,2016-12-05,37.2,23.0,13.3,3.9,6.0,4.3,4.0,4.5,1.7,2.1,pollofpolls.no
InFact,VG,2016-12-02,36.9,19.9,12.0,4.8,8.4,5.2,4.5,3.5,2.6,2.1,pollofpolls.no
Norstat,NRK,2016-12-01,33.8,25.0,16.5,5.0,7.2,4.2,4.1,1.7,1.3,1.1,pollofpolls.no
Norstat,VL,2016-11-24,34.7,24.8,13.7,3.4,7.6,4.5,4.7,2.5,1.6,2.4,pollofpolls.no
Ipsos,Dagbladet,2016-11-19,35.6,24.8,14.1,3.7,6.3,4.0,4.5,3.5,3.1,0.4,pollofpolls.no
InFact,VG,2016-11-18,38.1,19.7,12.1,4.4,8.8,5.4,4.2,3.6,2.0,1.7,pollofpolls.no
Sentio,DN,2016-11-18,38.4,23.5,10.4,3.8,7.7,5.9,3.5,3.4,1.3,2.1,pollofpolls.no
Respons Analyse,Aftenp,2016-11-11,33.7,24.1,12.4,4.5,7.0,5.5,6.6,2.3,2.1,1.8,pollofpolls.no
Opinion,ANB,2016-11-09,36.0,24.9,9.9,4.2,7.8,5.5,4.5,3.3,2.4,1.5,pollofpolls.no
Norfakta,Nat. / KK,2016-11-05,34.6,24.9,14.2,4.1,6.1,4.9,6.0,1.8,1.6,1.8,pollofpolls.no
Norstat,NRK,2016-11-02,37.4,23.5,13.6,4.9,6.6,5.0,4.0,2.5,1.4,1.2,pollofpolls.no
Verian,TV2,2016-11-01,38.0,23.7,11.9,5.7,5.3,4.8,3.6,3.1,2.3,1.5,pollofpolls.no
Norstat,VL,2016-10-27,38.4,21.9,17.1,3.1,6.2,4.3,4.0,1.7,1.8,1.5,pollofpolls.no
Ipsos,Dagbladet,2016-10-24,36.3,25.3,12.8,4.3,6.4,4.7,4.5,2.6,2.3,0.7,pollofpolls.no
Sentio,DN,2016-10-20,36.2,25.8,13.3,3.2,7.2,4.7,3.0,2.6,2.4,1.5,pollofpolls.no
Respons Analyse,Aftenp. / BT,2016-10-13,35.8,23.5,14.0,3.7,7.0,4.4,5.1,3.3,1.9,1.3,pollofpolls.no
Opinion,ANB,2016-10-12,36.8,26.0,12.9,3.7,6.6,3.7,4.5,1.9,2.3,1.5,pollofpolls.no
InFact,VG,2016-10-12,38.3,21.7,11.5,4.2,8.5,5.1,4.8,2.5,1.5,1.9,pollofpolls.no
Norfakta,Nat. / KK,2016-10-10,38.5,23.3,12.9,4.2,5.5,4.7,4.6,2.9,1.5,1.8,pollofpolls.no
Norstat,NRK,2016-10-05,33.9,26.2,14.1,3.9,7.2,4.2,4.0,3.9,0.9,1.7,pollofpolls.no
Verian,TV2,2016-10-03,34.9,27.1,12.8,4.2,6.0,4.7,4.3,2.4,1.9,1.9,pollofpolls.no
Norstat,VL,2016-09-29,34.6,26.3,13.7,2.8,6.7,4.3,3.4,3.5,2.0,2.8,pollofpolls.no
Ipsos,Dagbladet,2016-09-26,34.4,23.7,14.4,5.4,7.9,4.3,4.3,3.2,2.0,0.3,pollofpolls.no
Sentio,DN,2016-09-23,38.4,22.9,14.7,4.4,7.4,4.4,3.7,1.8,1.1,1.2,pollofpolls.no
Respons Analyse,Aftenp. / BT,2016-09-17,33.7,24.7,14.9,3.6,5.7,5.2,5.2,3.8,1.4,1.8,pollofpolls.no
Opinion,ANB,2016-09-14,37.5,24.2,11.4,3.3,6.7,6.0,4.4,3.3,2.0,1.1,pollofpolls.no
InFact,VG,2016-09-11,32.3,22.7,13.2,5.9,8.8,7.1,3.3,2.1,2.1,2.4,pollofpolls.no
Norfakta,Nat. / KK,2016-09-10,33.8,27.1,15.1,3.3,6.5,3.8,4.6,2.9,1.0,2.0,pollofpolls.no
Norstat,NRK,2016-09-07,33.7,25.0,16.2,3.7,6.9,4.3,4.5,3.1,1.7,0.9,pollofpolls.no
Verian,TV2,2016-09-05,33.6,26.9,14.8,4.2,7.4,3.7,4.9,2.1,1.9,0.7,pollofpolls.no
Norstat,VL,2016-09-01,34.3,24.8,16.5,4.1,6.7,4.9,4.5,1.6,1.5,1.1,pollofpolls.no
Ipsos,Dagbladet,2016-08-29,34.1,24.3,16.4,4.4,6.3,4.4,3.8,3.5,1.5,1.4,pollofpolls.no
Sentio,DN,2016-08-29,36.8,21.6,15.2,3.0,7.5,4.5,4.7,3.3,1.7,1.8,pollofpolls.no
Respons Analyse,Aftenp. / BT,2016-08-18,36.1,24.7,13.7,4.2,5.5,5.2,4.7,2.6,1.2,2.1,pollofpolls.no
Norstat,NRK,2016-08-17,34.4,24.2,15.4,4.2,7.1,4.5,3.3,3.0,1.5,2.5,pollofpolls.no
Opinion,ANB,2016-08-11,36.4,25.4,14.5,2.6,6.4,5.0,4.6,2.4,1.7,1.0,pollofpolls.no
Verian,TV2,2016-08-08,34.0,27.1,13.2,4.4,6.1,4.6,3.8,3.4,1.8,1.6,pollofpolls.no
Norfakta,Nat. / KK,2016-08-06,36.2,26.4,12.2,3.9,6.9,5.0,3.7,3.5,1.3,0.8,pollofpolls.no
Norfakta,Nat. / KK,2016-07-09,30.4,25.9,15.1,3.6,7.7,5.0,4.7,3.0,1.8,0.0,pollofpolls.no
Verian,TV2,2016-07-04,32.2,24.9,14.9,4.7,7.0,5.1,4.5,2.6,2.9,1.1,pollofpolls.no
Norstat,VL,2016-06-30,35.3,23.0,15.6,4.6,6.8,4.4,3.5,4.2,1.2,1.3,pollofpolls.no
Sentio,DN,2016-06-28,32.3,23.2,17.5,3.3,5.9,6.1,4.3,4.5,1.4,1.5,pollofpolls.no
Ipsos,Dagbladet,2016-06-26,30.7,25.3,16.2,3.7,6.7,5.0,4.3,3.5,2.0,2.5,pollofpolls.no
Opinion,ANB,2016-06-15,35.3,24.4,14.5,4.4,5.4,5.2,3.5,3.2,2.6,1.5,pollofpolls.no
Norfakta,Nat. / KK,2016-06-11,35.0,23.0,14.9,5.0,6.8,5.1,5.4,3.2,1.0,0.0,pollofpolls.no
Respons Analyse,Aftenp. / BT,2016-06-10,32.5,24.6,17.1,4.2,6.1,5.0,4.6,2.8,2.1,1.0,pollofpolls.no
Norstat,NRK,2016-06-08,34.5,21.5,16.6,4.2,7.1,4.8,4.2,2.8,1.8,2.5,pollofpolls.no
Verian,TV2,2016-06-06,34.9,23.9,14.7,4.5,5.9,4.1,4.8,4.1,2.2,0.7,pollofpolls.no
Norstat,VL,2016-06-03,36.6,20.9,15.9,5.7,5.2,5.4,4.1,3.4,1.1,1.8,pollofpolls.no
InFact,VG,2016-05-28,34.0,22.4,14.2,4.6,8.4,5.3,3.6,3.2,2.0,2.4,pollofpolls.no
Sentio,DN,2016-05-27,33.8,23.3,17.6,4.1,7.5,4.4,3.7,3.6,1.1,0.0,pollofpolls.no
Ipsos,Dagbladet,2016-05-27,34.8,22.6,12.6,4.5,6.5,5.5,5.1,3.7,2.8,1.8,pollofpolls.no
Opinion,ANB,2016-05-18,31.3,25.4,14.5,3.4,6.2,6.4,3.9,4.2,2.5,2.2,pollofpolls.no
Respons Analyse,Aftenp,2016-05-13,33.5,25.5,15.3,3.9,5.5,5.8,4.9,3.3,1.4,0.9,pollofpolls.no
Norstat,NRK,2016-05-10,32.1,24.3,15.1,5.1,6.5,5.3,5.3,2.5,2.4,1.3,pollofpolls.no
Norfakta,Nat. / KK,2016-05-07,36.0,20.5,17.4,3.7,6.1,5.0,4.9,2.2,2.5,0.0,pollofpolls.no
Norstat,VL,2016-05-06,30.8,26.1,17.3,4.5,6.5,5.2,4.7,2.1,2.0,0.8,pollofpolls.no
Verian,TV2,2016-05-02,35.9,25.1,15.6,2.6,6.3,4.6,3.8,3.0,1.8,1.4,pollofpolls.no
Sentio,DN,2016-04-29,33.4,23.5,14.7,4.4,6.9,6.1,5.2,2.3,1.7,1.8,pollofpolls.no
Ipsos,Dagbladet,2016-04-22,32.8,23.1,15.8,5.9,5.9,6.2,4.7,3.2,2.0,0.4,pollofpolls.no
Opinion,ANB,2016-04-20,32.7,26.1,16.2,4.6,6.4,5.5,3.3,2.4,0.9,1.9,pollofpolls.no
Respons Analyse,Aftenp. / BT,2016-04-15,33.7,22.8,16.7,4.3,5.2,5.5,5.1,3.9,1.0,1.8,pollofpolls.no
Norstat,NRK,2016-04-13,32.5,24.9,17.1,3.5,6.0,5.2,4.6,3.2,1.5,1.5,pollofpolls.no
Norfakta,Nat. / KK,2016-04-09,35.3,24.5,16.0,2.6,5.4,5.1,5.6,3.4,1.5,0.0,pollofpolls.no
InFact,VG,2016-04-08,33.6,22.4,15.5,4.9,7.2,5.5,3.9,3.5,1.9,1.6,pollofpolls.no
Norstat,VL,2016-04-08,34.6,21.8,18.8,3.3,5.6,4.8,4.2,3.6,1.6,1.7,pollofpolls.no
Verian,TV2,2016-04-05,35.8,24.5,16.5,4.4,6.2,3.9,3.5,3.0,1.4,0.8,pollofpolls.no
Sentio,DN,2016-03-30,32.3,24.3,17.6,3.4,5.8,5.6,4.7,3.8,1.6,1.1,pollofpolls.no
Ipsos,Dagbladet,2016-03-17,32.5,26.3,14.6,3.0,7.1,4.9,4.9,3.2,3.0,0.5,pollofpolls.no
Opinion,ANB,2016-03-16,33.1,26.6,16.4,3.6,5.4,3.9,4.5,3.7,1.7,1.3,pollofpolls.no
Respons Analyse,Aftenp,2016-03-11,34.1,24.1,16.2,3.6,5.8,5.1,4.6,3.0,1.8,1.7,pollofpolls.no
Norstat,NRK,2016-03-10,31.6,24.0,18.6,4.0,6.6,4.8,4.4,2.9,1.5,1.6,pollofpolls.no
Norfakta,Nat. / KK,2016-03-05,31.4,25.3,16.9,3.7,6.4,4.6,5.1,3.1,2.2,1.3,pollofpolls.no
Norstat,VL,2016-03-03,31.2,25.9,17.1,5.7,6.3,4.9,3.6,3.0,1.5,0.0,pollofpolls.no
Verian,TV2,2016-03-01,33.6,24.8,15.8,4.0,6.1,4.7,4.4,3.2,2.0,1.5,pollofpolls.no
InFact,VG,2016-02-29,34.0,21.2,16.7,4.1,7.4,4.7,3.7,4.3,2.0,1.9,pollofpolls.no
Sentio,DN,2016-02-26,33.2,23.8,17.0,4.9,5.1,5.1,4.8,2.6,1.5,2.1,pollofpolls.no
Ipsos,Dagbladet,2016-02-18,33.8,21.4,18.2,4.2,5.9,3.8,4.5,4.9,2.5,0.7,pollofpolls.no
Opinion,ANB,2016-02-17,32.0,24.0,17.4,4.8,5.1,6.2,4.2,2.7,2.5,1.1,pollofpolls.no
Respons Analyse,Aftenp. / BT,2016-02-11,32.5,25.0,18.1,3.9,4.9,4.5,4.8,4.0,1.6,0.7,pollofpolls.no
Norstat,NRK,2016-02-11,32.4,25.1,18.0,3.0,5.8,5.5,4.2,4.4,1.1,0.4,pollofpolls.no
Norfakta,Nat. / KK,2016-02-06,31.9,26.5,16.9,4.2,4.9,4.9,4.2,3.2,2.4,0.9,pollofpolls.no
Norstat,VL,2016-02-04,33.5,25.7,14.6,4.6,4.9,5.5,3.6,3.7,2.5,1.4,pollofpolls.no
Verian,TV2,2016-02-01,33.4,25.0,14.2,3.1,5.8,6.3,4.9,3.8,2.4,1.2,pollofpolls.no
InFact,VG,2016-02-01,33.4,23.4,15.4,4.9,7.4,5.1,3.2,3.9,1.8,1.5,pollofpolls.no
Sentio,DN,2016-01-28,32.5,24.1,17.2,3.8,6.4,4.3,3.4,4.4,1.5,2.3,pollofpolls.no
Ipsos,Dagbladet,2016-01-21,37.1,22.6,15.6,3.3,6.1,4.7,4.9,2.6,2.9,0.0,pollofpolls.no
Opinion,ANB,2016-01-20,32.2,25.3,17.5,4.1,5.4,4.2,4.1,4.3,2.5,0.4,pollofpolls.no
Respons Analyse,Aftenp,2016-01-15,30.8,23.4,17.8,4.5,5.7,5.1,4.7,4.2,2.0,1.8,pollofpolls.no
Norstat,NRK,2016-01-13,29.7,25.0,16.3,4.3,6.5,5.6,5.0,4.3,1.7,1.6,pollofpolls.no
Verian,TV2,2016-01-11,33.5,24.2,15.7,3.9,5.3,5.4,5.2,3.5,2.2,1.0,pollofpolls.no
Norfakta,Nat. / KK,2016-01-09,33.4,24.5,14.8,4.4,6.2,4.5,4.1,4.5,1.2,2.3,pollofpolls.no
Norstat,VL,2015-12-29,33.4,23.8,19.2,3.5,4.5,6.0,3.2,3.0,1.7,1.7,pollofpolls.no
Ipsos,Dagbladet,2015-12-18,34.0,20.9,16.9,3.6,7.6,4.5,4.0,5.4,1.9,1.0,pollofpolls.no
Sentio,DN,2015-12-16,35.6,20.6,16.6,3.6,7.1,4.3,4.0,4.4,2.2,1.6,pollofpolls.no
Respons Analyse,Aftenp. / BT,2015-12-10,31.3,23.7,17.6,3.9,5.3,5.0,5.2,4.6,1.6,1.8,pollofpolls.no
Opinion,ANB,2015-12-09,35.4,21.6,18.3,3.3,6.0,4.4,3.3,3.8,1.9,1.9,pollofpolls.no
Norfakta,Nat. / KK,2015-12-07,33.5,20.7,18.2,3.5,4.7,5.1,4.5,5.3,1.9,0.0,pollofpolls.no
Norstat,NRK,2015-12-02,34.6,22.5,17.3,4.3,5.8,5.4,3.4,4.0,1.8,1.0,pollofpolls.no
Verian,TV2,2015-12-01,34.2,22.5,15.6,3.9,6.6,5.2,5.2,3.9,2.1,1.2,pollofpolls.no
Norstat,VL,2015-11-26,35.8,20.4,18.1,4.0,6.5,4.6,3.5,3.2,2.4,1.6,pollofpolls.no
Sentio,DN,2015-11-21,34.9,20.3,18.2,3.0,7.0,5.2,3.6,4.7,1.6,1.4,pollofpolls.no
InFact,VG,2015-11-20,35.3,20.3,16.1,4.4,7.2,5.3,4.2,3.4,2.0,1.7,pollofpolls.no
Ipsos,Dagbladet,2015-11-19,36.1,20.0,17.5,3.8,6.2,4.4,4.5,4.3,2.7,0.0,pollofpolls.no
Respons Analyse,Aftenp. / BT,2015-11-12,32.3,22.8,18.7,4.3,5.1,4.7,5.3,4.1,1.9,0.8,pollofpolls.no
Opinion,ANB,2015-11-11,33.1,24.7,15.3,3.6,6.7,4.2,4.2,4.5,1.5,2.2,pollofpolls.no
Norfakta,Nat. / KK,2015-11-07,35.2,21.7,16.6,4.2,4.3,4.9,5.2,5.1,1.5,1.3,pollofpolls.no
Norstat,NRK,2015-11-04,35.5,23.8,13.3,3.9,6.0,5.5,4.2,3.9,1.9,1.9,pollofpolls.no
Verian,TV2,2015-11-02,37.9,23.7,12.5,3.8,6.3,5.3,3.7,3.4,2.1,1.3,pollofpolls.no
Norstat,VL,2015-10-28,32.4,24.3,15.0,5.4,6.8,5.0,4.9,3.4,2.2,0.6,pollofpolls.no
Sentio,DN,2015-10-23,37.6,22.5,12.3,3.3,7.2,5.0,5.6,4.5,1.1,1.0,pollofpolls.no
Ipsos,Dagbladet,2015-10-23,35.5,23.3,10.2,5.9,7.7,5.4,4.8,3.0,3.2,1.0,pollofpolls.no
Respons Analyse,Aftenp,2015-10-16,34.5,24.3,13.2,4.3,6.3,5.3,4.9,4.0,2.1,1.1,pollofpolls.no
Norstat,NRK,2015-10-14,40.2,20.3,12.8,3.4,5.8,5.6,5.2,4.2,1.2,1.3,pollofpolls.no
Norfakta,Nat. / KK,2015-10-10,38.1,23.3,11.9,4.1,5.5,5.2,6.0,4.9,0.9,0.0,pollofpolls.no
Opinion,ANB,2015-10-08,36.2,22.7,11.0,3.0,6.4,6.9,5.6,4.8,1.8,1.5,pollofpolls.no
Verian,TV2,2015-10-05,37.9,23.5,9.5,5.0,5.8,5.9,5.1,4.0,2.1,1.6,pollofpolls.no
Norstat,VL,2015-10-01,34.8,22.0,12.4,3.5,8.0,5.6,5.0,5.1,1.7,2.0,pollofpolls.no
Norstat,NRK,2015-09-29,34.6,23.5,11.3,3.9,7.2,6.2,5.5,4.5,1.8,1.6,pollofpolls.no
Ipsos,Dagbladet,2015-09-28,37.9,23.2,11.3,3.8,6.6,5.7,4.9,3.5,2.4,0.6,pollofpolls.no
Sentio,DN,2015-09-26,36.7,21.6,12.5,4.0,5.5,5.6,5.0,5.9,1.4,1.9,pollofpolls.no
Respons Analyse,Aftenp. / BT,2015-09-22,34.6,23.3,13.3,4.7,6.5,5.2,5.7,4.1,1.5,1.1,pollofpolls.no
Norfakta,Nat. / KK,2015-09-05,35.6,25.6,12.6,3.1,5.6,5.9,4.1,5.4,1.2,0.0,pollofpolls.no
Norstat,VL,2015-09-03,34.4,22.5,12.4,5.2,6.4,5.3,6.2,5.1,0.0,1.4,pollofpolls.no
Respons Analyse,Aftenp. / BT,2015-08-28,33.1,23.8,12.8,3.9,6.2,5.0,5.2,5.0,2.2,2.8,pollofpolls.no
Verian,TV2,2015-08-27,36.3,24.9,11.6,4.8,5.9,3.1,5.4,5.0,1.6,1.4,pollofpolls.no
Sentio,DN,2015-08-27,34.2,20.6,14.3,4.6,6.3,6.1,3.8,6.0,1.6,2.3,pollofpolls.no
Ipsos,Dagbladet,2015-08-23,38.3,24.0,13.0,4.8,4.2,4.6,5.2,4.0,1.4,0.5,pollofpolls.no
Opinion,ANB,2015-08-19,37.6,21.7,12.8,3.5,6.2,5.2,4.8,4.7,1.4,2.2,pollofpolls.no
Norstat,NRK,2015-08-12,37.4,24.7,12.4,3.6,6.1,4.7,3.6,4.4,1.8,1.4,pollofpolls.no
Verian,TV2,2015-08-10,37.4,24.4,11.7,3.4,5.5,5.0,4.6,4.9,1.8,1.4,pollofpolls.no
Norfakta,Nat. / KK,2015-08-08,36.4,26.2,12.7,3.2,5.6,5.4,3.4,3.9,1.4,1.8,pollofpolls.no
Norfakta,Nat. / KK,2015-07-11,38.1,21.8,13.3,3.9,4.3,5.7,4.5,3.9,2.5,2.0,pollofpolls.no
Verian,TV2,2015-07-10,38.8,22.8,11.0,4.1,4.6,4.6,5.7,5.0,1.5,1.7,pollofpolls.no
Norstat,VL,2015-07-02,35.8,23.4,14.2,4.9,6.4,5.1,3.5,3.9,1.0,1.6,pollofpolls.no
Sentio,DN,2015-06-27,38.1,22.0,16.4,2.8,5.7,5.3,3.9,3.9,1.8,0.3,pollofpolls.no
Ipsos,Dagbladet,2015-06-22,36.8,21.4,14.3,4.0,5.9,5.6,4.0,4.5,2.2,1.4,pollofpolls.no
Opinion,ANB,2015-06-17,41.1,22.8,9.6,3.3,5.2,5.6,3.8,6.5,1.0,1.3,pollofpolls.no
Norstat,NRK,2015-06-12,41.0,22.0,12.1,3.5,5.1,5.2,4.5,4.3,1.1,1.3,pollofpolls.no
Respons Analyse,Aftenp. / BT,2015-06-11,35.9,24.7,12.9,3.6,5.7,5.3,5.3,4.8,1.2,0.6,pollofpolls.no
Norfakta,Nat. / KK,2015-06-06,39.5,22.2,10.9,3.4,6.5,5.4,4.7,4.0,1.4,0.0,pollofpolls.no
Verian,TV2,2015-06-05,37.9,23.5,11.7,4.2,5.7,5.1,5.3,4.1,1.4,1.1,pollofpolls.no
Norstat,VL,2015-06-04,40.0,21.6,11.7,2.1,5.7,5.6,4.7,4.0,1.6,3.0,pollofpolls.no
Sentio,DN,2015-06-02,40.3,22.1,11.3,4.3,5.5,5.3,4.0,3.9,1.5,1.8,pollofpolls.no
Ipsos,Dagbladet,2015-05-26,38.6,23.2,12.8,3.2,6.2,4.9,3.6,4.9,1.6,0.9,pollofpolls.no
Norstat,NRK,2015-05-26,37.5,22.0,12.1,3.8,6.4,5.8,3.9,5.5,1.4,2.6,pollofpolls.no
Opinion,ANB,2015-05-14,38.6,24.2,12.2,3.1,6.0,4.7,3.6,5.0,2.0,0.6,pollofpolls.no
Norfakta,Nat. / KK,2015-05-09,37.6,22.8,12.5,3.1,5.3,5.6,5.2,3.6,1.7,2.5,pollofpolls.no
Respons Analyse,Aftenp. / BT,2015-05-07,36.8,24.2,13.3,3.8,5.2,5.3,5.6,3.7,1.3,0.8,pollofpolls.no
Norstat,VL,2015-05-06,42.5,22.8,10.6,3.3,5.4,4.6,4.5,4.0,1.2,1.1,pollofpolls.no
Verian,TV2,2015-05-04,35.0,26.5,11.1,4.7,6.5,5.2,5.1,3.3,1.7,1.0,pollofpolls.no
Sentio,DN,2015-05-01,37.4,26.1,11.3,3.7,5.0,5.6,4.9,3.0,1.2,1.8,pollofpolls.no
Ipsos,Dagbladet,2015-04-25,38.8,22.3,13.0,4.0,5.1,5.4,5.0,3.6,1.9,1.0,pollofpolls.no
Opinion,ANB,2015-04-22,40.4,21.8,11.3,3.1,6.1,7.1,4.6,4.4,0.5,0.6,pollofpolls.no
Respons Analyse,Aftenp / BT / Adressa,2015-04-16,37.3,25.2,10.9,3.1,5.8,5.2,5.0,4.4,1.4,0.7,pollofpolls.no
Norstat,NRK,2015-04-15,41.5,22.2,11.8,3.8,5.7,4.8,3.7,3.8,1.1,1.8,pollofpolls.no
Verian,TV2,2015-04-13,39.6,22.6,8.6,5.1,4.7,5.4,6.5,4.1,2.0,0.0,pollofpolls.no
Norfakta,Nat. / KK,2015-04-11,37.3,24.7,11.7,3.8,5.6,5.3,6.0,3.3,0.8,1.5,pollofpolls.no
Norstat,VL,2015-04-01,41.7,22.3,10.0,2.6,5.9,6.5,3.8,4.3,1.8,1.2,pollofpolls.no
Ipsos,Dagbladet,2015-03-30,41.1,23.5,9.9,3.7,7.3,4.6,4.1,3.0,2.2,0.6,pollofpolls.no
Sentio,DN,2015-03-26,42.5,23.6,9.1,3.3,6.3,6.6,3.7,3.1,1.2,0.7,pollofpolls.no
Opinion,ANB,2015-03-18,43.4,23.5,9.8,2.6,4.1,5.9,3.4,4.4,1.6,1.2,pollofpolls.no
Respons Analyse,Aftenp.,2015-03-12,42.1,21.3,9.5,3.0,6.1,6.3,6.3,2.7,1.1,1.5,pollofpolls.no
Norstat,NRK,2015-03-12,40.5,21.9,12.2,3.8,6.6,4.5,4.2,3.6,0.9,1.9,pollofpolls.no
Norfakta,Nat. / KK,2015-03-07,41.6,23.4,11.5,3.8,4.9,4.4,5.2,2.6,1.0,0.0,pollofpolls.no
Norstat,VL,2015-03-05,41.6,21.0,10.0,4.1,5.8,6.4,5.1,3.1,1.1,1.8,pollofpolls.no
Verian,TV2,2015-03-02,38.8,25.0,10.7,4.8,5.8,5.0,4.3,3.0,2.0,0.7,pollofpolls.no
Ipsos,Dagbladet,2015-03-02,41.3,21.5,11.3,3.7,5.5,5.6,4.2,3.7,2.7,0.4,pollofpolls.no
InFact,VG,2015-02-28,41.8,20.8,11.7,3.8,4.8,6.0,4.4,4.2,1.4,1.2,pollofpolls.no
Sentio,DN,2015-02-25,43.4,21.4,9.2,4.3,5.8,5.4,4.6,3.6,1.0,1.5,pollofpolls.no
Opinion,ANB,2015-02-19,42.8,21.4,10.0,4.0,6.4,4.9,4.5,3.1,2.4,0.6,pollofpolls.no
Respons Analyse,Aftenp,2015-02-16,41.1,21.7,9.9,4.1,5.9,5.8,5.2,3.3,1.8,1.1,pollofpolls.no
Norstat,NRK,2015-02-11,39.7,21.8,13.5,3.6,6.5,4.7,4.1,3.9,1.3,0.8,pollofpolls.no
Norfakta,Nat. / KK,2015-02-07,41.3,21.9,12.4,3.8,5.1,4.5,4.9,2.9,1.2,2.1,pollofpolls.no
Norstat,VL,2015-02-05,42.4,20.9,12.1,3.6,5.1,5.1,5.0,4.6,0.7,0.4,pollofpolls.no
Verian,TV2,2015-02-02,42.3,20.3,10.6,4.1,6.0,5.8,4.9,3.5,1.5,1.0,pollofpolls.no
Sentio,DN,2015-01-30,42.7,23.4,10.2,3.3,4.8,5.2,4.6,2.7,1.0,2.5,pollofpolls.no
Ipsos,Dagbladet,2015-01-23,42.4,22.7,11.2,3.9,5.0,5.6,4.2,3.2,1.5,0.9,pollofpolls.no
Opinion,ANB,2015-01-21,40.6,22.9,11.9,3.5,5.3,5.6,4.7,3.5,1.4,0.7,pollofpolls.no
Respons Analyse,Aftenp.,2015-01-19,41.2,22.7,11.3,4.6,4.6,5.3,4.8,3.7,1.2,0.6,pollofpolls.no
Norstat,NRK,2015-01-14,40.4,23.3,12.3,3.3,5.0,5.4,4.4,3.9,1.0,1.2,pollofpolls.no
Verian,TV2,2015-01-12,42.8,20.9,10.5,3.2,7.0,4.7,5.7,3.2,1.2,0.8,pollofpolls.no
Norfakta,Nat. / KK,2015-01-10,40.1,22.6,11.9,4.4,6.1,5.2,3.8,3.3,1.4,1.2,pollofpolls.no
Norstat,VL,2014-12-29,41.6,22.0,12.4,3.0,4.1,5.6,4.6,4.8,1.3,0.4,pollofpolls.no
Ipsos,Dagbladet,2014-12-20,39.8,23.4,12.0,3.9,5.4,5.9,4.8,3.0,0.9,0.9,pollofpolls.no
Sentio,DN,2014-12-20,42.3,21.2,11.4,4.3,5.7,5.2,5.3,2.6,1.3,0.6,pollofpolls.no
Respons Analyse,Aftenp. / BT,2014-12-11,42.0,22.0,10.1,3.5,6.0,6.1,5.1,3.4,1.6,0.2,pollofpolls.no
Opinion,ANB,2014-12-10,41.8,22.3,10.2,3.5,5.6,5.6,5.0,4.2,1.1,0.6,pollofpolls.no
Norfakta,Nat. / KK,2014-12-06,40.5,23.6,11.6,3.8,5.4,5.4,4.9,2.1,0.9,1.8,pollofpolls.no
Norstat,NRK,2014-12-04,42.8,21.5,12.6,3.3,5.4,5.0,3.3,3.7,1.0,1.2,pollofpolls.no
Verian,TV2,2014-12-01,40.7,23.9,10.0,4.7,4.1,4.1,4.8,4.4,2.1,1.2,pollofpolls.no
Norstat,VL,2014-11-28,41.0,22.2,11.3,4.0,5.4,6.3,3.7,4.1,1.0,1.1,pollofpolls.no
InFact,VG,2014-11-28,40.6,19.5,12.9,3.9,5.5,6.4,4.7,3.8,1.4,1.3,pollofpolls.no
Ipsos,Dagbladet,2014-11-21,41.4,23.0,13.0,3.8,5.1,4.9,4.4,2.9,0.7,0.9,pollofpolls.no
Sentio,DN,2014-11-21,41.2,23.3,10.7,3.5,6.1,4.6,3.8,3.9,2.2,0.9,pollofpolls.no
Respons Analyse,Aftenp. / BT,2014-11-13,36.2,23.1,11.9,3.5,5.4,7.2,7.0,3.6,1.3,0.8,pollofpolls.no
Opinion,ANB,2014-11-13,42.2,22.0,11.4,3.8,5.2,5.9,3.9,3.5,1.3,0.9,pollofpolls.no
Norfakta,Nat. / KK,2014-11-08,38.3,23.4,11.3,4.1,4.8,6.6,6.0,2.9,1.4,1.2,pollofpolls.no
Norstat,NRK,2014-11-04,40.9,23.8,11.3,3.8,4.9,5.7,4.3,3.5,1.2,0.5,pollofpolls.no
Verian,TV2,2014-11-03,39.8,23.4,9.5,4.4,5.4,5.4,4.9,3.6,2.0,1.4,pollofpolls.no
InFact,VG,2014-10-31,39.2,21.4,14.1,4.5,4.7,5.0,4.8,3.3,1.6,1.5,pollofpolls.no
Norstat,VL,2014-10-30,37.6,24.7,13.2,3.7,5.2,4.9,4.7,3.9,1.3,0.9,pollofpolls.no
Ipsos,Dagbladet,2014-10-27,37.4,25.9,12.2,3.3,5.6,4.5,5.4,3.8,1.4,0.6,pollofpolls.no
Sentio,DN,2014-10-25,39.8,25.5,12.2,3.1,5.1,4.5,3.6,3.3,0.9,2.1,pollofpolls.no
Respons Analyse,Aftenp.,2014-10-16,38.4,24.6,12.8,3.4,5.0,5.0,4.4,3.7,1.3,1.4,pollofpolls.no
Opinion,ANB,2014-10-16,39.0,25.9,13.8,2.7,4.6,4.4,4.5,3.0,0.6,1.4,pollofpolls.no
Norfakta,Nat. / KK,2014-10-13,35.1,25.7,13.3,3.2,6.5,5.6,4.4,3.5,1.7,1.0,pollofpolls.no
Norstat,NRK,2014-10-08,34.0,27.2,14.3,3.9,5.3,4.9,4.6,4.0,1.1,0.8,pollofpolls.no
Verian,TV2,2014-10-06,36.5,25.3,13.8,4.7,4.2,3.7,5.2,4.5,1.6,0.6,pollofpolls.no
Norstat,VL,2014-10-02,36.3,26.0,14.9,3.2,5.3,4.5,3.9,3.4,1.5,0.9,pollofpolls.no
Ipsos,Dagbladet,2014-09-27,34.0,28.5,13.0,4.0,4.7,4.9,4.4,2.6,1.6,1.8,pollofpolls.no
Sentio,DN,2014-09-27,34.1,25.8,13.7,4.2,5.6,5.5,4.5,3.8,1.5,1.3,pollofpolls.no
Respons Analyse,Aftenp. / BT,2014-09-19,34.2,26.4,15.8,3.6,5.4,5.0,4.4,3.2,1.2,0.8,pollofpolls.no
Opinion,ANB,2014-09-17,34.8,27.5,14.3,3.4,3.8,5.0,5.0,4.1,1.4,0.8,pollofpolls.no
Norstat,NRK,2014-09-09,37.6,25.8,13.3,3.2,4.6,5.9,4.7,3.3,0.8,0.8,pollofpolls.no
Norfakta,Nat. / KK,2014-09-06,36.2,25.2,15.3,3.6,5.3,4.8,4.4,3.2,1.0,1.0,pollofpolls.no
Norstat,VL,2014-09-03,35.3,27.0,15.1,2.4,4.9,4.8,4.8,3.9,1.2,0.5,pollofpolls.no
Verian,TV2,2014-09-01,34.1,26.7,12.3,4.3,5.3,4.9,6.0,4.1,1.1,1.1,pollofpolls.no
InFact,MDG,2014-08-31,33.8,26.3,15.1,4.2,4.8,5.1,4.2,3.7,1.2,1.6,pollofpolls.no
Sentio,DN,2014-08-29,33.6,28.5,13.8,3.5,6.3,4.2,4.5,3.4,0.7,1.3,pollofpolls.no
Ipsos,Dagbladet,2014-08-23,32.8,30.9,11.0,3.8,4.5,4.5,5.4,4.2,1.4,1.5,pollofpolls.no
Respons Analyse,Aftenp / BT / Adressa,2014-08-22,34.8,25.4,14.7,4.6,5.0,5.5,4.5,3.3,1.1,1.1,pollofpolls.no
Opinion,ANB,2014-08-21,36.6,27.1,13.4,2.5,5.1,4.7,4.7,4.2,0.8,1.8,pollofpolls.no
Norstat,NRK,2014-08-14,34.3,25.5,15.3,4.4,4.9,5.5,4.5,3.1,1.2,0.4,pollofpolls.no
Verian,TV2,2014-08-12,33.7,26.6,12.6,4.0,4.9,6.2,5.0,4.1,1.8,0.8,pollofpolls.no
Norfakta,Nat. / KK,2014-08-11,36.0,24.6,15.0,3.9,5.7,4.9,4.5,3.5,1.2,0.7,pollofpolls.no
Norfakta,Nat. / KK,2014-07-07,36.8,26.3,12.8,2.7,5.1,5.1,5.2,3.7,1.1,1.2,pollofpolls.no
Norstat,VL,2014-07-03,34.4,26.6,14.1,2.9,5.9,4.2,5.5,3.8,1.5,1.1,pollofpolls.no
Verian,TV2,2014-07-01,37.6,27.6,10.0,3.4,5.0,4.6,5.2,3.3,2.0,1.4,pollofpolls.no
Sentio,DN,2014-06-26,34.5,25.4,15.5,3.1,4.8,5.4,4.0,3.5,1.3,2.5,pollofpolls.no
Ipsos,Dagbladet,2014-06-21,35.5,28.5,12.1,3.1,5.5,4.2,4.7,4.1,1.4,0.9,pollofpolls.no
Opinion,ANB,2014-06-19,36.1,25.3,14.2,3.4,5.3,5.5,4.8,3.6,1.4,0.4,pollofpolls.no
Norstat,NRK,2014-06-12,35.4,26.1,14.5,3.7,4.9,5.8,3.8,4.3,0.9,0.6,pollofpolls.no
Norfakta,Nat. / KK,2014-06-07,34.5,25.7,13.5,3.0,6.1,5.7,5.5,3.1,1.3,1.6,pollofpolls.no
Norstat,VL,2014-06-07,35.8,26.9,14.1,2.5,4.4,5.0,4.7,4.0,1.0,1.4,pollofpolls.no
Respons Analyse,Aftenp. / BT,2014-06-07,33.6,26.5,14.4,4.3,5.1,5.4,4.7,3.3,1.1,1.6,pollofpolls.no
Verian,TV2,2014-06-02,34.4,26.1,11.7,4.5,6.1,4.6,6.5,3.1,1.7,1.3,pollofpolls.no
InFact,VG,2014-05-31,33.7,26.0,14.3,4.5,5.0,5.7,4.7,3.8,1.2,1.3,pollofpolls.no
Sentio,DN,2014-05-31,34.9,26.2,13.1,3.3,5.3,5.4,5.9,2.3,1.5,2.1,pollofpolls.no
Ipsos,Dagbladet,2014-05-24,36.0,25.6,14.5,3.7,5.1,4.9,4.6,2.8,2.0,0.9,pollofpolls.no
Opinion,ANB,2014-05-22,32.7,26.9,15.1,3.9,4.8,5.7,5.4,3.3,1.9,0.4,pollofpolls.no
Norstat,NRK,2014-05-16,35.9,26.5,14.3,3.8,4.6,4.8,4.7,4.1,0.9,0.4,pollofpolls.no
Norfakta,Nat. / KK,2014-05-10,33.9,28.1,13.3,4.0,4.9,4.9,5.4,3.2,0.7,1.6,pollofpolls.no
Respons Analyse,Aftenp. / BT,2014-05-09,33.2,26.8,12.8,4.3,5.7,5.7,4.8,3.5,1.3,1.6,pollofpolls.no
Norstat,VL,2014-05-08,34.4,26.2,13.7,4.4,5.7,5.4,5.0,3.1,1.3,0.1,pollofpolls.no
Verian,TV2,2014-05-05,32.2,27.8,12.5,4.5,4.9,4.8,5.3,4.2,1.7,2.1,pollofpolls.no
Sentio,DN,2014-05-02,31.7,28.9,13.2,3.7,5.1,5.4,5.9,3.7,0.7,1.7,pollofpolls.no
InFact,VG,2014-04-30,34.2,25.3,15.8,4.0,4.6,5.0,4.7,3.7,1.4,1.3,pollofpolls.no
Ipsos,Dagbladet,2014-04-28,32.8,27.9,13.2,4.8,4.6,5.6,6.3,0.0,2.1,2.9,pollofpolls.no
Opinion,ANB,2014-04-23,34.5,27.5,13.8,3.1,4.7,5.2,5.3,4.0,1.0,0.8,pollofpolls.no
Norstat,NRK,2014-04-11,35.4,25.9,15.7,3.4,3.9,5.1,5.0,3.7,1.4,0.5,pollofpolls.no
Respons Analyse,Aftenp.,2014-04-11,34.0,29.8,13.6,2.9,4.3,5.4,5.3,2.4,1.4,0.9,pollofpolls.no
Norfakta,Nat. / KK,2014-04-05,34.5,27.8,13.9,3.7,4.9,4.9,4.7,3.5,0.9,1.2,pollofpolls.no
InFact,VG,2014-04-03,33.5,26.8,14.9,3.6,4.9,5.4,5.3,2.9,1.2,2.1,pollofpolls.no
Norstat,VL,2014-04-03,35.7,27.0,13.9,3.4,4.5,5.8,4.7,3.1,1.2,1.6,pollofpolls.no
Verian,TV2,2014-04-02,33.0,29.5,11.3,4.5,4.5,5.9,6.1,3.5,1.1,0.6,pollofpolls.no
Ipsos,Dagbladet,2014-03-30,33.7,27.6,12.8,5.0,4.9,4.6,5.5,3.1,1.6,1.3,pollofpolls.no
Sentio,DN,2014-03-28,35.3,26.2,15.1,3.9,5.1,5.1,4.3,2.6,1.0,1.4,pollofpolls.no
Opinion,ANB,2014-03-20,35.7,26.6,14.9,3.9,4.7,4.7,5.0,2.5,1.1,1.0,pollofpolls.no
Respons Analyse,Aftenp.,2014-03-15,34.7,27.7,13.9,3.6,4.4,5.1,6.1,2.8,1.4,0.3,pollofpolls.no
Norstat,NRK,2014-03-13,35.2,26.4,14.6,2.8,4.7,5.0,4.7,3.6,1.4,1.7,pollofpolls.no
Norfakta,Nat. / KK,2014-03-10,33.4,26.6,15.5,3.5,5.2,5.9,4.6,3.4,1.3,0.6,pollofpolls.no
Norstat,VL,2014-03-06,34.3,27.0,13.9,3.7,5.0,4.6,4.2,3.9,2.1,1.2,pollofpolls.no
InFact,VG,2014-03-04,33.6,26.8,15.5,3.6,4.9,4.8,5.0,3.3,0.9,1.6,pollofpolls.no
Verian,TV2,2014-03-03,35.2,27.6,11.6,4.3,4.9,4.7,6.2,3.2,1.5,0.8,pollofpolls.no
Ipsos,Dagbladet,2014-03-02,34.4,26.5,15.0,3.3,4.7,5.3,5.2,3.0,2.0,0.6,pollofpolls.no
Sentio,DN,2014-02-28,33.7,29.9,12.8,4.0,5.1,5.1,4.3,2.2,1.0,1.8,pollofpolls.no
Opinion,ANB,2014-02-20,34.8,27.2,15.0,3.2,4.3,4.9,5.1,2.9,1.3,1.2,pollofpolls.no
Norstat,NRK,2014-02-19,33.1,28.8,13.0,3.9,4.9,5.9,4.3,3.8,1.4,0.9,pollofpolls.no
Respons Analyse,Aftenp / Adressa,2014-02-14,34.7,27.0,14.3,4.8,4.6,5.0,5.1,2.5,0.9,1.1,pollofpolls.no
Norfakta,Nat. / KK,2014-02-10,34.3,28.8,14.5,3.1,4.0,5.2,4.6,3.1,1.2,1.2,pollofpolls.no
Norstat,VL,2014-02-06,32.1,30.3,11.7,3.9,5.9,5.1,5.1,4.0,1.4,0.5,pollofpolls.no
Verian,TV2,2014-02-03,34.1,29.2,11.9,4.2,5.2,5.6,4.9,2.8,1.1,0.9,pollofpolls.no
Sentio,DN,2014-01-31,35.3,28.4,15.5,3.1,4.3,4.7,3.8,3.0,0.9,1.0,pollofpolls.no
InFact,VG,2014-01-31,32.4,28.3,14.1,4.0,4.6,5.3,5.2,3.3,1.6,1.3,pollofpolls.no
Ipsos,Dagbladet,2014-01-26,34.6,28.0,14.2,3.5,4.9,5.2,4.5,2.4,1.8,0.9,pollofpolls.no
Opinion,ANB,2014-01-23,33.8,28.8,13.4,4.0,4.5,4.8,5.5,3.9,0.9,0.4,pollofpolls.no
Respons Analyse,Aftenp. / BT,2014-01-17,33.7,31.0,12.6,3.7,4.3,5.2,4.6,2.7,1.2,1.0,pollofpolls.no
Norstat,NRK,2014-01-17,32.7,30.5,11.7,4.2,4.3,6.3,5.2,3.1,1.2,1.3,pollofpolls.no
Verian,TV2,2014-01-13,32.4,28.6,12.6,4.8,5.1,5.5,4.2,3.2,1.3,2.3,pollofpolls.no
Norfakta,Nat. / KK,2014-01-11,32.9,29.4,14.7,4.1,3.9,5.5,4.9,3.3,0.4,1.0,pollofpolls.no
Norstat,VL,2013-12-28,34.9,27.0,14.7,3.4,4.3,5.7,4.5,3.2,1.1,1.4,pollofpolls.no
InFact,VG,2013-12-26,35.3,25.8,14.3,4.0,4.8,5.1,4.6,3.4,1.4,1.3,pollofpolls.no
Sentio,DN,2013-12-23,34.0,27.2,13.9,3.9,4.9,4.4,5.6,3.0,1.1,1.3,pollofpolls.no
Ipsos,Dagbladet,2013-12-21,32.1,29.9,13.2,4.6,5.0,4.6,5.1,2.7,1.6,1.3,pollofpolls.no
Respons Analyse,Aftenp.,2013-12-14,33.2,28.7,14.5,3.6,4.6,5.2,5.4,2.3,1.5,1.0,pollofpolls.no
Opinion,ANB,2013-12-12,32.7,27.9,14.8,3.5,4.9,5.8,5.4,3.1,0.8,1.1,pollofpolls.no
Norstat,NRK,2013-12-09,32.8,28.2,14.1,3.7,4.8,5.4,5.2,3.3,1.0,1.5,pollofpolls.no
Norfakta,Nat. / KK,2013-12-09,32.7,28.7,14.6,4.0,4.5,5.3,4.7,2.4,1.3,1.8,pollofpolls.no
InFact,VG,2013-12-03,33.4,26.4,14.9,4.1,4.7,6.1,4.7,3.1,1.2,1.4,pollofpolls.no
Verian,TV2,2013-12-02,31.5,27.8,12.9,4.5,5.0,6.4,6.9,2.6,1.3,1.2,pollofpolls.no
Norstat,VL,2013-11-29,31.7,28.0,15.2,3.4,5.3,5.3,5.7,3.2,1.3,1.0,pollofpolls.no
Ipsos,Dagbladet,2013-11-25,30.8,30.1,13.5,4.4,4.8,5.2,6.0,3.1,0.9,1.0,pollofpolls.no
Sentio,DN,2013-11-23,34.5,27.0,14.3,3.5,4.3,6.2,4.8,3.0,1.3,1.1,pollofpolls.no
Respons Analyse,Aftenp.,2013-11-15,35.1,26.2,15.1,3.8,5.3,4.6,4.5,2.8,1.1,1.5,pollofpolls.no
Opinion,ANB,2013-11-14,31.6,27.9,14.3,3.2,5.6,6.0,6.1,3.3,1.5,0.6,pollofpolls.no
Norfakta,Nat. / KK,2013-11-11,30.8,29.5,15.3,4.5,4.8,5.1,4.8,2.8,1.1,1.3,pollofpolls.no
Norstat,NRK,2013-11-07,31.4,27.1,15.3,4.3,5.3,5.0,5.0,3.8,0.9,1.9,pollofpolls.no
Verian,TV2,2013-11-04,31.0,28.1,12.4,5.3,4.9,6.2,5.8,3.8,1.4,1.2,pollofpolls.no
Norstat,VL,2013-11-01,32.9,26.9,15.1,4.0,4.9,4.9,5.5,3.9,1.1,0.7,pollofpolls.no
Ipsos,Dagbladet,2013-10-27,32.0,28.6,14.9,4.2,4.4,5.4,5.5,2.3,1.7,0.8,pollofpolls.no
InFact,VG,2013-10-26,33.7,26.2,14.2,4.5,4.6,5.5,5.0,3.4,1.4,1.4,pollofpolls.no
Sentio,DN,2013-10-26,29.7,30.6,13.7,3.6,5.0,5.6,5.7,2.8,0.9,2.3,pollofpolls.no
Respons Analyse,Aftenp.,2013-10-18,31.7,28.1,14.8,4.0,5.1,5.8,5.8,2.9,1.0,1.0,pollofpolls.no
Opinion,ANB,2013-10-18,31.7,27.1,13.8,4.1,4.9,6.5,5.7,4.1,1.5,0.8,pollofpolls.no
Norstat,NRK,2013-10-09,30.5,25.7,17.0,4.2,4.7,4.7,6.4,4.3,1.3,1.1,pollofpolls.no
Verian,TV2,2013-10-07,33.4,27.3,13.3,4.4,4.1,5.6,6.1,2.9,1.3,1.5,pollofpolls.no
Norfakta,Nat. / KK,2013-10-05,32.7,28.4,15.0,3.7,4.8,5.1,4.9,2.7,1.3,1.4,pollofpolls.no
Norstat,VL,2013-09-30,32.5,26.5,15.8,3.5,5.2,6.6,4.3,3.9,1.0,0.7,pollofpolls.no
Ipsos,Dagbladet,2013-09-28,30.0,27.9,14.5,3.8,5.1,6.5,5.6,3.6,2.2,1.1,pollofpolls.no
Opinion,ANB,2013-09-25,31.6,26.3,16.9,4.6,4.9,5.0,5.1,4.0,1.1,0.5,pollofpolls.no
Sentio,DN,2013-09-20,31.5,27.6,14.3,4.6,5.3,5.4,5.8,2.8,1.2,1.6,pollofpolls.no
Respons Analyse,Aftenp. / BT,2013-09-08,28.3,28.2,14.1,4.8,5.9,5.3,6.7,3.9,1.6,1.2,pollofpolls.no
Norfakta,Nat. / KK,2013-09-07,27.3,27.4,21.9,4.3,5.6,4.2,4.8,1.7,1.3,1.5,pollofpolls.no
Ipsos,Dagbladet,2013-09-07,29.4,25.9,16.4,5.8,4.9,5.1,4.5,4.1,2.3,1.7,pollofpolls.no
InFact,VG,2013-09-07,28.6,27.3,14.2,5.3,5.6,5.8,6.2,3.6,1.6,1.8,pollofpolls.no
Verian,TV2,2013-09-07,30.4,24.5,16.5,5.3,5.0,6.1,6.2,3.0,1.4,1.6,pollofpolls.no
Respons Analyse,Aftenp / BT / Adressa,2013-09-06,28.2,31.3,13.9,5.9,4.9,6.3,4.6,3.2,1.2,0.5,pollofpolls.no
InFact,VG,2013-09-06,30.5,26.9,13.8,4.6,5.2,5.9,6.2,3.1,1.8,1.9,pollofpolls.no
Norstat,NRK,2013-09-06,28.3,25.1,17.9,5.0,5.6,6.5,5.4,3.1,1.6,1.5,pollofpolls.no
Verian,TV2,2013-09-06,30.0,26.1,15.9,5.3,4.9,6.6,6.2,2.4,1.2,1.5,pollofpolls.no
Opinion,ANB,2013-09-05,29.2,27.1,18.7,3.6,4.3,6.0,5.0,3.5,1.4,1.1,pollofpolls.no
Sentio,DN,2013-09-05,30.4,29.3,14.5,4.6,4.4,5.0,6.1,3.0,1.3,1.3,pollofpolls.no
InFact,VG,2013-09-05,29.2,27.6,13.1,4.9,5.5,6.9,5.5,3.7,1.7,1.9,pollofpolls.no
Verian,TV2,2013-09-05,29.8,25.9,16.6,5.3,5.3,6.4,5.7,2.7,1.2,1.2,pollofpolls.no
Verian,TV2,2013-09-04,28.4,26.9,17.0,5.7,5.0,6.8,4.9,2.8,1.3,1.2,pollofpolls.no
InFact,VG,2013-09-04,28.2,27.5,14.5,4.9,5.6,7.1,5.0,3.5,1.8,1.8,pollofpolls.no
Verian,TV2,2013-09-03,29.6,26.7,17.1,5.6,4.5,6.8,4.4,2.8,1.4,1.2,pollofpolls.no
InFact,VG,2013-09-03,28.2,28.2,14.4,4.8,5.3,6.2,5.7,3.8,1.5,1.7,pollofpolls.no
InFact,VG,2013-09-02,28.9,27.9,14.8,4.1,5.4,5.8,7.1,3.9,0.8,1.2,pollofpolls.no
Verian,TV2,2013-09-02,30.7,27.0,16.6,4.8,4.1,6.6,4.9,2.5,1.2,1.6,pollofpolls.no
Verian,TV2,2013-09-01,32.2,25.5,16.6,4.8,4.9,5.7,5.3,2.5,1.0,1.6,pollofpolls.no
InFact,VG,2013-09-01,30.0,25.6,16.5,4.5,5.5,5.7,6.6,2.9,1.3,1.5,pollofpolls.no
InFact,VG,2013-08-31,28.0,27.2,15.6,4.8,5.4,5.2,6.5,3.3,1.9,2.1,pollofpolls.no
Ipsos,Dagbladet,2013-08-31,28.5,28.7,15.1,5.4,4.3,5.9,6.3,2.9,1.7,1.2,pollofpolls.no
Respons Analyse,Aftenp / BT / Adressa,2013-08-30,28.2,28.9,14.2,4.5,5.8,5.8,5.7,4.5,1.4,1.0,pollofpolls.no
InFact,VG,2013-08-30,27.5,28.9,14.6,3.9,5.3,5.5,7.1,3.6,1.6,2.0,pollofpolls.no
Norstat,NRK,2013-08-30,27.9,25.7,20.6,3.8,5.0,5.6,5.7,3.1,1.3,1.4,pollofpolls.no
Verian,TV2,2013-08-29,33.6,25.3,15.9,4.1,5.2,5.5,5.0,2.3,1.4,1.7,pollofpolls.no
InFact,VG,2013-08-29,28.9,27.9,14.9,4.2,5.5,5.9,6.1,3.4,1.5,1.6,pollofpolls.no
Norstat,VL,2013-08-29,28.4,27.0,17.1,5.0,5.1,4.4,6.0,4.1,1.3,1.6,pollofpolls.no
InFact,VG,2013-08-28,28.7,27.7,15.2,4.0,5.6,5.8,5.9,4.2,1.4,1.4,pollofpolls.no
Verian,TV2,2013-08-27,32.8,27.0,14.5,4.1,5.7,5.6,4.6,2.3,1.6,1.9,pollofpolls.no
InFact,VG,2013-08-27,28.6,29.0,14.6,3.5,4.9,5.1,7.3,4.1,1.2,1.7,pollofpolls.no
InFact,VG,2013-08-26,29.0,29.2,13.7,4.0,5.0,5.0,6.9,3.9,1.2,2.0,pollofpolls.no
Verian,TV2,2013-08-25,30.8,27.5,15.7,4.6,5.7,4.7,4.8,3.2,0.8,2.1,pollofpolls.no
InFact,VG,2013-08-25,29.3,28.2,14.4,4.4,6.0,5.5,5.5,3.9,1.6,1.2,pollofpolls.no
Ipsos,Dagbladet,2013-08-24,29.7,29.6,13.0,4.3,5.6,6.0,4.1,3.9,2.1,1.7,pollofpolls.no
InFact,VG,2013-08-24,29.9,28.3,14.5,4.4,6.0,5.7,5.0,3.6,1.6,1.1,pollofpolls.no
Norstat,NRK,2013-08-23,29.1,26.2,18.9,3.9,5.4,6.3,4.2,4.7,0.9,0.3,pollofpolls.no
InFact,VG,2013-08-23,29.1,30.1,13.2,4.4,5.2,6.1,5.5,3.7,1.4,1.4,pollofpolls.no
Sentio,DN,2013-08-23,28.5,28.1,16.0,5.4,5.5,4.7,5.4,3.6,1.4,1.4,pollofpolls.no
Respons Analyse,Aftenp / BT / Adressa,2013-08-23,29.4,28.5,13.9,4.6,4.8,5.6,5.9,5.2,1.3,0.8,pollofpolls.no
InFact,VG,2013-08-22,28.1,29.6,13.3,4.7,4.7,5.9,5.9,4.7,1.5,1.4,pollofpolls.no
Verian,TV2,2013-08-21,31.8,26.8,15.9,4.0,4.7,5.6,4.4,2.9,1.6,2.3,pollofpolls.no
InFact,VG,2013-08-21,28.2,28.9,14.0,4.8,5.3,5.4,5.6,4.7,1.5,1.6,pollofpolls.no
InFact,VG,2013-08-20,27.1,30.5,13.3,4.5,5.4,5.7,5.5,4.1,1.7,2.2,pollofpolls.no
Verian,TV2,2013-08-19,30.2,29.4,15.1,4.3,5.5,4.9,4.4,2.3,2.1,1.6,pollofpolls.no
Ipsos,Dagbladet,2013-08-17,32.5,27.5,14.8,4.3,4.8,5.1,4.8,2.9,1.2,2.0,pollofpolls.no
Respons Analyse,Aftenp. / BT,2013-08-17,27.3,32.2,12.6,3.1,5.7,5.8,5.5,5.1,1.4,1.3,pollofpolls.no
Norstat,NRK,2013-08-16,28.9,31.1,17.8,2.5,3.7,5.6,4.1,3.6,1.6,0.9,pollofpolls.no
Verian,TV2,2013-08-12,28.6,31.6,14.4,4.1,5.5,4.9,5.1,2.8,1.9,1.1,pollofpolls.no
InFact,VG,2013-08-12,28.0,31.0,13.5,4.3,5.7,5.2,4.8,3.8,1.9,1.9,pollofpolls.no
Norfakta,Nat. / KK,2013-08-10,26.9,31.2,17.7,3.7,4.5,5.4,4.4,2.7,2.0,1.5,pollofpolls.no
Norstat,NRK,2013-08-07,26.3,29.7,20.9,4.8,5.7,5.6,3.4,0.9,2.0,0.5,pollofpolls.no
InFact,VG,2013-08-07,27.5,31.9,14.2,3.3,5.3,5.5,5.6,2.9,2.0,1.7,pollofpolls.no
Verian,TV2,2013-08-05,30.1,31.6,14.0,5.5,5.6,3.7,3.6,2.4,1.4,2.1,pollofpolls.no
InFact,VG,2013-07-08,29.7,31.2,13.6,3.3,5.2,5.5,5.2,2.1,2.0,2.2,pollofpolls.no
Norfakta,Nat. / KK,2013-07-06,27.4,28.5,22.0,4.1,5.1,4.8,4.0,1.6,2.0,0.7,pollofpolls.no
Respons Analyse,Aftenp / BT / Adressa,2013-07-06,26.6,32.5,14.6,4.3,4.2,5.7,6.5,3.6,1.5,0.5,pollofpolls.no
Verian,TV2,2013-07-01,28.4,34.1,14.5,3.9,4.0,4.6,5.1,2.0,1.9,1.5,pollofpolls.no
Norstat,VL,2013-06-27,28.1,33.2,18.0,4.0,4.1,5.1,3.7,1.8,1.3,0.9,pollofpolls.no
Sentio,DN,2013-06-22,29.8,29.1,17.0,5.1,5.7,4.2,4.3,1.6,1.4,1.7,pollofpolls.no
Ipsos,Dagbladet,2013-06-22,31.3,32.5,13.3,4.4,4.5,5.4,3.6,0.0,1.2,3.7,pollofpolls.no
Respons Analyse,Aftenp / BT / Adressa,2013-06-15,26.4,36.2,13.2,4.2,4.1,7.2,5.0,1.9,1.0,0.8,pollofpolls.no
Opinion,ANB,2013-06-13,25.2,32.0,19.9,4.4,5.0,5.1,4.1,2.2,1.0,1.3,pollofpolls.no
InFact,VG,2013-06-09,28.5,32.9,14.0,4.2,4.7,5.2,5.4,2.2,1.3,1.7,pollofpolls.no
Norfakta,Nat. / KK,2013-06-08,29.2,30.2,18.6,4.2,3.7,6.1,3.8,1.0,2.0,0.0,pollofpolls.no
Norstat,NRK,2013-06-06,27.5,31.4,17.7,4.8,4.5,5.4,4.7,1.3,1.4,1.3,pollofpolls.no
Verian,TV2,2013-06-03,31.6,30.6,15.5,3.8,4.4,3.8,3.2,1.8,2.8,2.5,pollofpolls.no
Norstat,VL,2013-05-31,30.0,29.4,19.2,4.5,4.1,4.5,3.9,2.2,1.4,0.9,pollofpolls.no
Ipsos,Dagbladet,2013-05-25,27.9,35.4,13.1,5.6,4.7,4.4,5.6,0.0,1.3,2.1,pollofpolls.no
Norstat,NRK,2013-05-22,27.3,33.7,17.2,5.0,3.3,6.0,3.5,1.4,1.7,1.0,pollofpolls.no
Respons Analyse,Aftenp / BT / Aftenbl / Adressa,2013-05-18,29.3,34.7,11.9,4.7,4.3,5.9,5.4,1.1,1.4,1.3,pollofpolls.no
Opinion,ANB,2013-05-16,28.7,31.0,16.2,4.9,4.8,5.8,4.9,1.7,0.9,1.1,pollofpolls.no
Norfakta,Nat. / KK,2013-05-13,29.4,30.7,17.8,4.0,4.0,5.1,4.2,1.2,1.9,1.7,pollofpolls.no
Sentio,DN,2013-05-11,30.2,28.7,15.1,4.6,5.2,6.0,5.2,1.8,2.1,1.2,pollofpolls.no
InFact,VG,2013-05-09,29.5,33.9,12.6,4.3,4.8,4.7,5.0,1.9,1.7,1.6,pollofpolls.no
Verian,TV2,2013-05-06,28.2,31.3,16.8,5.0,4.6,4.8,5.1,1.2,1.6,1.4,pollofpolls.no
Norstat,VL,2013-05-02,28.3,29.6,20.5,4.3,4.7,5.5,3.9,1.2,1.1,0.8,pollofpolls.no
Ipsos,Dagbladet,2013-04-27,28.0,32.5,13.7,5.7,4.9,4.7,5.4,0.0,2.0,3.2,pollofpolls.no
Sentio,DN,2013-04-26,29.6,32.5,15.7,4.5,4.6,4.9,4.4,1.7,0.7,1.3,pollofpolls.no
InFact,VG,2013-04-18,28.1,34.1,14.8,3.7,5.2,4.4,5.2,1.5,1.5,1.5,pollofpolls.no
Norstat,NRK,2013-04-18,27.2,28.9,19.8,5.1,5.3,5.2,3.9,1.2,2.0,1.3,pollofpolls.no
Respons Analyse,Aftenp / BT / Adressa,2013-04-12,27.1,35.6,13.1,4.6,4.2,5.5,5.6,1.3,1.8,0.8,pollofpolls.no
Opinion,ANB,2013-04-11,27.3,32.1,18.7,4.9,4.9,5.0,3.7,0.6,1.2,1.4,pollofpolls.no
Verian,TV2,2013-04-08,29.9,33.5,15.5,4.2,4.8,4.5,4.0,0.8,1.2,1.4,pollofpolls.no
Norfakta,Nat. / KK,2013-04-06,27.1,32.6,17.0,5.7,4.7,6.0,4.0,0.6,1.7,0.6,pollofpolls.no
Norstat,VL,2013-04-02,24.6,31.3,19.9,6.2,4.2,5.8,4.6,1.1,1.3,0.8,pollofpolls.no
Ipsos,Dagbladet,2013-03-24,27.5,35.1,15.2,4.6,5.5,4.2,5.1,0.0,0.8,2.1,pollofpolls.no
Sentio,DN,2013-03-21,31.7,26.5,19.3,4.2,5.8,5.9,3.9,0.5,1.7,0.9,pollofpolls.no
Respons Analyse,Aftenp / BT / Aftenbl / Adressa,2013-03-15,26.4,37.9,11.7,4.8,4.8,4.9,5.4,2.3,1.4,0.4,pollofpolls.no
InFact,VG,2013-03-15,29.2,33.7,13.5,4.1,4.2,5.3,5.2,1.4,1.4,2.0,pollofpolls.no
Norstat,NRK,2013-03-13,27.1,32.0,20.4,3.9,3.5,5.8,3.6,0.9,0.8,1.8,pollofpolls.no
Norfakta,Nat. / KK,2013-03-11,27.7,32.0,17.0,4.1,5.3,5.8,5.0,1.0,1.5,0.6,pollofpolls.no
Opinion,ANB,2013-03-07,28.8,31.9,17.7,4.3,4.7,5.7,4.2,0.7,1.2,0.6,pollofpolls.no
Verian,TV2,2013-03-04,27.7,31.3,17.9,4.6,5.4,4.6,4.8,1.1,2.0,0.6,pollofpolls.no
Norstat,VL,2013-03-01,26.9,31.6,18.9,5.2,3.8,4.9,5.3,0.8,1.6,1.0,pollofpolls.no
Ipsos,Dagbladet,2013-02-23,29.3,32.1,17.1,5.5,4.6,4.5,3.1,0.0,1.9,1.8,pollofpolls.no
Sentio,DN,2013-02-22,28.7,30.4,19.1,4.9,4.1,3.8,5.0,1.0,0.8,2.1,pollofpolls.no
InFact,VG,2013-02-20,29.1,31.4,10.9,5.6,6.1,8.3,3.9,1.6,1.2,2.1,pollofpolls.no
Respons Analyse,Aftenp / BT / Adressa,2013-02-16,29.0,35.2,12.5,4.0,3.8,5.3,6.5,1.8,1.3,0.6,pollofpolls.no
Opinion,ANB,2013-02-14,26.4,36.0,16.9,4.5,3.8,5.2,4.3,0.0,1.1,1.8,pollofpolls.no
Norfakta,Nat. / KK,2013-02-11,28.7,32.1,17.6,4.2,3.8,5.7,4.8,1.2,1.2,0.7,pollofpolls.no
Norstat,NRK,2013-02-07,30.2,30.2,17.6,5.5,5.3,4.4,3.9,0.7,1.5,0.8,pollofpolls.no
Verian,TV2,2013-02-04,26.1,36.1,13.1,5.2,6.0,5.0,4.5,1.0,2.4,0.5,pollofpolls.no
Norstat,VL,2013-01-31,27.8,31.8,18.7,4.0,4.4,4.6,4.2,0.0,1.5,1.8,pollofpolls.no
Ipsos,Dagbladet,2013-01-26,29.5,34.3,14.8,3.9,4.6,5.2,4.1,0.0,1.6,2.0,pollofpolls.no
Sentio,DN,2013-01-24,29.6,29.5,20.0,3.9,4.9,4.9,4.7,1.1,0.9,0.6,pollofpolls.no
Respons Analyse,Aftenp / BT / Adressa,2013-01-21,26.5,40.1,10.7,3.8,3.6,4.9,6.0,1.8,1.4,1.2,pollofpolls.no
InFact,VG,2013-01-18,28.8,35.2,11.0,4.0,5.1,7.7,4.6,1.0,1.3,1.3,pollofpolls.no
Opinion,ANB,2013-01-17,28.7,35.2,15.4,4.2,4.1,4.9,4.0,0.0,2.4,1.1,pollofpolls.no
Verian,TV2,2013-01-15,29.2,32.2,16.8,3.6,5.1,6.2,4.1,0.7,0.9,1.1,pollofpolls.no
Norfakta,Nat. / KK,2013-01-12,27.1,33.7,17.1,4.3,3.8,5.9,5.0,0.7,1.4,0.9,pollofpolls.no
Norstat,NRK,2013-01-10,28.5,33.2,17.8,3.9,4.0,5.6,3.3,0.0,1.0,1.1,pollofpolls.no
Sentio,SMP,2013-01-02,30.6,31.0,16.2,5.1,4.7,5.1,3.8,0.5,1.5,1.5,pollofpolls.no
Ipsos,Dagbladet,2012-12-22,26.6,33.1,14.1,5.9,4.9,5.1,6.3,0.0,2.5,1.4,pollofpolls.no
Norstat,VL,2012-12-21,28.4,29.1,18.9,3.8,5.7,5.8,4.4,0.8,1.9,0.6,pollofpolls.no
InFact,VG,2012-12-20,29.0,34.3,13.3,3.3,4.5,5.7,5.4,0.0,1.5,1.8,pollofpolls.no
Respons Analyse,Aftenp. / BT,2012-12-15,28.2,34.7,13.0,4.0,4.6,6.8,5.4,0.9,1.3,1.1,pollofpolls.no
Sentio,DN,2012-12-14,27.4,30.5,20.1,5.0,3.8,4.7,4.4,0.0,2.4,1.7,pollofpolls.no
Opinion,ANB,2012-12-13,29.4,31.9,16.1,5.5,4.6,4.6,4.5,0.0,1.6,1.9,pollofpolls.no
Norfakta,Nat. / KK,2012-12-08,29.6,31.3,18.4,4.1,4.4,4.8,4.9,0.9,1.3,0.2,pollofpolls.no
Norstat,NRK,2012-12-06,27.1,30.7,21.6,3.9,4.1,4.5,4.9,1.1,1.6,0.5,pollofpolls.no
InFact,VG,2012-12-05,31.4,33.1,12.7,2.9,5.0,5.3,5.1,1.9,1.9,0.7,pollofpolls.no
Verian,TV2,2012-12-03,28.8,31.7,13.9,4.7,5.5,5.8,6.2,0.0,1.5,1.9,pollofpolls.no
Sentio,SMP,2012-11-30,28.9,29.6,19.2,4.8,3.9,5.6,3.7,0.6,2.1,0.9,pollofpolls.no
Ipsos,Dagbladet,2012-11-24,29.9,31.6,15.4,3.9,4.9,5.2,6.1,0.0,1.5,1.5,pollofpolls.no
Norstat,VL,2012-11-23,31.8,27.0,18.1,4.0,4.2,5.8,5.4,0.0,1.5,0.8,pollofpolls.no
InFact,VG,2012-11-18,29.6,33.4,13.5,4.0,5.1,5.0,5.3,0.0,1.6,2.4,pollofpolls.no
Respons Analyse,Aftenp. / BT,2012-11-17,31.3,35.3,10.9,5.2,3.5,5.1,5.7,1.2,1.7,0.1,pollofpolls.no
Sentio,DN,2012-11-16,28.3,28.0,20.4,4.5,4.6,4.9,6.0,0.0,1.6,1.6,pollofpolls.no
Opinion,ANB,2012-11-15,27.5,31.1,18.8,5.0,4.8,3.8,5.8,0.0,1.4,1.3,pollofpolls.no
Norfakta,Nat. / KK,2012-11-12,29.3,31.7,17.8,4.5,4.9,5.0,4.5,1.0,1.1,0.2,pollofpolls.no
Norstat,NRK,2012-11-08,27.2,33.9,18.2,4.0,3.9,6.0,3.5,0.0,1.3,1.9,pollofpolls.no
Verian,TV2,2012-11-05,30.2,35.2,15.4,4.4,5.6,3.2,3.8,0.2,0.7,1.2,pollofpolls.no
Sentio,SMP,2012-11-01,31.4,28.5,18.9,4.2,3.6,5.6,4.3,0.6,2.0,0.9,pollofpolls.no
Ipsos,Dagbladet,2012-10-28,28.8,33.0,17.5,5.0,4.3,5.3,3.8,0.0,1.5,1.9,pollofpolls.no
Norstat,VL,2012-10-25,25.6,34.0,19.7,4.6,4.0,4.0,4.6,0.0,1.7,2.0,pollofpolls.no
InFact,VG,2012-10-25,27.6,36.0,14.2,3.1,4.8,5.6,4.8,0.9,1.9,1.1,pollofpolls.no
Sentio,DN,2012-10-19,26.4,31.4,21.1,3.8,4.0,4.9,5.2,0.0,1.2,1.9,pollofpolls.no
Opinion,ANB,2012-10-18,26.6,34.4,17.8,4.2,5.0,4.7,4.7,0.0,1.4,1.2,pollofpolls.no
Respons Analyse,Aftenp,2012-10-12,30.0,37.0,11.6,4.5,4.2,5.0,4.9,0.8,1.1,0.9,pollofpolls.no
Norstat,NRK,2012-10-11,29.1,31.5,17.8,3.3,3.9,5.5,4.9,0.8,2.0,1.3,pollofpolls.no
Norfakta,Nat. / KK,2012-10-08,28.1,33.5,18.7,3.7,4.2,5.0,4.1,0.5,1.3,0.9,pollofpolls.no
Verian,TV2,2012-10-01,28.4,34.6,16.3,4.7,4.9,5.1,3.6,1.2,0.4,0.8,pollofpolls.no
Ipsos,Dagbladet,2012-09-29,30.6,31.6,17.8,3.0,5.2,5.1,3.0,0.0,2.2,1.6,pollofpolls.no
Sentio,SMP,2012-09-28,29.4,31.5,18.8,4.1,4.0,5.4,2.6,1.7,1.9,0.7,pollofpolls.no
Norstat,VL,2012-09-27,30.2,33.1,17.1,3.9,4.1,5.2,3.6,0.0,2.0,0.3,pollofpolls.no
Opinion,ANB,2012-09-20,27.9,33.3,16.7,4.1,5.2,5.1,4.1,0.0,2.2,1.3,pollofpolls.no
Respons Analyse,Aftenp. / BT,2012-09-14,29.8,38.8,11.2,3.4,3.6,5.3,4.6,1.1,0.9,1.3,pollofpolls.no
Sentio,DN,2012-09-13,28.1,32.2,18.3,4.2,3.9,5.8,4.3,0.0,1.1,2.1,pollofpolls.no
InFact,VG,2012-09-13,30.8,33.8,10.4,4.6,5.2,6.3,4.5,1.5,2.2,0.7,pollofpolls.no
Norfakta,Nat. / KK,2012-09-08,29.1,34.0,17.6,3.6,4.0,4.9,3.7,0.8,1.5,0.8,pollofpolls.no
Norstat,NRK,2012-09-06,27.7,32.0,19.9,4.0,4.2,5.1,3.6,0.5,2.5,0.4,pollofpolls.no
Verian,TV2,2012-09-03,28.1,34.8,17.8,4.0,3.8,3.9,5.3,0.2,1.4,0.7,pollofpolls.no
Sentio,SMP,2012-08-30,31.2,29.6,19.2,3.9,4.4,4.7,3.5,0.9,1.7,1.0,pollofpolls.no
Ipsos,Dagbladet,2012-08-27,28.2,31.5,17.3,4.0,5.1,5.5,4.9,0.0,1.7,1.9,pollofpolls.no
Opinion,ANB,2012-08-23,30.4,33.0,17.4,4.1,4.9,4.0,4.0,0.0,1.4,0.8,pollofpolls.no
Norstat,VL,2012-08-23,31.3,29.2,19.6,5.4,3.3,4.3,3.9,0.0,1.3,1.6,pollofpolls.no
Respons Analyse,Aftenp,2012-08-23,29.2,37.6,12.1,3.5,4.7,4.5,5.4,0.6,1.9,0.5,pollofpolls.no
Sentio,DN,2012-08-18,30.5,30.3,19.0,3.8,4.1,4.7,4.5,0.0,1.4,1.8,pollofpolls.no
InFact,VG,2012-08-15,28.7,33.7,14.8,4.2,3.9,5.3,5.6,0.0,1.5,2.4,pollofpolls.no
Norfakta,Nat. / KK,2012-08-11,28.4,30.0,18.3,5.0,4.3,4.7,5.9,0.6,1.8,0.9,pollofpolls.no
Norstat,NRK,2012-08-09,30.3,27.9,21.4,3.2,4.3,5.0,4.8,0.0,1.7,1.4,pollofpolls.no
Verian,TV2,2012-08-06,29.7,34.1,14.4,3.8,4.1,4.4,5.0,0.2,3.1,1.1,pollofpolls.no
Sentio,SMP,2012-08-03,34.2,30.3,16.3,2.9,4.9,3.8,4.4,0.3,1.7,1.1,pollofpolls.no
Norstat,VL,2012-07-27,29.5,29.9,18.7,3.5,5.6,4.7,4.4,0.0,1.0,2.5,pollofpolls.no
Sentio,DN,2012-07-21,29.2,32.5,17.5,4.6,4.5,4.9,4.2,0.0,0.9,1.0,pollofpolls.no
Norstat,NRK,2012-07-12,28.3,28.4,22.8,4.2,3.5,5.3,4.0,0.0,1.7,1.8,pollofpolls.no
Norfakta,Nat. / KK,2012-07-09,29.9,31.2,18.2,3.7,4.7,4.7,4.7,0.7,0.8,1.5,pollofpolls.no
Verian,TV2,2012-07-02,32.3,30.4,14.8,3.3,5.8,5.6,4.9,0.5,1.8,0.7,pollofpolls.no
Sentio,SMP,2012-06-28,28.8,33.5,17.1,3.4,5.0,5.0,3.9,0.0,1.7,1.6,pollofpolls.no
Norstat,VL,2012-06-26,31.0,29.9,18.3,4.7,5.5,4.3,3.4,0.0,1.0,1.8,pollofpolls.no
InFact,VG,2012-06-26,30.8,32.2,14.0,3.8,5.3,5.1,4.7,0.0,1.9,2.1,pollofpolls.no
Ipsos,Dagbladet,2012-06-24,28.0,33.9,14.7,5.3,5.5,4.1,4.5,0.0,2.3,1.8,pollofpolls.no
Opinion,ANB,2012-06-21,30.7,30.7,15.6,5.3,4.5,5.9,4.4,0.0,1.4,1.5,pollofpolls.no
Sentio,DN,2012-06-16,32.1,30.1,17.5,5.3,4.1,3.7,4.4,0.0,0.9,1.8,pollofpolls.no
Respons Analyse,Aftenp. / BT,2012-06-15,30.0,35.1,11.7,3.6,4.7,5.2,5.5,0.0,1.9,2.3,pollofpolls.no
Norfakta,Nat. / KK,2012-06-11,27.8,32.9,18.9,3.5,4.0,4.2,5.4,0.0,1.7,1.6,pollofpolls.no
Norstat,NRK,2012-06-07,31.0,29.5,18.5,3.9,3.5,5.0,5.7,0.0,0.9,2.0,pollofpolls.no
Verian,TV2,2012-06-04,29.0,32.5,15.9,3.8,4.8,4.9,5.6,0.8,1.3,1.3,pollofpolls.no
Sentio,SMP,2012-05-30,31.3,30.3,17.1,4.7,5.0,3.8,4.0,0.0,1.6,1.0,pollofpolls.no
Ipsos,Dagbladet,2012-05-29,30.2,32.0,16.2,4.0,3.4,5.2,4.9,0.0,1.3,2.9,pollofpolls.no
Norstat,VL,2012-05-25,31.7,30.2,17.4,4.2,4.2,5.3,3.1,0.0,1.4,2.6,pollofpolls.no
InFact,VG,2012-05-23,31.1,35.0,11.3,3.4,4.8,4.8,5.8,0.0,1.8,1.8,pollofpolls.no
Sentio,DN,2012-05-19,30.0,32.0,13.2,5.0,5.6,4.5,5.5,0.0,1.9,2.3,pollofpolls.no
Opinion,ANB,2012-05-19,31.8,28.0,18.6,4.3,4.7,5.3,4.9,0.0,1.4,1.1,pollofpolls.no
Norfakta,Nat. / KK,2012-05-12,29.5,32.1,18.6,3.9,4.8,4.5,3.7,0.0,1.0,1.9,pollofpolls.no
Respons Analyse,Aftenp,2012-05-12,32.4,33.8,12.0,4.2,4.4,4.6,5.3,0.0,1.8,1.5,pollofpolls.no
Norstat,NRK,2012-05-04,31.4,25.7,19.0,4.1,5.2,6.0,4.2,0.0,1.4,3.0,pollofpolls.no
Verian,TV2,2012-05-03,29.0,30.0,16.3,4.4,4.0,6.7,5.6,1.6,1.5,1.1,pollofpolls.no
Sentio,SMP,2012-04-30,30.8,28.7,18.4,4.5,5.7,4.6,4.9,0.0,1.2,1.2,pollofpolls.no
Ipsos,Dagbladet,2012-04-28,31.9,27.9,18.7,6.3,4.0,4.3,4.7,0.0,1.0,1.4,pollofpolls.no
Opinion,ANB,2012-04-27,30.6,29.6,16.7,4.9,4.9,5.0,5.4,0.0,1.4,1.5,pollofpolls.no
Norstat,VL,2012-04-20,28.3,28.0,20.7,3.7,5.5,6.2,4.4,0.0,1.8,1.4,pollofpolls.no
Respons Analyse,Aftenp. / BT,2012-04-20,31.6,32.9,11.0,3.7,5.2,4.0,7.8,1.7,1.3,0.3,pollofpolls.no
Norfakta,Nat. / KK,2012-04-14,30.8,31.7,16.8,4.8,4.8,4.3,3.7,0.0,0.7,2.5,pollofpolls.no
InFact,VG,2012-04-14,29.1,31.9,13.7,4.1,5.0,5.9,5.8,0.0,2.1,2.3,pollofpolls.no
Sentio,DN,2012-04-13,32.8,24.9,19.5,3.8,6.0,6.1,4.6,0.0,1.5,0.9,pollofpolls.no
Norstat,NRK,2012-04-05,30.5,28.5,19.5,4.6,5.1,5.4,4.6,0.0,1.2,0.7,pollofpolls.no
Verian,TV2,2012-04-03,28.8,30.1,18.1,4.1,5.1,4.7,6.0,0.0,1.6,1.7,pollofpolls.no
Ipsos,Dagbladet,2012-03-31,31.3,26.6,17.5,4.8,5.9,5.4,4.6,0.0,1.0,3.0,pollofpolls.no
Sentio,SMP,2012-03-30,31.5,28.9,18.1,4.8,5.6,5.1,3.2,0.0,1.2,1.5,pollofpolls.no
Norstat,VL,2012-03-24,32.0,25.6,17.2,4.5,4.8,5.9,7.1,0.0,1.3,1.6,pollofpolls.no
Opinion,ANB,2012-03-22,33.9,30.4,17.0,3.8,5.0,3.1,5.0,0.0,1.0,0.6,pollofpolls.no
Respons Analyse,Aftenp,2012-03-20,32.1,32.5,11.0,3.9,6.3,6.0,4.3,1.0,2.0,0.9,pollofpolls.no
Sentio,DN,2012-03-16,33.1,23.1,19.7,4.7,5.0,6.5,4.6,0.0,1.7,1.5,pollofpolls.no
Norfakta,Nat. / KK,2012-03-10,32.7,28.9,16.6,4.0,5.6,5.3,3.9,0.0,1.4,1.6,pollofpolls.no
Norstat,NRK,2012-03-08,34.1,26.2,17.3,5.6,4.0,6.0,3.3,0.0,1.5,2.0,pollofpolls.no
InFact,VG,2012-03-06,31.2,30.6,13.5,4.6,5.5,5.5,5.1,0.0,1.6,2.4,pollofpolls.no
Verian,TV2,2012-03-06,36.5,27.7,12.1,3.7,5.5,5.0,5.6,0.9,1.3,1.3,pollofpolls.no
Ipsos,Dagbladet,2012-03-03,33.8,27.5,17.6,4.1,5.2,5.3,4.2,0.0,0.7,1.6,pollofpolls.no
Sentio,SMP,2012-03-01,32.6,27.1,17.4,5.0,4.6,5.7,4.5,0.0,1.1,2.0,pollofpolls.no
InFact,VG,2012-02-28,30.9,30.4,12.4,4.7,5.3,5.2,6.2,0.0,2.0,2.8,pollofpolls.no
Norstat,VL,2012-02-24,35.7,25.6,17.2,3.7,4.9,5.0,4.7,0.0,1.3,1.9,pollofpolls.no
Sentio,DN,2012-02-23,33.0,25.3,18.1,4.1,5.7,6.1,4.5,0.0,1.2,2.6,pollofpolls.no
Respons Analyse,Aftenp,2012-02-17,34.5,30.0,11.5,5.8,4.6,4.9,6.1,0.0,1.2,1.4,pollofpolls.no
Opinion,ANB,2012-02-16,35.8,29.1,10.7,6.2,4.3,6.2,5.3,0.0,0.8,1.7,pollofpolls.no
Norfakta,Nat. / KK,2012-02-11,35.2,28.7,15.5,4.7,4.4,4.2,4.6,0.0,1.6,1.1,pollofpolls.no
Norstat,NRK,2012-02-09,35.1,27.3,14.2,4.2,4.7,5.4,6.5,0.0,1.0,1.5,pollofpolls.no
Verian,TV2,2012-02-07,35.8,26.7,14.5,4.8,6.5,4.5,5.0,0.0,1.5,0.7,pollofpolls.no
Sentio,SMP,2012-02-03,33.2,28.1,15.6,5.4,5.2,4.7,5.2,0.0,1.3,1.0,pollofpolls.no
Ipsos,Dagbladet,2012-01-29,33.4,29.1,13.8,5.0,5.1,4.9,5.5,0.0,2.3,0.9,pollofpolls.no
InFact,VG,2012-01-27,34.5,31.8,10.7,3.2,5.4,5.7,4.6,0.0,1.7,2.4,pollofpolls.no
Norstat,VL,2012-01-27,34.4,28.8,14.2,4.2,4.9,5.6,4.1,0.0,1.7,2.2,pollofpolls.no
Sentio,DN,2012-01-20,34.2,27.7,15.9,3.8,5.5,4.6,5.2,0.0,2.1,1.1,pollofpolls.no
Opinion,ANB,2012-01-19,38.3,27.8,14.3,4.5,3.9,5.1,4.2,0.0,1.2,0.7,pollofpolls.no
Respons Analyse,Aftenp,2012-01-14,36.1,31.5,9.8,4.0,4.7,4.3,6.0,0.0,2.6,1.0,pollofpolls.no
Norstat,NRK,2012-01-12,34.9,28.1,15.8,3.5,4.9,6.1,3.7,0.0,1.2,1.3,pollofpolls.no
Verian,TV2,2012-01-09,33.3,28.6,13.3,4.6,5.3,6.2,5.8,0.0,1.3,1.5,pollofpolls.no
Norfakta,Nat. / KK,2012-01-09,32.8,29.9,15.3,3.9,5.0,5.4,5.4,0.0,1.5,0.8,pollofpolls.no
