niva,valtyp,omrade_kod,omrade_namn,valkretskod,valkretsnamn,prognos_parti,parti,partibeteckning,partiforkortning,prognosmandat_parti,listnummer,listnamn,listbeteckning,listval_metod,listval_varning,valkretsmetod,kandidatval_metod,historisk_valkrets_2022,hemvalkrets_2026,prioritetsskäl,deltagandegrund,listmandat,mandat_i_lista,ordning,kandidatnummer,namn,alder_pa_valdagen,kon,folkbokforingskommun,valsedelsuppgift,kalla
riksdag,RD,00,Riket,02,Stockholms län,V,V,Vänsterpartiet,V,3,10067,Vänsterpartiet - Stockholms kommun och Stockholms län,Stockholms kommun och Stockholms län,exakt_en_lista,,scb_roster_2022_trend+vallagen_fast_plus_utjamning,historisk_valkrets_2022,02,Stockholms kommun,"Plats 1 på listan. Står på flera listor och företräder valkretsen i dag, så platsen räknas hit.","K,R",3,1,1,55575,Nooshi Dadgostar,41,K,Stockholm,"40, Hägersten, Partiordförande",https://data.val.se/filer/val2026/parti/kandidaturer.csv
riksdag,RD,00,Riket,01,Stockholms kommun,V,V,Vänsterpartiet,V,4,10067,Vänsterpartiet - Stockholms kommun och Stockholms län,Stockholms kommun och Stockholms län,exakt_en_lista,,scb_roster_2022_trend+vallagen_fast_plus_utjamning,historisk_valkrets_2022,01,Stockholms län,"Plats 2 på listan. Står på flera listor och företräder valkretsen i dag, så platsen räknas hit.","K,R",4,2,2,53365,Ida Gabrielsson,44,K,Nacka,"44, Nacka, Riksdagsledamot",https://data.val.se/filer/val2026/parti/kandidaturer.csv
riksdag,RD,00,Riket,01,Stockholms kommun,V,V,Vänsterpartiet,V,4,10067,Vänsterpartiet - Stockholms kommun och Stockholms län,Stockholms kommun och Stockholms län,exakt_en_lista,,scb_roster_2022_trend+vallagen_fast_plus_utjamning,historisk_valkrets_2022,01,Stockholms kommun,"Plats 3 på listan. Står på flera listor och företräder valkretsen i dag, så platsen räknas hit.","K,R",4,3,3,55576,Andreas Lennkvist Manriquez,32,M,Stockholm,"32, Södermalm, Riksdagsledamot",https://data.val.se/filer/val2026/parti/kandidaturer.csv
riksdag,RD,00,Riket,01,Stockholms kommun,V,V,Vänsterpartiet,V,4,10067,Vänsterpartiet - Stockholms kommun och Stockholms län,Stockholms kommun och Stockholms län,exakt_en_lista,,scb_roster_2022_trend+vallagen_fast_plus_utjamning,hemvalkrets_2026,02,Stockholms kommun,"Plats 4 på listan. Står på flera listor och är folkbokförd i Stockholm, som ligger i valkretsen.","K,R",4,4,4,55577,Andrea Andersson Tay,37,K,Stockholm,"37, Bromma, Riksdagsledamot",https://data.val.se/filer/val2026/parti/kandidaturer.csv
riksdag,RD,00,Riket,03,Uppsala län,V,V,Vänsterpartiet,V,1,10401,Vänsterpartiet - Uppsala län,Uppsala län,exakt_en_lista,,scb_roster_2022_trend+vallagen_fast_plus_utjamning,listordning,,Uppsala län,Plats 1 på partiets lista i valkretsen. Kandidaten står bara på den listan.,"K,R",1,1,1,55759,Tobias Smedberg,48,M,Uppsala,"Kommunalråd, 48, Valsätra",https://data.val.se/filer/val2026/parti/kandidaturer.csv
riksdag,RD,00,Riket,04,Södermanlands län,V,V,Vänsterpartiet,V,1,06884,Vänsterpartiet - Södermanlands län,Södermanlands län,exakt_en_lista,,scb_roster_2022_trend+vallagen_fast_plus_utjamning,listordning,,Södermanlands län,Plats 1 på partiets lista i valkretsen. Kandidaten står bara på den listan.,"K,R",1,1,1,8390,Maria Forsberg,51,K,Eskilstuna,Eskilstuna 51 grundskollärare,https://data.val.se/filer/val2026/parti/kandidaturer.csv
riksdag,RD,00,Riket,05,Östergötlands län,V,V,Vänsterpartiet,V,1,06523,Vänsterpartiet - Östergötlands län,Östergötlands län,exakt_en_lista,,scb_roster_2022_trend+vallagen_fast_plus_utjamning,listordning,05,Östergötlands län,Plats 1 på partiets lista i valkretsen. Kandidaten står bara på den listan.,"K,R",1,1,1,2418,Malin Östh,54,K,Söderköping,"54 år, Riksdagsledamot, Söderköping",https://data.val.se/filer/val2026/parti/kandidaturer.csv
riksdag,RD,00,Riket,06,Jönköpings län,V,V,Vänsterpartiet,V,1,09005,Vänsterpartiet - Jönköpings län,Jönköpings län,exakt_en_lista,,scb_roster_2022_trend+vallagen_fast_plus_utjamning,listordning,06,Jönköpings län,Plats 1 på partiets lista i valkretsen. Kandidaten står bara på den listan.,"K,R",1,1,1,39217,Ciczie Weidby,52,K,Jönköping,"52 år, riksdagsledamot/butiksanställd, Jönköping",https://data.val.se/filer/val2026/parti/kandidaturer.csv
riksdag,RD,00,Riket,11,Malmö kommun,V,V,Vänsterpartiet,V,2,08254,Vänsterpartiet - Malmö kommun,Malmö kommun,exakt_en_lista,,scb_roster_2022_trend+vallagen_fast_plus_utjamning,listordning,,Malmö kommun,Plats 1 på partiets lista i valkretsen. Kandidaten står bara på den listan.,"K,R",2,1,1,31717,Banesa Martinez Roldán,44,K,Malmö,"44 år, Kommunikatör",https://data.val.se/filer/val2026/parti/kandidaturer.csv
riksdag,RD,00,Riket,11,Malmö kommun,V,V,Vänsterpartiet,V,2,08254,Vänsterpartiet - Malmö kommun,Malmö kommun,exakt_en_lista,,scb_roster_2022_trend+vallagen_fast_plus_utjamning,listordning,,Malmö kommun,Plats 2 på partiets lista i valkretsen. Kandidaten står bara på den listan.,"K,R",2,2,2,31719,Morgan Svensson,56,M,Malmö,"57 år, Byggnadsarbetare",https://data.val.se/filer/val2026/parti/kandidaturer.csv
riksdag,RD,00,Riket,12,Skåne läns västra,V,V,Vänsterpartiet,V,1,08265,Vänsterpartiet - Skåne läns västra,Skåne läns västra,exakt_en_lista,,scb_roster_2022_trend+vallagen_fast_plus_utjamning,listordning,,Skåne läns södra,Plats 1 på listan.,"K,R",1,1,1,31791,Umihana Rasovic,39,K,Eslöv,"39 år, Biträdande enhetschef, Eslöv",https://data.val.se/filer/val2026/parti/kandidaturer.csv
riksdag,RD,00,Riket,13,Skåne läns södra,V,V,Vänsterpartiet,V,1,08259,Vänsterpartiet - Skåne läns södra,Skåne läns södra,exakt_en_lista,,scb_roster_2022_trend+vallagen_fast_plus_utjamning,listordning,13,Skåne läns södra,Plats 1 på partiets lista i valkretsen. Kandidaten står bara på den listan.,"K,R",1,1,1,9248,Hanna Gunnarsson,42,K,Lund,"42 år, Riksdagsledamot/Lärare, Lund",https://data.val.se/filer/val2026/parti/kandidaturer.csv
riksdag,RD,00,Riket,14,Skåne läns norra och östra,V,V,Vänsterpartiet,V,1,08255,Vänsterpartiet - Skåne läns norra och östra och östra,Skåne läns norra och östra och östra,exakt_en_lista,,scb_roster_2022_trend+vallagen_fast_plus_utjamning,listordning,,Skåne läns norra och östra,Plats 1 på partiets lista i valkretsen. Kandidaten står bara på den listan.,"K,R",1,1,1,15598,Linnea Bengtsson,26,K,Kristianstad,"25 år, Enhetschef, Kristianstad",https://data.val.se/filer/val2026/parti/kandidaturer.csv
riksdag,RD,00,Riket,15,Hallands län,V,V,Vänsterpartiet,V,1,07352,Vänsterpartiet - Hallands län,Hallands län,exakt_en_lista,,scb_roster_2022_trend+vallagen_fast_plus_utjamning,listordning,,Hallands län,Plats 1 på partiets lista i valkretsen. Kandidaten står bara på den listan.,"K,R",1,1,1,16303,Agnes Hultén,53,K,Varberg,"53 år, Varberg",https://data.val.se/filer/val2026/parti/kandidaturer.csv
riksdag,RD,00,Riket,16,Göteborgs kommun,V,V,Vänsterpartiet,V,3,08578,Vänsterpartiet - Göteborgs kommun,Göteborgs kommun,exakt_en_lista,,scb_roster_2022_trend+vallagen_fast_plus_utjamning,listordning,,Göteborgs kommun,Plats 1 på partiets lista i valkretsen. Kandidaten står bara på den listan.,"K,R",3,1,1,37091,Daniel Bernmar,43,M,Göteborg,"43 år, doktorand, Björkekärr",https://data.val.se/filer/val2026/parti/kandidaturer.csv
riksdag,RD,00,Riket,16,Göteborgs kommun,V,V,Vänsterpartiet,V,3,08578,Vänsterpartiet - Göteborgs kommun,Göteborgs kommun,exakt_en_lista,,scb_roster_2022_trend+vallagen_fast_plus_utjamning,listordning,,Göteborgs kommun,Plats 2 på partiets lista i valkretsen. Kandidaten står bara på den listan.,"K,R",3,2,2,37092,Jennifer Merelaid Hankins,41,K,Göteborg,"41 år, utvecklingsledare, Majorna",https://data.val.se/filer/val2026/parti/kandidaturer.csv
riksdag,RD,00,Riket,16,Göteborgs kommun,V,V,Vänsterpartiet,V,3,08578,Vänsterpartiet - Göteborgs kommun,Göteborgs kommun,exakt_en_lista,,scb_roster_2022_trend+vallagen_fast_plus_utjamning,listordning,16,Göteborgs kommun,Plats 3 på partiets lista i valkretsen. Kandidaten står bara på den listan.,"K,R",3,3,3,37048,Frida Tånghag,37,K,Göteborg,"37 år, kock, Kortedala",https://data.val.se/filer/val2026/parti/kandidaturer.csv
riksdag,RD,00,Riket,17,Västra Götalands läns västra,V,V,Vänsterpartiet,V,1,09054,Vänsterpartiet - Västra Götalands läns västra,Västra Götalands läns västra,exakt_en_lista,,scb_roster_2022_trend+vallagen_fast_plus_utjamning,listordning,,Västra Götalands läns västra,Plats 1 på partiets lista i valkretsen. Kandidaten står bara på den listan.,"K,R",1,1,1,39513,Carina Örgård,56,K,Partille,"55 år, socionom, Partille",https://data.val.se/filer/val2026/parti/kandidaturer.csv
riksdag,RD,00,Riket,18,Västra Götalands läns norra,V,V,Vänsterpartiet,V,1,09186,Vänsterpartiet - Västra Götalands läns norra,Västra Götalands läns norra,exakt_en_lista,,scb_roster_2022_trend+vallagen_fast_plus_utjamning,listordning,,Västra Götalands läns norra,Plats 1 på partiets lista i valkretsen. Kandidaten står bara på den listan.,"K,R",1,1,1,45751,David Höglund Velasquez,36,M,Uddevalla,"36 år, Uddevalla, Kriminalvårdare",https://data.val.se/filer/val2026/parti/kandidaturer.csv
riksdag,RD,00,Riket,21,Värmlands län,V,V,Vänsterpartiet,V,1,06750,Vänsterpartiet - Värmlands län,Värmlands län,exakt_en_lista,,scb_roster_2022_trend+vallagen_fast_plus_utjamning,listordning,21,Värmlands län,Plats 1 på partiets lista i valkretsen. Kandidaten står bara på den listan.,"K,R",1,1,1,6032,Håkan Svenneling,40,M,Karlstad,"40 år, Riksdagsledamot, Karlstad",https://data.val.se/filer/val2026/parti/kandidaturer.csv
riksdag,RD,00,Riket,22,Örebro län,V,V,Vänsterpartiet,V,1,10545,Vänsterpartiet - Örebro län,Örebro län,exakt_en_lista,,scb_roster_2022_trend+vallagen_fast_plus_utjamning,listordning,22,Örebro län,Plats 1 på partiets lista i valkretsen. Kandidaten står bara på den listan.,"K,R",1,1,1,11772,Nadja Awad,35,K,Örebro,"35, riksdagsledamot/lärare, Örebro",https://data.val.se/filer/val2026/parti/kandidaturer.csv
riksdag,RD,00,Riket,23,Västmanlands län,V,V,Vänsterpartiet,V,1,06590,Vänsterpartiet - Västmanlands län,Västmanlands län,exakt_en_lista,,scb_roster_2022_trend+vallagen_fast_plus_utjamning,listordning,,Västmanlands län,Plats 1 på partiets lista i valkretsen. Kandidaten står bara på den listan.,"K,R",1,1,1,3193,Hawar Asaiesh,40,K,Västerås,"Västerås, 40år, kommunalråd",https://data.val.se/filer/val2026/parti/kandidaturer.csv
riksdag,RD,00,Riket,24,Dalarnas län,V,V,Vänsterpartiet,V,1,08706,Vänsterpartiet - Dalarnas län,Dalarnas län,exakt_en_lista,,scb_roster_2022_trend+vallagen_fast_plus_utjamning,listordning,24,Dalarnas län,Plats 1 på partiets lista i valkretsen. Kandidaten står bara på den listan.,"K,R",1,1,1,29389,Kajsa Fredholm,64,K,Leksand,"64 år, Leksand",https://data.val.se/filer/val2026/parti/kandidaturer.csv
riksdag,RD,00,Riket,25,Gävleborgs län,V,V,Vänsterpartiet,V,1,09004,Vänsterpartiet - Gävleborgs län,Gävleborgs län,exakt_en_lista,,scb_roster_2022_trend+vallagen_fast_plus_utjamning,listordning,25,Gävleborgs län,Plats 1 på partiets lista i valkretsen. Kandidaten står bara på den listan.,"K,R",1,1,1,43179,Samuel Gonzalez Westling,43,M,Hofors,"43, brevbärare/riksdagsledamot, Hofors",https://data.val.se/filer/val2026/parti/kandidaturer.csv
riksdag,RD,00,Riket,26,Västernorrlands län,V,V,Vänsterpartiet,V,1,07432,Vänsterpartiet - Västernorrlands län,Västernorrlands län,exakt_en_lista,,scb_roster_2022_trend+vallagen_fast_plus_utjamning,listordning,26,Västernorrlands län,Plats 1 på partiets lista i valkretsen. Kandidaten står bara på den listan.,"K,R",1,1,1,17411,Isabell Mixter,37,K,Sundsvall,"37 år, riksdagsledamot, Sundsvall",https://data.val.se/filer/val2026/parti/kandidaturer.csv
riksdag,RD,00,Riket,28,Västerbottens län,V,V,Vänsterpartiet,V,1,08674,Vänsterpartiet - Västerbottens län,Västerbottens län,exakt_en_lista,,scb_roster_2022_trend+vallagen_fast_plus_utjamning,listordning,28,Västerbottens län,Plats 1 på partiets lista i valkretsen. Kandidaten står bara på den listan.,"K,R",1,1,1,29463,Gudrun Nordborg,80,K,Umeå,"80, jurist, Umeå",https://data.val.se/filer/val2026/parti/kandidaturer.csv
riksdag,RD,00,Riket,29,Norrbottens län,V,V,Vänsterpartiet,V,1,07275,Vänsterpartiet - Norrbottens län,Norrbottens län,proxy_flest_valsedlar,Vald som proxy eftersom listan har flest tryckta valsedlar; faktisk röstfördelning mellan listor är okänd.,scb_roster_2022_trend+vallagen_fast_plus_utjamning,historisk_valkrets_2022,29,Norrbottens län,"Plats 1 på listan. Står på flera listor och företräder valkretsen i dag, så platsen räknas hit.","K,R",1,1,1,15344,Birger Lahti,61,M,Pajala,Pajala,https://data.val.se/filer/val2026/parti/kandidaturer.csv
riksdag,RD,00,Riket,01,Stockholms kommun,S,S,Arbetarepartiet-Socialdemokraterna,S,9,06621,Arbetarepartiet-Socialdemokraterna - Stockholms kommun,Stockholms kommun,exakt_en_lista,,scb_roster_2022_trend+vallagen_fast_plus_utjamning,listordning,01,Stockholms kommun,Plats 1 på partiets lista i valkretsen. Kandidaten står bara på den listan.,"K,R",9,1,1,3791,Anders Ygeman,56,M,Stockholm,"56, riksdagsledamot",https://data.val.se/filer/val2026/parti/kandidaturer.csv
riksdag,RD,00,Riket,01,Stockholms kommun,S,S,Arbetarepartiet-Socialdemokraterna,S,9,06621,Arbetarepartiet-Socialdemokraterna - Stockholms kommun,Stockholms kommun,exakt_en_lista,,scb_roster_2022_trend+vallagen_fast_plus_utjamning,listordning,01,,Plats 2 på partiets lista i valkretsen. Kandidaten står bara på den listan.,"K,R",9,2,2,3792,Lawen Redar,36,K,,"36, riksdagsledamot",https://data.val.se/filer/val2026/parti/kandidaturer.csv
riksdag,RD,00,Riket,01,Stockholms kommun,S,S,Arbetarepartiet-Socialdemokraterna,S,9,06621,Arbetarepartiet-Socialdemokraterna - Stockholms kommun,Stockholms kommun,exakt_en_lista,,scb_roster_2022_trend+vallagen_fast_plus_utjamning,listordning,01,Stockholms kommun,Plats 3 på partiets lista i valkretsen. Kandidaten står bara på den listan.,"K,R",9,3,3,3793,Mattias Vepsä,46,M,Stockholm,"46, riksdagsledamot",https://data.val.se/filer/val2026/parti/kandidaturer.csv
riksdag,RD,00,Riket,01,Stockholms kommun,S,S,Arbetarepartiet-Socialdemokraterna,S,9,06621,Arbetarepartiet-Socialdemokraterna - Stockholms kommun,Stockholms kommun,exakt_en_lista,,scb_roster_2022_trend+vallagen_fast_plus_utjamning,listordning,,Stockholms kommun,Plats 4 på partiets lista i valkretsen. Kandidaten står bara på den listan.,"K,R",9,4,4,3794,Talla Alkurdi,42,K,Stockholm,"42, regionråd",https://data.val.se/filer/val2026/parti/kandidaturer.csv
riksdag,RD,00,Riket,01,Stockholms kommun,S,S,Arbetarepartiet-Socialdemokraterna,S,9,06621,Arbetarepartiet-Socialdemokraterna - Stockholms kommun,Stockholms kommun,exakt_en_lista,,scb_roster_2022_trend+vallagen_fast_plus_utjamning,listordning,01,Stockholms kommun,Plats 5 på partiets lista i valkretsen. Kandidaten står bara på den listan.,"K,R",9,5,5,3795,Kadir Kasirga,51,M,Stockholm,"51, stationsvärd",https://data.val.se/filer/val2026/parti/kandidaturer.csv
riksdag,RD,00,Riket,01,Stockholms kommun,S,S,Arbetarepartiet-Socialdemokraterna,S,9,06621,Arbetarepartiet-Socialdemokraterna - Stockholms kommun,Stockholms kommun,exakt_en_lista,,scb_roster_2022_trend+vallagen_fast_plus_utjamning,listordning,01,,Plats 6 på partiets lista i valkretsen. Kandidaten står bara på den listan.,"K,R",9,6,6,3796,Jytte Guteland,46,K,,"46, riksdagsledamot",https://data.val.se/filer/val2026/parti/kandidaturer.csv
riksdag,RD,00,Riket,01,Stockholms kommun,S,S,Arbetarepartiet-Socialdemokraterna,S,9,06621,Arbetarepartiet-Socialdemokraterna - Stockholms kommun,Stockholms kommun,exakt_en_lista,,scb_roster_2022_trend+vallagen_fast_plus_utjamning,listordning,01,Stockholms kommun,Plats 7 på partiets lista i valkretsen. Kandidaten står bara på den listan.,"K,R",9,7,7,3797,Markus Kallifatides,54,M,Stockholm,"54, ekonom",https://data.val.se/filer/val2026/parti/kandidaturer.csv
riksdag,RD,00,Riket,01,Stockholms kommun,S,S,Arbetarepartiet-Socialdemokraterna,S,9,06621,Arbetarepartiet-Socialdemokraterna - Stockholms kommun,Stockholms kommun,exakt_en_lista,,scb_roster_2022_trend+vallagen_fast_plus_utjamning,listordning,01,Stockholms kommun,Plats 8 på partiets lista i valkretsen. Kandidaten står bara på den listan.,"K,R",9,8,8,3798,Mirja Räihä,67,K,Stockholm,"67, undersköterska",https://data.val.se/filer/val2026/parti/kandidaturer.csv
riksdag,RD,00,Riket,01,Stockholms kommun,S,S,Arbetarepartiet-Socialdemokraterna,S,9,06621,Arbetarepartiet-Socialdemokraterna - Stockholms kommun,Stockholms kommun,exakt_en_lista,,scb_roster_2022_trend+vallagen_fast_plus_utjamning,listordning,01,Stockholms kommun,Plats 9 på partiets lista i valkretsen. Kandidaten står bara på den listan.,"K,R",9,9,9,3799,Daniel Vencu Velasquez Castro,31,M,Stockholm,"31, riksdagsledamot",https://data.val.se/filer/val2026/parti/kandidaturer.csv
riksdag,RD,00,Riket,02,Stockholms län,S,S,Arbetarepartiet-Socialdemokraterna,S,12,07167,Arbetarepartiet-Socialdemokraterna - Stockholms län,Stockholms län,exakt_en_lista,,scb_roster_2022_trend+vallagen_fast_plus_utjamning,listordning,02,,Plats 1 på partiets lista i valkretsen. Kandidaten står bara på den listan.,"K,R",12,1,1,13321,Magdalena Andersson,59,K,,"59, partiledare, Nacka",https://data.val.se/filer/val2026/parti/kandidaturer.csv
riksdag,RD,00,Riket,02,Stockholms län,S,S,Arbetarepartiet-Socialdemokraterna,S,12,07167,Arbetarepartiet-Socialdemokraterna - Stockholms län,Stockholms län,exakt_en_lista,,scb_roster_2022_trend+vallagen_fast_plus_utjamning,listordning,02,Stockholms län,Plats 2 på partiets lista i valkretsen. Kandidaten står bara på den listan.,"K,R",12,2,2,13322,Mikael Damberg,54,M,Solna,"54, riksdagsledamot, Solna",https://data.val.se/filer/val2026/parti/kandidaturer.csv
riksdag,RD,00,Riket,02,Stockholms län,S,S,Arbetarepartiet-Socialdemokraterna,S,12,07167,Arbetarepartiet-Socialdemokraterna - Stockholms län,Stockholms län,exakt_en_lista,,scb_roster_2022_trend+vallagen_fast_plus_utjamning,listordning,02,,Plats 3 på partiets lista i valkretsen. Kandidaten står bara på den listan.,"K,R",12,3,3,13323,Åsa Westlund,50,K,,"50, riksdagsledamot, Haninge",https://data.val.se/filer/val2026/parti/kandidaturer.csv
riksdag,RD,00,Riket,02,Stockholms län,S,S,Arbetarepartiet-Socialdemokraterna,S,12,07167,Arbetarepartiet-Socialdemokraterna - Stockholms län,Stockholms län,exakt_en_lista,,scb_roster_2022_trend+vallagen_fast_plus_utjamning,listordning,,Stockholms län,Plats 4 på partiets lista i valkretsen. Kandidaten står bara på den listan.,"K,R",12,4,4,13324,Sarkis Khatchadourian,29,M,Södertälje,"29, civilingenjör, Södertälje",https://data.val.se/filer/val2026/parti/kandidaturer.csv
riksdag,RD,00,Riket,02,Stockholms län,S,S,Arbetarepartiet-Socialdemokraterna,S,12,07167,Arbetarepartiet-Socialdemokraterna - Stockholms län,Stockholms län,exakt_en_lista,,scb_roster_2022_trend+vallagen_fast_plus_utjamning,listordning,02,Stockholms län,Plats 5 på partiets lista i valkretsen. Kandidaten står bara på den listan.,"K,R",12,5,5,13325,Alexandra Völker,37,K,Sundbyberg,"37, statsvetare, Sundbyberg",https://data.val.se/filer/val2026/parti/kandidaturer.csv
riksdag,RD,00,Riket,02,Stockholms län,S,S,Arbetarepartiet-Socialdemokraterna,S,12,07167,Arbetarepartiet-Socialdemokraterna - Stockholms län,Stockholms län,exakt_en_lista,,scb_roster_2022_trend+vallagen_fast_plus_utjamning,listordning,02,Stockholms län,Plats 6 på partiets lista i valkretsen. Kandidaten står bara på den listan.,"K,R",12,6,6,13326,Leif Nysmed,55,M,Huddinge,"56, byggnadsarbetare, Huddinge",https://data.val.se/filer/val2026/parti/kandidaturer.csv
riksdag,RD,00,Riket,02,Stockholms län,S,S,Arbetarepartiet-Socialdemokraterna,S,12,07167,Arbetarepartiet-Socialdemokraterna - Stockholms län,Stockholms län,exakt_en_lista,,scb_roster_2022_trend+vallagen_fast_plus_utjamning,listordning,02,Stockholms län,Plats 7 på partiets lista i valkretsen. Kandidaten står bara på den listan.,"K,R",12,7,7,13327,Azadeh Rojhan,40,K,Upplands Väsby,"40, riksdagsledamot, Upplands Väsby",https://data.val.se/filer/val2026/parti/kandidaturer.csv
riksdag,RD,00,Riket,02,Stockholms län,S,S,Arbetarepartiet-Socialdemokraterna,S,12,07167,Arbetarepartiet-Socialdemokraterna - Stockholms län,Stockholms län,exakt_en_lista,,scb_roster_2022_trend+vallagen_fast_plus_utjamning,listordning,02,Stockholms län,Plats 8 på partiets lista i valkretsen. Kandidaten står bara på den listan.,"K,R",12,8,8,13328,Mathias Tegnér,47,M,Tyresö,"47, civilekonom, Tyresö",https://data.val.se/filer/val2026/parti/kandidaturer.csv
riksdag,RD,00,Riket,02,Stockholms län,S,S,Arbetarepartiet-Socialdemokraterna,S,12,07167,Arbetarepartiet-Socialdemokraterna - Stockholms län,Stockholms län,exakt_en_lista,,scb_roster_2022_trend+vallagen_fast_plus_utjamning,listordning,,Stockholms län,Plats 9 på partiets lista i valkretsen. Kandidaten står bara på den listan.,"K,R",12,9,9,13329,Katarina Berggren,58,K,Botkyrka,"58, ombudsman Kommunal, Botkyrka",https://data.val.se/filer/val2026/parti/kandidaturer.csv
riksdag,RD,00,Riket,02,Stockholms län,S,S,Arbetarepartiet-Socialdemokraterna,S,12,07167,Arbetarepartiet-Socialdemokraterna - Stockholms län,Stockholms län,exakt_en_lista,,scb_roster_2022_trend+vallagen_fast_plus_utjamning,listordning,02,Stockholms län,Plats 10 på partiets lista i valkretsen. Kandidaten står bara på den listan.,"K,R",12,10,10,13330,Markus Selin,47,M,Täby,"48, civilingenjör/civilekonom, Täby",https://data.val.se/filer/val2026/parti/kandidaturer.csv
riksdag,RD,00,Riket,02,Stockholms län,S,S,Arbetarepartiet-Socialdemokraterna,S,12,07167,Arbetarepartiet-Socialdemokraterna - Stockholms län,Stockholms län,exakt_en_lista,,scb_roster_2022_trend+vallagen_fast_plus_utjamning,listordning,,Stockholms län,Plats 11 på partiets lista i valkretsen. Kandidaten står bara på den listan.,"K,R",12,11,11,13331,Andrine Winther,49,K,Värmdö,"49, avdelningschef, Värmdö",https://data.val.se/filer/val2026/parti/kandidaturer.csv
riksdag,RD,00,Riket,02,Stockholms län,S,S,Arbetarepartiet-Socialdemokraterna,S,12,07167,Arbetarepartiet-Socialdemokraterna - Stockholms län,Stockholms län,exakt_en_lista,,scb_roster_2022_trend+vallagen_fast_plus_utjamning,listordning,,Stockholms län,Plats 12 på partiets lista i valkretsen. Kandidaten står bara på den listan.,"K,R",12,12,12,13332,Emil Högberg,50,M,Huddinge,"50, jurist/kommunalråd, Huddinge",https://data.val.se/filer/val2026/parti/kandidaturer.csv
riksdag,RD,00,Riket,03,Uppsala län,S,S,Arbetarepartiet-Socialdemokraterna,S,4,06683,Arbetarepartiet-Socialdemokraterna - Uppsala län,Uppsala län,exakt_en_lista,,scb_roster_2022_trend+vallagen_fast_plus_utjamning,listordning,03,Uppsala län,Plats 1 på partiets lista i valkretsen. Kandidaten står bara på den listan.,"K,R",4,1,1,4513,Ardalan Shekarabi,47,M,Knivsta,"47 år, riksdagsledamot, Knivsta",https://data.val.se/filer/val2026/parti/kandidaturer.csv
riksdag,RD,00,Riket,03,Uppsala län,S,S,Arbetarepartiet-Socialdemokraterna,S,4,06683,Arbetarepartiet-Socialdemokraterna - Uppsala län,Uppsala län,exakt_en_lista,,scb_roster_2022_trend+vallagen_fast_plus_utjamning,listordning,,Uppsala län,Plats 2 på partiets lista i valkretsen. Kandidaten står bara på den listan.,"K,R",4,2,2,4514,Ylva Stadell,44,K,Uppsala,"44 år, ombudsman, Uppsala",https://data.val.se/filer/val2026/parti/kandidaturer.csv
riksdag,RD,00,Riket,03,Uppsala län,S,S,Arbetarepartiet-Socialdemokraterna,S,4,06683,Arbetarepartiet-Socialdemokraterna - Uppsala län,Uppsala län,exakt_en_lista,,scb_roster_2022_trend+vallagen_fast_plus_utjamning,listordning,03,Uppsala län,Plats 3 på partiets lista i valkretsen. Kandidaten står bara på den listan.,"K,R",4,3,3,4515,Gustaf Lantz,45,M,Uppsala,"45 år, riksdagsledamot, Uppsala",https://data.val.se/filer/val2026/parti/kandidaturer.csv
riksdag,RD,00,Riket,03,Uppsala län,S,S,Arbetarepartiet-Socialdemokraterna,S,4,06683,Arbetarepartiet-Socialdemokraterna - Uppsala län,Uppsala län,exakt_en_lista,,scb_roster_2022_trend+vallagen_fast_plus_utjamning,listordning,,Uppsala län,Plats 4 på partiets lista i valkretsen. Kandidaten står bara på den listan.,"K,R",4,4,4,4516,Åsa Andersson,55,K,Enköping,"55 år, stödassistent, Enköping",https://data.val.se/filer/val2026/parti/kandidaturer.csv
riksdag,RD,00,Riket,04,Södermanlands län,S,S,Arbetarepartiet-Socialdemokraterna,S,3,07814,Arbetarepartiet-Socialdemokraterna - Södermanlands län,Södermanlands län,exakt_en_lista,,scb_roster_2022_trend+vallagen_fast_plus_utjamning,listordning,04,Södermanlands län,Plats 1 på partiets lista i valkretsen. Kandidaten står bara på den listan.,"K,R",3,1,1,15114,Fredrik Olovsson,53,M,Katrineholm,"53 år,Riksdagsledamot,Katrineholm",https://data.val.se/filer/val2026/parti/kandidaturer.csv
riksdag,RD,00,Riket,04,Södermanlands län,S,S,Arbetarepartiet-Socialdemokraterna,S,3,07814,Arbetarepartiet-Socialdemokraterna - Södermanlands län,Södermanlands län,exakt_en_lista,,scb_roster_2022_trend+vallagen_fast_plus_utjamning,listordning,04,Södermanlands län,Plats 2 på partiets lista i valkretsen. Kandidaten står bara på den listan.,"K,R",3,2,2,30694,Sofia Amloh,40,K,Nyköping,"40 år,Stålverksarbetare,Nyköping",https://data.val.se/filer/val2026/parti/kandidaturer.csv
riksdag,RD,00,Riket,04,Södermanlands län,S,S,Arbetarepartiet-Socialdemokraterna,S,3,07814,Arbetarepartiet-Socialdemokraterna - Södermanlands län,Södermanlands län,exakt_en_lista,,scb_roster_2022_trend+vallagen_fast_plus_utjamning,listordning,,Södermanlands län,Plats 3 på partiets lista i valkretsen. Kandidaten står bara på den listan.,"K,R",3,3,3,29772,Jimmy Jansson,48,M,Eskilstuna,"48 år,Lärare,Eskilstuna",https://data.val.se/filer/val2026/parti/kandidaturer.csv
riksdag,RD,00,Riket,05,Östergötlands län,S,S,Arbetarepartiet-Socialdemokraterna,S,5,06784,Arbetarepartiet-Socialdemokraterna - Östergötlands län,Östergötlands län,exakt_en_lista,,scb_roster_2022_trend+vallagen_fast_plus_utjamning,listordning,05,Östergötlands län,Plats 1 på partiets lista i valkretsen. Kandidaten står bara på den listan.,"K,R",5,1,1,6723,Teresa Carvalho,42,K,Norrköping,"42 år, riksdagsledamot, Norrköping",https://data.val.se/filer/val2026/parti/kandidaturer.csv
riksdag,RD,00,Riket,05,Östergötlands län,S,S,Arbetarepartiet-Socialdemokraterna,S,5,06784,Arbetarepartiet-Socialdemokraterna - Östergötlands län,Östergötlands län,exakt_en_lista,,scb_roster_2022_trend+vallagen_fast_plus_utjamning,listordning,05,Östergötlands län,Plats 2 på partiets lista i valkretsen. Kandidaten står bara på den listan.,"K,R",5,2,2,6724,Johan Andersson,64,M,Motala,"64 år, riksdagsledamot, Motala",https://data.val.se/filer/val2026/parti/kandidaturer.csv
riksdag,RD,00,Riket,05,Östergötlands län,S,S,Arbetarepartiet-Socialdemokraterna,S,5,06784,Arbetarepartiet-Socialdemokraterna - Östergötlands län,Östergötlands län,exakt_en_lista,,scb_roster_2022_trend+vallagen_fast_plus_utjamning,listordning,05,Östergötlands län,Plats 3 på partiets lista i valkretsen. Kandidaten står bara på den listan.,"K,R",5,3,3,6725,Eva Lindh,54,K,Linköping,"54 år, riksdagsledamot, Linköping",https://data.val.se/filer/val2026/parti/kandidaturer.csv
riksdag,RD,00,Riket,05,Östergötlands län,S,S,Arbetarepartiet-Socialdemokraterna,S,5,06784,Arbetarepartiet-Socialdemokraterna - Östergötlands län,Östergötlands län,exakt_en_lista,,scb_roster_2022_trend+vallagen_fast_plus_utjamning,listordning,,Östergötlands län,Plats 4 på partiets lista i valkretsen. Kandidaten står bara på den listan.,"K,R",5,4,4,6726,Elias Aguirre,42,M,Linköping,"42 år, kommunalråd, Linköping",https://data.val.se/filer/val2026/parti/kandidaturer.csv
riksdag,RD,00,Riket,05,Östergötlands län,S,S,Arbetarepartiet-Socialdemokraterna,S,5,06784,Arbetarepartiet-Socialdemokraterna - Östergötlands län,Östergötlands län,exakt_en_lista,,scb_roster_2022_trend+vallagen_fast_plus_utjamning,listordning,,Östergötlands län,Plats 5 på partiets lista i valkretsen. Kandidaten står bara på den listan.,"K,R",5,5,5,27986,Kaisa Karro,38,K,Norrköping,"38 år, regionråd, Norrköping",https://data.val.se/filer/val2026/parti/kandidaturer.csv
riksdag,RD,00,Riket,06,Jönköpings län,S,S,Arbetarepartiet-Socialdemokraterna,S,4,06699,Arbetarepartiet-Socialdemokraterna - Jönköpings län,Jönköpings län,exakt_en_lista,,scb_roster_2022_trend+vallagen_fast_plus_utjamning,listordning,06,Jönköpings län,Plats 1 på partiets lista i valkretsen. Kandidaten står bara på den listan.,"K,R",4,1,1,4709,Johanna Haraldsson,46,K,Vetlanda,"46, Vetlanda, riksdagsledamot",https://data.val.se/filer/val2026/parti/kandidaturer.csv
riksdag,RD,00,Riket,06,Jönköpings län,S,S,Arbetarepartiet-Socialdemokraterna,S,4,06699,Arbetarepartiet-Socialdemokraterna - Jönköpings län,Jönköpings län,exakt_en_lista,,scb_roster_2022_trend+vallagen_fast_plus_utjamning,listordning,06,Jönköpings län,Plats 2 på partiets lista i valkretsen. Kandidaten står bara på den listan.,"K,R",4,2,2,4710,Ilan De Basso,56,M,Jönköping,"56, Jönköping, fd. EU-parlamentariker",https://data.val.se/filer/val2026/parti/kandidaturer.csv
riksdag,RD,00,Riket,06,Jönköpings län,S,S,Arbetarepartiet-Socialdemokraterna,S,4,06699,Arbetarepartiet-Socialdemokraterna - Jönköpings län,Jönköpings län,exakt_en_lista,,scb_roster_2022_trend+vallagen_fast_plus_utjamning,listordning,06,Jönköpings län,Plats 3 på partiets lista i valkretsen. Kandidaten står bara på den listan.,"K,R",4,3,3,4711,Azra Muranovic,39,K,Värnamo,"38, Värnamo, riksdagsledamot",https://data.val.se/filer/val2026/parti/kandidaturer.csv
riksdag,RD,00,Riket,06,Jönköpings län,S,S,Arbetarepartiet-Socialdemokraterna,S,4,06699,Arbetarepartiet-Socialdemokraterna - Jönköpings län,Jönköpings län,exakt_en_lista,,scb_roster_2022_trend+vallagen_fast_plus_utjamning,listordning,06,Jönköpings län,Plats 4 på partiets lista i valkretsen. Kandidaten står bara på den listan.,"K,R",4,4,4,4712,Niklas Sigvardsson,35,M,Jönköping,"35, Jönköping, riksdagsledamot",https://data.val.se/filer/val2026/parti/kandidaturer.csv
riksdag,RD,00,Riket,07,Kronobergs län,S,S,Arbetarepartiet-Socialdemokraterna,S,2,08977,Arbetarepartiet-Socialdemokraterna - Kronobergs län,Kronobergs län,exakt_en_lista,,scb_roster_2022_trend+vallagen_fast_plus_utjamning,listordning,07,Kronobergs län,Plats 1 på partiets lista i valkretsen. Kandidaten står bara på den listan.,"K,R",2,1,1,40380,Monica Haider,63,K,Älmhult,"63, Älmhult",https://data.val.se/filer/val2026/parti/kandidaturer.csv
riksdag,RD,00,Riket,07,Kronobergs län,S,S,Arbetarepartiet-Socialdemokraterna,S,2,08977,Arbetarepartiet-Socialdemokraterna - Kronobergs län,Kronobergs län,exakt_en_lista,,scb_roster_2022_trend+vallagen_fast_plus_utjamning,listordning,07,Kronobergs län,Plats 2 på partiets lista i valkretsen. Kandidaten står bara på den listan.,"K,R",2,2,2,39299,Robert Olesen,51,M,Alvesta,"51, Alvesta",https://data.val.se/filer/val2026/parti/kandidaturer.csv
riksdag,RD,00,Riket,08,Kalmar län,S,S,Arbetarepartiet-Socialdemokraterna,S,3,07052,Arbetarepartiet-Socialdemokraterna - Kalmar län,Kalmar län,exakt_en_lista,,scb_roster_2022_trend+vallagen_fast_plus_utjamning,listordning,08,Kalmar län,Plats 1 på partiets lista i valkretsen. Kandidaten står bara på den listan.,"K,R",3,1,1,11679,Lena Hallengren,52,K,Kalmar,"riksdagsledamot, Kalmar, 52 år",https://data.val.se/filer/val2026/parti/kandidaturer.csv
riksdag,RD,00,Riket,08,Kalmar län,S,S,Arbetarepartiet-Socialdemokraterna,S,3,07052,Arbetarepartiet-Socialdemokraterna - Kalmar län,Kalmar län,exakt_en_lista,,scb_roster_2022_trend+vallagen_fast_plus_utjamning,listordning,,Kalmar län,Plats 2 på partiets lista i valkretsen. Kandidaten står bara på den listan.,"K,R",3,2,2,11680,Marcus Fridlund,34,M,Västervik,"drifttekniker, Totebo, 34 år",https://data.val.se/filer/val2026/parti/kandidaturer.csv
riksdag,RD,00,Riket,08,Kalmar län,S,S,Arbetarepartiet-Socialdemokraterna,S,3,07052,Arbetarepartiet-Socialdemokraterna - Kalmar län,Kalmar län,exakt_en_lista,,scb_roster_2022_trend+vallagen_fast_plus_utjamning,listordning,08,Kalmar län,Plats 3 på partiets lista i valkretsen. Kandidaten står bara på den listan.,"K,R",3,3,3,11681,Laila Naraghi,44,K,Oskarshamn,"riksdagsledamot, Oskarshamn, 44 år",https://data.val.se/filer/val2026/parti/kandidaturer.csv
riksdag,RD,00,Riket,09,Gotlands län,S,S,Arbetarepartiet-Socialdemokraterna,S,1,09086,Arbetarepartiet-Socialdemokraterna - Gotlands län,Gotlands län,exakt_en_lista,,scb_roster_2022_trend+vallagen_fast_plus_utjamning,listordning,,Gotlands län,Plats 1 på partiets lista i valkretsen. Kandidaten står bara på den listan.,"K,R",1,1,1,44198,Filip Reinhag,42,M,Gotland,Eskelhem,https://data.val.se/filer/val2026/parti/kandidaturer.csv
riksdag,RD,00,Riket,10,Blekinge län,S,S,Arbetarepartiet-Socialdemokraterna,S,2,07297,Arbetarepartiet-Socialdemokraterna - Blekinge län,Blekinge län,exakt_en_lista,,scb_roster_2022_trend+vallagen_fast_plus_utjamning,listordning,10,Blekinge län,Plats 1 på partiets lista i valkretsen. Kandidaten står bara på den listan.,"K,R",2,1,1,15651,Heléne Björklund,53,K,Sölvesborg,"Sölvesborg, Riksdagsledamot, 53",https://data.val.se/filer/val2026/parti/kandidaturer.csv
riksdag,RD,00,Riket,10,Blekinge län,S,S,Arbetarepartiet-Socialdemokraterna,S,2,07297,Arbetarepartiet-Socialdemokraterna - Blekinge län,Blekinge län,exakt_en_lista,,scb_roster_2022_trend+vallagen_fast_plus_utjamning,hemvalkrets_2026,,Blekinge län,"Plats 2 på listan. Står på flera listor och är folkbokförd i Karlskrona, som ligger i valkretsen.","K,R",2,2,2,15652,Magnus Johansson,59,M,Karlskrona,"Karlskrona, Regionråd, 59",https://data.val.se/filer/val2026/parti/kandidaturer.csv
riksdag,RD,00,Riket,11,Malmö kommun,S,S,Arbetarepartiet-Socialdemokraterna,S,3,08793,Arbetarepartiet-Socialdemokraterna - Malmö kommun,Malmö kommun,exakt_en_lista,,scb_roster_2022_trend+vallagen_fast_plus_utjamning,listordning,11,Malmö kommun,Plats 1 på partiets lista i valkretsen. Kandidaten står bara på den listan.,"K,R",3,1,1,39815,Joakim Sandell,51,M,Malmö,Riksdagsledamot,https://data.val.se/filer/val2026/parti/kandidaturer.csv
riksdag,RD,00,Riket,11,Malmö kommun,S,S,Arbetarepartiet-Socialdemokraterna,S,3,08793,Arbetarepartiet-Socialdemokraterna - Malmö kommun,Malmö kommun,exakt_en_lista,,scb_roster_2022_trend+vallagen_fast_plus_utjamning,listordning,11,Malmö kommun,Plats 2 på partiets lista i valkretsen. Kandidaten står bara på den listan.,"K,R",3,2,2,39816,Rose-Marie Carlsson,71,K,Malmö,Riksdagsledamot,https://data.val.se/filer/val2026/parti/kandidaturer.csv
riksdag,RD,00,Riket,11,Malmö kommun,S,S,Arbetarepartiet-Socialdemokraterna,S,3,08793,Arbetarepartiet-Socialdemokraterna - Malmö kommun,Malmö kommun,exakt_en_lista,,scb_roster_2022_trend+vallagen_fast_plus_utjamning,listordning,,Malmö kommun,Plats 3 på partiets lista i valkretsen. Kandidaten står bara på den listan.,"K,R",3,3,3,39817,Arwin Sohrabi,32,M,Malmö,Projektledare,https://data.val.se/filer/val2026/parti/kandidaturer.csv
riksdag,RD,00,Riket,12,Skåne läns västra,S,S,Arbetarepartiet-Socialdemokraterna,S,3,07673,Arbetarepartiet-Socialdemokraterna - Skåne läns västra,Skåne läns västra,exakt_en_lista,,scb_roster_2022_trend+vallagen_fast_plus_utjamning,listordning,12,Skåne läns västra,Plats 1 på partiets lista i valkretsen. Kandidaten står bara på den listan.,"K,R",3,1,1,21209,Niklas Karlsson,52,M,Landskrona,"Landskrona, Riksdagsledamot",https://data.val.se/filer/val2026/parti/kandidaturer.csv
riksdag,RD,00,Riket,12,Skåne läns västra,S,S,Arbetarepartiet-Socialdemokraterna,S,3,07673,Arbetarepartiet-Socialdemokraterna - Skåne läns västra,Skåne läns västra,exakt_en_lista,,scb_roster_2022_trend+vallagen_fast_plus_utjamning,listordning,,Skåne läns västra,Plats 2 på partiets lista i valkretsen. Kandidaten står bara på den listan.,"K,R",3,2,2,21210,My Rosell,41,K,Helsingborg,"Helsingborg, Enhetschef äldreomsorg",https://data.val.se/filer/val2026/parti/kandidaturer.csv
riksdag,RD,00,Riket,12,Skåne läns västra,S,S,Arbetarepartiet-Socialdemokraterna,S,3,07673,Arbetarepartiet-Socialdemokraterna - Skåne läns västra,Skåne läns västra,exakt_en_lista,,scb_roster_2022_trend+vallagen_fast_plus_utjamning,listordning,12,Skåne läns västra,Plats 3 på partiets lista i valkretsen. Kandidaten står bara på den listan.,"K,R",3,3,3,21211,Ola Möller,43,M,Helsingborg,"Helsingborg, Riksdagsledamot",https://data.val.se/filer/val2026/parti/kandidaturer.csv
riksdag,RD,00,Riket,13,Skåne läns södra,S,S,Arbetarepartiet-Socialdemokraterna,S,3,07672,Arbetarepartiet-Socialdemokraterna - Skåne läns södra,Skåne läns södra,exakt_en_lista,,scb_roster_2022_trend+vallagen_fast_plus_utjamning,listordning,13,Skåne läns södra,Plats 1 på partiets lista i valkretsen. Kandidaten står bara på den listan.,"K,R",3,1,1,21189,Morgan Johansson,56,M,Lund,"Lund, Riksdagsledamot",https://data.val.se/filer/val2026/parti/kandidaturer.csv
riksdag,RD,00,Riket,13,Skåne läns södra,S,S,Arbetarepartiet-Socialdemokraterna,S,3,07672,Arbetarepartiet-Socialdemokraterna - Skåne läns södra,Skåne läns södra,exakt_en_lista,,scb_roster_2022_trend+vallagen_fast_plus_utjamning,listordning,,Skåne läns södra,Plats 2 på partiets lista i valkretsen. Kandidaten står bara på den listan.,"K,R",3,2,2,21190,Cilla Dahl Andersson,54,K,Trelleborg,"Trelleborg, Folkhögskollärare",https://data.val.se/filer/val2026/parti/kandidaturer.csv
riksdag,RD,00,Riket,13,Skåne läns södra,S,S,Arbetarepartiet-Socialdemokraterna,S,3,07672,Arbetarepartiet-Socialdemokraterna - Skåne läns södra,Skåne läns södra,exakt_en_lista,,scb_roster_2022_trend+vallagen_fast_plus_utjamning,listordning,13,Skåne läns södra,Plats 3 på partiets lista i valkretsen. Kandidaten står bara på den listan.,"K,R",3,3,3,21191,Adrian Magnusson,31,M,Ystad,"Ystad, Riksdagsledamot",https://data.val.se/filer/val2026/parti/kandidaturer.csv
riksdag,RD,00,Riket,14,Skåne läns norra och östra,S,S,Arbetarepartiet-Socialdemokraterna,S,3,07684,Arbetarepartiet-Socialdemokraterna - Skåne läns norra och östra och östra,Skåne läns norra och östra och östra,exakt_en_lista,,scb_roster_2022_trend+vallagen_fast_plus_utjamning,listordning,14,Skåne läns norra och östra,Plats 1 på partiets lista i valkretsen. Kandidaten står bara på den listan.,"K,R",3,1,1,21386,Anna Wallentheim,41,K,Hässleholm,"Hässleholm, Riksdagsledamot",https://data.val.se/filer/val2026/parti/kandidaturer.csv
riksdag,RD,00,Riket,14,Skåne läns norra och östra,S,S,Arbetarepartiet-Socialdemokraterna,S,3,07684,Arbetarepartiet-Socialdemokraterna - Skåne läns norra och östra och östra,Skåne läns norra och östra och östra,exakt_en_lista,,scb_roster_2022_trend+vallagen_fast_plus_utjamning,listordning,14,Skåne läns västra,Plats 2 på partiets lista i valkretsen. Kandidaten står bara på den listan.,"K,R",3,2,2,21387,Per-Arne Håkansson,63,M,Ängelholm,"Ängelholm, Riksdagsledamot",https://data.val.se/filer/val2026/parti/kandidaturer.csv
riksdag,RD,00,Riket,14,Skåne läns norra och östra,S,S,Arbetarepartiet-Socialdemokraterna,S,3,07684,Arbetarepartiet-Socialdemokraterna - Skåne läns norra och östra och östra,Skåne läns norra och östra och östra,exakt_en_lista,,scb_roster_2022_trend+vallagen_fast_plus_utjamning,listordning,14,Skåne läns norra och östra,Plats 3 på partiets lista i valkretsen. Kandidaten står bara på den listan.,"K,R",3,3,3,21388,Ewa Pihl Krabbe,78,K,Kristianstad,"Kristianstad, Leg. Psykolog",https://data.val.se/filer/val2026/parti/kandidaturer.csv
riksdag,RD,00,Riket,15,Hallands län,S,S,Arbetarepartiet-Socialdemokraterna,S,3,08460,Arbetarepartiet-Socialdemokraterna - Hallands län,Hallands län,exakt_en_lista,,scb_roster_2022_trend+vallagen_fast_plus_utjamning,listordning,15,Hallands län,Plats 1 på partiets lista i valkretsen. Kandidaten står bara på den listan.,"K,R",3,1,1,35061,Jennie Nilsson,54,K,Halmstad,"54 år, Halmstad",https://data.val.se/filer/val2026/parti/kandidaturer.csv
riksdag,RD,00,Riket,15,Hallands län,S,S,Arbetarepartiet-Socialdemokraterna,S,3,08460,Arbetarepartiet-Socialdemokraterna - Hallands län,Hallands län,exakt_en_lista,,scb_roster_2022_trend+vallagen_fast_plus_utjamning,listordning,15,Hallands län,Plats 2 på partiets lista i valkretsen. Kandidaten står bara på den listan.,"K,R",3,2,2,35062,Arber Gashi,31,M,Halmstad,"31 år, Halmstad",https://data.val.se/filer/val2026/parti/kandidaturer.csv
riksdag,RD,00,Riket,15,Hallands län,S,S,Arbetarepartiet-Socialdemokraterna,S,3,08460,Arbetarepartiet-Socialdemokraterna - Hallands län,Hallands län,exakt_en_lista,,scb_roster_2022_trend+vallagen_fast_plus_utjamning,listordning,15,Hallands län,Plats 3 på partiets lista i valkretsen. Kandidaten står bara på den listan.,"K,R",3,3,3,35063,Aida Birinxhiku,27,K,Falkenberg,"27 år, Falkenberg",https://data.val.se/filer/val2026/parti/kandidaturer.csv
riksdag,RD,00,Riket,16,Göteborgs kommun,S,S,Arbetarepartiet-Socialdemokraterna,S,5,06919,Arbetarepartiet-Socialdemokraterna - Göteborgs kommun,Göteborgs kommun,exakt_en_lista,,scb_roster_2022_trend+vallagen_fast_plus_utjamning,listordning,16,Göteborgs kommun,Plats 1 på partiets lista i valkretsen. Kandidaten står bara på den listan.,"K,R",5,1,1,9090,Mattias Jonsson,52,M,Göteborg,"52 år, ombudsman IF Metall",https://data.val.se/filer/val2026/parti/kandidaturer.csv
riksdag,RD,00,Riket,16,Göteborgs kommun,S,S,Arbetarepartiet-Socialdemokraterna,S,5,06919,Arbetarepartiet-Socialdemokraterna - Göteborgs kommun,Göteborgs kommun,exakt_en_lista,,scb_roster_2022_trend+vallagen_fast_plus_utjamning,listordning,16,Göteborgs kommun,Plats 2 på partiets lista i valkretsen. Kandidaten står bara på den listan.,"K,R",5,2,2,9091,Amalia Rud Stenlöf,33,K,Göteborg,"33 år, riksdagsledamot",https://data.val.se/filer/val2026/parti/kandidaturer.csv
riksdag,RD,00,Riket,16,Göteborgs kommun,S,S,Arbetarepartiet-Socialdemokraterna,S,5,06919,Arbetarepartiet-Socialdemokraterna - Göteborgs kommun,Göteborgs kommun,exakt_en_lista,,scb_roster_2022_trend+vallagen_fast_plus_utjamning,listordning,16,Göteborgs kommun,Plats 3 på partiets lista i valkretsen. Kandidaten står bara på den listan.,"K,R",5,3,3,9092,Johan Büser,43,M,Göteborg,"43 år, riksdagsledamot",https://data.val.se/filer/val2026/parti/kandidaturer.csv
riksdag,RD,00,Riket,16,Göteborgs kommun,S,S,Arbetarepartiet-Socialdemokraterna,S,5,06919,Arbetarepartiet-Socialdemokraterna - Göteborgs kommun,Göteborgs kommun,exakt_en_lista,,scb_roster_2022_trend+vallagen_fast_plus_utjamning,listordning,,Göteborgs kommun,Plats 4 på partiets lista i valkretsen. Kandidaten står bara på den listan.,"K,R",5,4,4,9093,Ingrid Andreae,65,K,Göteborg,"65 år, pensionär",https://data.val.se/filer/val2026/parti/kandidaturer.csv
riksdag,RD,00,Riket,16,Göteborgs kommun,S,S,Arbetarepartiet-Socialdemokraterna,S,5,06919,Arbetarepartiet-Socialdemokraterna - Göteborgs kommun,Göteborgs kommun,exakt_en_lista,,scb_roster_2022_trend+vallagen_fast_plus_utjamning,listordning,,Göteborgs kommun,Plats 5 på partiets lista i valkretsen. Kandidaten står bara på den listan.,"K,R",5,5,5,9094,Robert Andersson Hammarstrand,54,M,Göteborg,"54 år, ombudsman",https://data.val.se/filer/val2026/parti/kandidaturer.csv
riksdag,RD,00,Riket,17,Västra Götalands läns västra,S,S,Arbetarepartiet-Socialdemokraterna,S,4,08974,Arbetarepartiet-Socialdemokraterna - Västra Götalands läns västra,Västra Götalands läns västra,exakt_en_lista,,scb_roster_2022_trend+vallagen_fast_plus_utjamning,listordning,17,Västra Götalands läns västra,Plats 1 på partiets lista i valkretsen. Kandidaten står bara på den listan.,"K,R",4,1,1,42255,Aylin Nouri,34,K,Mölndal,"34 år, riksdagsledamot, Mölndal",https://data.val.se/filer/val2026/parti/kandidaturer.csv
riksdag,RD,00,Riket,17,Västra Götalands läns västra,S,S,Arbetarepartiet-Socialdemokraterna,S,4,08974,Arbetarepartiet-Socialdemokraterna - Västra Götalands läns västra,Västra Götalands läns västra,exakt_en_lista,,scb_roster_2022_trend+vallagen_fast_plus_utjamning,listordning,17,Västra Götalands läns södra,Plats 2 på partiets lista i valkretsen. Kandidaten står bara på den listan.,"K,R",4,2,2,42256,Joakim Järrebring,50,M,Alingsås,"50 år, facklig ombudsman, Alingsås",https://data.val.se/filer/val2026/parti/kandidaturer.csv
riksdag,RD,00,Riket,17,Västra Götalands läns västra,S,S,Arbetarepartiet-Socialdemokraterna,S,4,08974,Arbetarepartiet-Socialdemokraterna - Västra Götalands läns västra,Västra Götalands läns västra,exakt_en_lista,,scb_roster_2022_trend+vallagen_fast_plus_utjamning,listordning,,Västra Götalands läns västra,Plats 3 på partiets lista i valkretsen. Kandidaten står bara på den listan.,"K,R",4,3,3,42257,Katarina Bosetti-Kristoffersson,47,K,Partille,"47 år, ombudsman LO, Partille",https://data.val.se/filer/val2026/parti/kandidaturer.csv
riksdag,RD,00,Riket,17,Västra Götalands läns västra,S,S,Arbetarepartiet-Socialdemokraterna,S,4,08974,Arbetarepartiet-Socialdemokraterna - Västra Götalands läns västra,Västra Götalands läns västra,exakt_en_lista,,scb_roster_2022_trend+vallagen_fast_plus_utjamning,listordning,17,Västra Götalands läns västra,Plats 4 på partiets lista i valkretsen. Kandidaten står bara på den listan.,"K,R",4,4,4,42258,Kenneth G Forslund,59,M,Kungälv,"59 år, förste vice talman, Kungälv",https://data.val.se/filer/val2026/parti/kandidaturer.csv
riksdag,RD,00,Riket,18,Västra Götalands läns norra,S,S,Arbetarepartiet-Socialdemokraterna,S,3,09379,Arbetarepartiet-Socialdemokraterna - Västra Götalands läns norra,Västra Götalands läns norra,exakt_en_lista,,scb_roster_2022_trend+vallagen_fast_plus_utjamning,listordning,18,Västra Götalands läns norra,Plats 1 på partiets lista i valkretsen. Kandidaten står bara på den listan.,"K,R",3,1,1,23622,Jonathan Svensson,26,M,Vänersborg,"26 år, Riksdagsledamot, Vänersborg",https://data.val.se/filer/val2026/parti/kandidaturer.csv
riksdag,RD,00,Riket,18,Västra Götalands läns norra,S,S,Arbetarepartiet-Socialdemokraterna,S,3,09379,Arbetarepartiet-Socialdemokraterna - Västra Götalands läns norra,Västra Götalands läns norra,exakt_en_lista,,scb_roster_2022_trend+vallagen_fast_plus_utjamning,listordning,18,Västra Götalands läns norra,Plats 2 på partiets lista i valkretsen. Kandidaten står bara på den listan.,"K,R",3,2,2,23476,Louise Thunström,53,K,Tanum,"53 år, Riksdagsledamot, Tanum",https://data.val.se/filer/val2026/parti/kandidaturer.csv
riksdag,RD,00,Riket,18,Västra Götalands läns norra,S,S,Arbetarepartiet-Socialdemokraterna,S,3,09379,Arbetarepartiet-Socialdemokraterna - Västra Götalands läns norra,Västra Götalands läns norra,exakt_en_lista,,scb_roster_2022_trend+vallagen_fast_plus_utjamning,listordning,,Västra Götalands läns norra,Plats 3 på partiets lista i valkretsen. Kandidaten står bara på den listan.,"K,R",3,3,3,14995,Michael Melby,56,M,Mellerud,"56 år, Metallindustriarbetare, Mellerud",https://data.val.se/filer/val2026/parti/kandidaturer.csv
riksdag,RD,00,Riket,19,Västra Götalands läns södra,S,S,Arbetarepartiet-Socialdemokraterna,S,2,07074,Arbetarepartiet-Socialdemokraterna - Västra Götalands läns södra,Västra Götalands läns södra,exakt_en_lista,,scb_roster_2022_trend+vallagen_fast_plus_utjamning,listordning,19,Västra Götalands läns södra,Plats 1 på partiets lista i valkretsen. Kandidaten står bara på den listan.,"K,R",2,1,1,12185,Petter Löberg,58,M,Borås,Borås,https://data.val.se/filer/val2026/parti/kandidaturer.csv
riksdag,RD,00,Riket,19,Västra Götalands läns södra,S,S,Arbetarepartiet-Socialdemokraterna,S,2,07074,Arbetarepartiet-Socialdemokraterna - Västra Götalands läns södra,Västra Götalands läns södra,exakt_en_lista,,scb_roster_2022_trend+vallagen_fast_plus_utjamning,listordning,19,Västra Götalands läns södra,Plats 2 på partiets lista i valkretsen. Kandidaten står bara på den listan.,"K,R",2,2,2,12186,Jessica Rodén,49,K,Mark,Tostared,https://data.val.se/filer/val2026/parti/kandidaturer.csv
riksdag,RD,00,Riket,20,Västra Götalands läns östra,S,S,Arbetarepartiet-Socialdemokraterna,S,3,09503,Arbetarepartiet-Socialdemokraterna - Västra Götalands läns östra,Västra Götalands läns östra,exakt_en_lista,,scb_roster_2022_trend+vallagen_fast_plus_utjamning,listordning,20,Västra Götalands läns östra,Plats 1 på partiets lista i valkretsen. Kandidaten står bara på den listan.,"K,R",3,1,1,48916,Erik Ezelius,39,M,Tidaholm,"39 år, Tidaholm",https://data.val.se/filer/val2026/parti/kandidaturer.csv
riksdag,RD,00,Riket,20,Västra Götalands läns östra,S,S,Arbetarepartiet-Socialdemokraterna,S,3,09503,Arbetarepartiet-Socialdemokraterna - Västra Götalands läns östra,Västra Götalands läns östra,exakt_en_lista,,scb_roster_2022_trend+vallagen_fast_plus_utjamning,listordning,,Västra Götalands läns östra,Plats 2 på partiets lista i valkretsen. Kandidaten står bara på den listan.,"K,R",3,2,2,49291,Therese Kristiansson,31,K,Lidköping,"31 år, Lidköping",https://data.val.se/filer/val2026/parti/kandidaturer.csv
riksdag,RD,00,Riket,20,Västra Götalands läns östra,S,S,Arbetarepartiet-Socialdemokraterna,S,3,09503,Arbetarepartiet-Socialdemokraterna - Västra Götalands läns östra,Västra Götalands läns östra,exakt_en_lista,,scb_roster_2022_trend+vallagen_fast_plus_utjamning,hemvalkrets_2026,,Västra Götalands läns östra,"Plats 3 på listan. Står på flera listor och är folkbokförd i Skövde, som ligger i valkretsen.","K,R",3,3,3,49080,Marcus Andersson,39,M,Skövde,"39 år, Skövde",https://data.val.se/filer/val2026/parti/kandidaturer.csv
riksdag,RD,00,Riket,21,Värmlands län,S,S,Arbetarepartiet-Socialdemokraterna,S,3,08148,Arbetarepartiet-Socialdemokraterna - Värmlands län,Värmlands län,exakt_en_lista,,scb_roster_2022_trend+vallagen_fast_plus_utjamning,listordning,,Värmlands län,Plats 1 på partiets lista i valkretsen. Kandidaten står bara på den listan.,"K,R",3,1,1,28781,Mikael Dahlkvist,58,M,Hagfors,"58 år, Hagfors",https://data.val.se/filer/val2026/parti/kandidaturer.csv
riksdag,RD,00,Riket,21,Värmlands län,S,S,Arbetarepartiet-Socialdemokraterna,S,3,08148,Arbetarepartiet-Socialdemokraterna - Värmlands län,Värmlands län,exakt_en_lista,,scb_roster_2022_trend+vallagen_fast_plus_utjamning,listordning,21,Värmlands län,Plats 2 på partiets lista i valkretsen. Kandidaten står bara på den listan.,"K,R",3,2,2,29775,Sofia Skönnbrink,34,K,Eda,"34 år, Eda",https://data.val.se/filer/val2026/parti/kandidaturer.csv
riksdag,RD,00,Riket,21,Värmlands län,S,S,Arbetarepartiet-Socialdemokraterna,S,3,08148,Arbetarepartiet-Socialdemokraterna - Värmlands län,Värmlands län,exakt_en_lista,,scb_roster_2022_trend+vallagen_fast_plus_utjamning,listordning,,Värmlands län,Plats 3 på partiets lista i valkretsen. Kandidaten står bara på den listan.,"K,R",3,3,3,29443,Peter Söderström,51,M,Arvika,"51 år, Arvika",https://data.val.se/filer/val2026/parti/kandidaturer.csv
riksdag,RD,00,Riket,22,Örebro län,S,S,Arbetarepartiet-Socialdemokraterna,S,3,06927,Arbetarepartiet-Socialdemokraterna - Örebro län,Örebro län,exakt_en_lista,,scb_roster_2022_trend+vallagen_fast_plus_utjamning,listordning,22,Örebro län,Plats 1 på partiets lista i valkretsen. Kandidaten står bara på den listan.,"K,R",3,1,1,9249,Matilda Ernkrans,53,K,Hallsberg,"Hallsberg, 53 år",https://data.val.se/filer/val2026/parti/kandidaturer.csv
riksdag,RD,00,Riket,22,Örebro län,S,S,Arbetarepartiet-Socialdemokraterna,S,3,06927,Arbetarepartiet-Socialdemokraterna - Örebro län,Örebro län,exakt_en_lista,,scb_roster_2022_trend+vallagen_fast_plus_utjamning,listordning,22,Örebro län,Plats 2 på partiets lista i valkretsen. Kandidaten står bara på den listan.,"K,R",3,2,2,9250,Denis Begic,55,M,Örebro,"Örebro, 55 år",https://data.val.se/filer/val2026/parti/kandidaturer.csv
riksdag,RD,00,Riket,22,Örebro län,S,S,Arbetarepartiet-Socialdemokraterna,S,3,06927,Arbetarepartiet-Socialdemokraterna - Örebro län,Örebro län,exakt_en_lista,,scb_roster_2022_trend+vallagen_fast_plus_utjamning,listordning,22,Örebro län,Plats 3 på partiets lista i valkretsen. Kandidaten står bara på den listan.,"K,R",3,3,3,9251,Karin Sundin,54,K,Örebro,"Örebro, 54 år",https://data.val.se/filer/val2026/parti/kandidaturer.csv
riksdag,RD,00,Riket,23,Västmanlands län,S,S,Arbetarepartiet-Socialdemokraterna,S,3,06617,Arbetarepartiet-Socialdemokraterna - Västmanlands län,Västmanlands län,exakt_en_lista,,scb_roster_2022_trend+vallagen_fast_plus_utjamning,listordning,23,Västmanlands län,Plats 1 på partiets lista i valkretsen. Kandidaten står bara på den listan.,"K,R",3,1,1,3671,Åsa Eriksson,54,K,Norberg,"54 år, Norberg",https://data.val.se/filer/val2026/parti/kandidaturer.csv
riksdag,RD,00,Riket,23,Västmanlands län,S,S,Arbetarepartiet-Socialdemokraterna,S,3,06617,Arbetarepartiet-Socialdemokraterna - Västmanlands län,Västmanlands län,exakt_en_lista,,scb_roster_2022_trend+vallagen_fast_plus_utjamning,listordning,,Västmanlands län,Plats 2 på partiets lista i valkretsen. Kandidaten står bara på den listan.,"K,R",3,2,2,3672,Jonas Cronert,46,M,Västerås,"46 år, Västerås",https://data.val.se/filer/val2026/parti/kandidaturer.csv
riksdag,RD,00,Riket,23,Västmanlands län,S,S,Arbetarepartiet-Socialdemokraterna,S,3,06617,Arbetarepartiet-Socialdemokraterna - Västmanlands län,Västmanlands län,exakt_en_lista,,scb_roster_2022_trend+vallagen_fast_plus_utjamning,listordning,,Västmanlands län,Plats 3 på partiets lista i valkretsen. Kandidaten står bara på den listan.,"K,R",3,3,3,3673,Amanda Lindblad,35,K,Sala,"35 år, Sala",https://data.val.se/filer/val2026/parti/kandidaturer.csv
riksdag,RD,00,Riket,24,Dalarnas län,S,S,Arbetarepartiet-Socialdemokraterna,S,3,06684,Arbetarepartiet-Socialdemokraterna - Dalarnas län,Dalarnas län,exakt_en_lista,,scb_roster_2022_trend+vallagen_fast_plus_utjamning,listordning,24,Dalarnas län,Plats 1 på partiets lista i valkretsen. Kandidaten står bara på den listan.,"K,R",3,1,1,4523,Peter Hultqvist,67,M,Borlänge,"67 år, Borlänge",https://data.val.se/filer/val2026/parti/kandidaturer.csv
riksdag,RD,00,Riket,24,Dalarnas län,S,S,Arbetarepartiet-Socialdemokraterna,S,3,06684,Arbetarepartiet-Socialdemokraterna - Dalarnas län,Dalarnas län,exakt_en_lista,,scb_roster_2022_trend+vallagen_fast_plus_utjamning,listordning,24,Dalarnas län,Plats 2 på partiets lista i valkretsen. Kandidaten står bara på den listan.,"K,R",3,2,2,4524,Marie Olsson,59,K,Orsa,"59 år, Orsa",https://data.val.se/filer/val2026/parti/kandidaturer.csv
riksdag,RD,00,Riket,24,Dalarnas län,S,S,Arbetarepartiet-Socialdemokraterna,S,3,06684,Arbetarepartiet-Socialdemokraterna - Dalarnas län,Dalarnas län,exakt_en_lista,,scb_roster_2022_trend+vallagen_fast_plus_utjamning,listordning,24,Dalarnas län,Plats 3 på partiets lista i valkretsen. Kandidaten står bara på den listan.,"K,R",3,3,3,4525,Lars Isacsson,56,M,Avesta,"56 år, Avesta",https://data.val.se/filer/val2026/parti/kandidaturer.csv
riksdag,RD,00,Riket,25,Gävleborgs län,S,S,Arbetarepartiet-Socialdemokraterna,S,3,07303,Arbetarepartiet-Socialdemokraterna - Gävleborgs län,Gävleborgs län,exakt_en_lista,,scb_roster_2022_trend+vallagen_fast_plus_utjamning,listordning,25,Gävleborgs län,Plats 1 på partiets lista i valkretsen. Kandidaten står bara på den listan.,"K,R",3,1,1,14779,Patrik Lundqvist,42,M,Sandviken,"42 år, Mekaniker, Sandviken",https://data.val.se/filer/val2026/parti/kandidaturer.csv
riksdag,RD,00,Riket,25,Gävleborgs län,S,S,Arbetarepartiet-Socialdemokraterna,S,3,07303,Arbetarepartiet-Socialdemokraterna - Gävleborgs län,Gävleborgs län,exakt_en_lista,,scb_roster_2022_trend+vallagen_fast_plus_utjamning,listordning,25,Gävleborgs län,Plats 2 på partiets lista i valkretsen. Kandidaten står bara på den listan.,"K,R",3,2,2,15749,Sanna Backeskog,41,K,Gävle,"41 år, Ombudsman, Gävle",https://data.val.se/filer/val2026/parti/kandidaturer.csv
riksdag,RD,00,Riket,25,Gävleborgs län,S,S,Arbetarepartiet-Socialdemokraterna,S,3,07303,Arbetarepartiet-Socialdemokraterna - Gävleborgs län,Gävleborgs län,exakt_en_lista,,scb_roster_2022_trend+vallagen_fast_plus_utjamning,listordning,25,Gävleborgs län,Plats 3 på partiets lista i valkretsen. Kandidaten står bara på den listan.,"K,R",3,3,3,15750,Kristoffer Lindberg,34,M,Bollnäs,"34 år, Verksamhetsutvecklare, Bollnäs",https://data.val.se/filer/val2026/parti/kandidaturer.csv
riksdag,RD,00,Riket,26,Västernorrlands län,S,S,Arbetarepartiet-Socialdemokraterna,S,3,06749,Arbetarepartiet-Socialdemokraterna - Västernorrlands län,Västernorrlands län,exakt_en_lista,,scb_roster_2022_trend+vallagen_fast_plus_utjamning,listordning,26,Västernorrlands län,Plats 1 på partiets lista i valkretsen. Kandidaten står bara på den listan.,"K,R",3,1,1,6006,Malin Larsson,46,K,Sundsvall,46 år Sundsvall,https://data.val.se/filer/val2026/parti/kandidaturer.csv
riksdag,RD,00,Riket,26,Västernorrlands län,S,S,Arbetarepartiet-Socialdemokraterna,S,3,06749,Arbetarepartiet-Socialdemokraterna - Västernorrlands län,Västernorrlands län,exakt_en_lista,,scb_roster_2022_trend+vallagen_fast_plus_utjamning,listordning,26,Västernorrlands län,Plats 2 på partiets lista i valkretsen. Kandidaten står bara på den listan.,"K,R",3,2,2,6007,Peter Hedberg,35,M,Kramfors,35 år Kramfors,https://data.val.se/filer/val2026/parti/kandidaturer.csv
riksdag,RD,00,Riket,26,Västernorrlands län,S,S,Arbetarepartiet-Socialdemokraterna,S,3,06749,Arbetarepartiet-Socialdemokraterna - Västernorrlands län,Västernorrlands län,exakt_en_lista,,scb_roster_2022_trend+vallagen_fast_plus_utjamning,listordning,26,Västernorrlands län,Plats 3 på partiets lista i valkretsen. Kandidaten står bara på den listan.,"K,R",3,3,3,6008,Anna-Belle Strömberg,61,K,Örnsköldsvik,61 år Örnsköldsvik,https://data.val.se/filer/val2026/parti/kandidaturer.csv
riksdag,RD,00,Riket,27,Jämtlands län,S,S,Arbetarepartiet-Socialdemokraterna,S,2,06681,Arbetarepartiet-Socialdemokraterna - Jämtlands län,Jämtlands län,exakt_en_lista,,scb_roster_2022_trend+vallagen_fast_plus_utjamning,listordning,27,Jämtlands län,Plats 1 på partiets lista i valkretsen. Kandidaten står bara på den listan.,"K,R",2,1,1,4497,Anna-Caren Sätherberg,61,K,Åre,"61, Bartender, Åre",https://data.val.se/filer/val2026/parti/kandidaturer.csv
riksdag,RD,00,Riket,27,Jämtlands län,S,S,Arbetarepartiet-Socialdemokraterna,S,2,06681,Arbetarepartiet-Socialdemokraterna - Jämtlands län,Jämtlands län,exakt_en_lista,,scb_roster_2022_trend+vallagen_fast_plus_utjamning,listordning,27,Jämtlands län,Plats 2 på partiets lista i valkretsen. Kandidaten står bara på den listan.,"K,R",2,2,2,4498,Kalle Olsson,42,M,Östersund,"42, Ledarskribent, Östersund",https://data.val.se/filer/val2026/parti/kandidaturer.csv
riksdag,RD,00,Riket,28,Västerbottens län,S,S,Arbetarepartiet-Socialdemokraterna,S,4,07175,Arbetarepartiet-Socialdemokraterna - Västerbottens län,Västerbottens län,exakt_en_lista,,scb_roster_2022_trend+vallagen_fast_plus_utjamning,listordning,28,Västerbottens län,Plats 1 på partiets lista i valkretsen. Kandidaten står bara på den listan.,"K,R",4,1,1,13479,Isak From,59,M,Norsjö,"59 år, Processtekniker, Norsjö",https://data.val.se/filer/val2026/parti/kandidaturer.csv
riksdag,RD,00,Riket,28,Västerbottens län,S,S,Arbetarepartiet-Socialdemokraterna,S,4,07175,Arbetarepartiet-Socialdemokraterna - Västerbottens län,Västerbottens län,exakt_en_lista,,scb_roster_2022_trend+vallagen_fast_plus_utjamning,listordning,,Västerbottens län,Plats 2 på partiets lista i valkretsen. Kandidaten står bara på den listan.,"K,R",4,2,2,13480,Malin Malm,32,K,Umeå,"32 år, Psykologstudent, Umeå",https://data.val.se/filer/val2026/parti/kandidaturer.csv
riksdag,RD,00,Riket,28,Västerbottens län,S,S,Arbetarepartiet-Socialdemokraterna,S,4,07175,Arbetarepartiet-Socialdemokraterna - Västerbottens län,Västerbottens län,exakt_en_lista,,scb_roster_2022_trend+vallagen_fast_plus_utjamning,listordning,28,Västerbottens län,Plats 3 på partiets lista i valkretsen. Kandidaten står bara på den listan.,"K,R",4,3,3,13481,Björn Wiechel,42,M,Umeå,"42 år, Samhällsvetare, Umeå",https://data.val.se/filer/val2026/parti/kandidaturer.csv
riksdag,RD,00,Riket,28,Västerbottens län,S,S,Arbetarepartiet-Socialdemokraterna,S,4,07175,Arbetarepartiet-Socialdemokraterna - Västerbottens län,Västerbottens län,exakt_en_lista,,scb_roster_2022_trend+vallagen_fast_plus_utjamning,historisk_valkrets_2022,28,Västerbottens län,"Plats 4 på listan. Står på flera listor och företräder valkretsen i dag, så platsen räknas hit.","K,R",4,4,4,13482,Åsa Karlsson,53,K,Skellefteå,"53 år, Lärare, Skellefteå",https://data.val.se/filer/val2026/parti/kandidaturer.csv
riksdag,RD,00,Riket,29,Norrbottens län,S,S,Arbetarepartiet-Socialdemokraterna,S,4,06721,Arbetarepartiet-Socialdemokraterna - Norrbottens län,Norrbottens län,exakt_en_lista,,scb_roster_2022_trend+vallagen_fast_plus_utjamning,listordning,29,Norrbottens län,Plats 1 på partiets lista i valkretsen. Kandidaten står bara på den listan.,"K,R",4,1,1,5382,Fredrik Lundh Sammeli,49,M,Luleå,"49, Luleå",https://data.val.se/filer/val2026/parti/kandidaturer.csv
riksdag,RD,00,Riket,29,Norrbottens län,S,S,Arbetarepartiet-Socialdemokraterna,S,4,06721,Arbetarepartiet-Socialdemokraterna - Norrbottens län,Norrbottens län,exakt_en_lista,,scb_roster_2022_trend+vallagen_fast_plus_utjamning,listordning,29,Norrbottens län,Plats 2 på partiets lista i valkretsen. Kandidaten står bara på den listan.,"K,R",4,2,2,5383,Ida Karkiainen,38,K,Haparanda,"38, Haparanda",https://data.val.se/filer/val2026/parti/kandidaturer.csv
riksdag,RD,00,Riket,29,Norrbottens län,S,S,Arbetarepartiet-Socialdemokraterna,S,4,06721,Arbetarepartiet-Socialdemokraterna - Norrbottens län,Norrbottens län,exakt_en_lista,,scb_roster_2022_trend+vallagen_fast_plus_utjamning,listordning,,Norrbottens län,Plats 3 på partiets lista i valkretsen. Kandidaten står bara på den listan.,"K,R",4,3,3,5384,Samuel Pettersson,25,M,Piteå,"25, Piteå",https://data.val.se/filer/val2026/parti/kandidaturer.csv
riksdag,RD,00,Riket,29,Norrbottens län,S,S,Arbetarepartiet-Socialdemokraterna,S,4,06721,Arbetarepartiet-Socialdemokraterna - Norrbottens län,Norrbottens län,exakt_en_lista,,scb_roster_2022_trend+vallagen_fast_plus_utjamning,listordning,29,Norrbottens län,Plats 4 på partiets lista i valkretsen. Kandidaten står bara på den listan.,"K,R",4,4,4,5385,Zara Leghissa,55,K,Boden,"55, Boden",https://data.val.se/filer/val2026/parti/kandidaturer.csv
riksdag,RD,00,Riket,01,Stockholms kommun,MP,MP,Miljöpartiet de gröna,MP,5,08394,Miljöpartiet de gröna - Stockholms kommun,Stockholms kommun,exakt_en_lista,,scb_roster_2022_trend+vallagen_fast_plus_utjamning,historisk_valkrets_2022,01,Stockholms kommun,"Plats 1 på listan. Står på flera listor och företräder valkretsen i dag, så platsen räknas hit.","K,R",5,1,1,19566,Daniel Helldén,61,M,Stockholm,"61, språkrör",https://data.val.se/filer/val2026/parti/kandidaturer.csv
riksdag,RD,00,Riket,01,Stockholms kommun,MP,MP,Miljöpartiet de gröna,MP,5,08394,Miljöpartiet de gröna - Stockholms kommun,Stockholms kommun,exakt_en_lista,,scb_roster_2022_trend+vallagen_fast_plus_utjamning,historisk_valkrets_2022,01,Stockholms kommun,"Plats 2 på listan. Står på flera listor och företräder valkretsen i dag, så platsen räknas hit.","K,R",5,2,2,33922,Åsa Lindhagen,46,K,Stockholm,"46, miljö- och klimatborgarråd",https://data.val.se/filer/val2026/parti/kandidaturer.csv
riksdag,RD,00,Riket,01,Stockholms kommun,MP,MP,Miljöpartiet de gröna,MP,5,08394,Miljöpartiet de gröna - Stockholms kommun,Stockholms kommun,exakt_en_lista,,scb_roster_2022_trend+vallagen_fast_plus_utjamning,historisk_valkrets_2022,01,Stockholms kommun,"Plats 3 på listan. Står på flera listor och företräder valkretsen i dag, så platsen räknas hit.","K,R",5,3,3,33923,Ulrika Westerlund,53,K,Stockholm,"53, riksdagsledamot, sakkunnig hbtqi",https://data.val.se/filer/val2026/parti/kandidaturer.csv
riksdag,RD,00,Riket,01,Stockholms kommun,MP,MP,Miljöpartiet de gröna,MP,5,08394,Miljöpartiet de gröna - Stockholms kommun,Stockholms kommun,exakt_en_lista,,scb_roster_2022_trend+vallagen_fast_plus_utjamning,hemvalkrets_2026,,Stockholms kommun,"Plats 4 på listan. Står på flera listor och är folkbokförd i Stockholm, som ligger i valkretsen.","K,R",5,4,4,33924,Gurgin Bakircioglu,42,M,Stockholm,"42, journalist",https://data.val.se/filer/val2026/parti/kandidaturer.csv
riksdag,RD,00,Riket,01,Stockholms kommun,MP,MP,Miljöpartiet de gröna,MP,5,08394,Miljöpartiet de gröna - Stockholms kommun,Stockholms kommun,exakt_en_lista,,scb_roster_2022_trend+vallagen_fast_plus_utjamning,listordning,,Stockholms kommun,Plats 5 på partiets lista i valkretsen. Kandidaten står bara på den listan.,"K,R",5,5,5,33925,Nila Vikhe Patil,41,K,Stockholm,"41, revisor",https://data.val.se/filer/val2026/parti/kandidaturer.csv
riksdag,RD,00,Riket,02,Stockholms län,MP,MP,Miljöpartiet de gröna,MP,4,08393,Miljöpartiet de gröna - Stockholms län,Stockholms län,exakt_en_lista,,scb_roster_2022_trend+vallagen_fast_plus_utjamning,historisk_valkrets_2022,02,Västernorrlands län,"Plats 1 på listan. Står på flera listor och företräder valkretsen i dag, så platsen räknas hit.","K,R",4,1,1,13131,Amanda Lind,46,K,Härnösand,"46, språkrör, Härnösand",https://data.val.se/filer/val2026/parti/kandidaturer.csv
riksdag,RD,00,Riket,02,Stockholms län,MP,MP,Miljöpartiet de gröna,MP,4,08393,Miljöpartiet de gröna - Stockholms län,Stockholms län,exakt_en_lista,,scb_roster_2022_trend+vallagen_fast_plus_utjamning,historisk_valkrets_2022,02,,"Plats 2 på listan. Står på flera listor och företräder valkretsen i dag, så platsen räknas hit.","K,R",4,2,2,33918,Annika Hirvonen,37,K,,"37, riksdagsledamot, Stockholm",https://data.val.se/filer/val2026/parti/kandidaturer.csv
riksdag,RD,00,Riket,02,Stockholms län,MP,MP,Miljöpartiet de gröna,MP,4,08393,Miljöpartiet de gröna - Stockholms län,Stockholms län,exakt_en_lista,,scb_roster_2022_trend+vallagen_fast_plus_utjamning,listordning,,Stockholms län,Plats 3 på partiets lista i valkretsen. Kandidaten står bara på den listan.,"K,R",4,3,3,32911,Ajda Asgari,36,K,Tyresö,"36, lärare, Tyresö",https://data.val.se/filer/val2026/parti/kandidaturer.csv
riksdag,RD,00,Riket,02,Stockholms län,MP,MP,Miljöpartiet de gröna,MP,4,08393,Miljöpartiet de gröna - Stockholms län,Stockholms län,exakt_en_lista,,scb_roster_2022_trend+vallagen_fast_plus_utjamning,hemvalkrets_2026,,Stockholms län,"Plats 4 på listan. Står på flera listor och är folkbokförd i Solna, som ligger i valkretsen.","K,R",4,4,4,29019,Martin Marmgren,51,M,Solna,"51, polis, ingenjör, Solna",https://data.val.se/filer/val2026/parti/kandidaturer.csv
riksdag,RD,00,Riket,03,Uppsala län,MP,MP,Miljöpartiet de gröna,MP,1,08698,Miljöpartiet de gröna - Uppsala län,Uppsala län,exakt_en_lista,,scb_roster_2022_trend+vallagen_fast_plus_utjamning,historisk_valkrets_2022,03,Uppsala län,"Plats 1 på listan. Står på flera listor och företräder valkretsen i dag, så platsen räknas hit.","K,R",1,1,1,37988,Jacob Risberg,53,M,Knivsta,"53 år, Riksdagsledamot, Knivsta",https://data.val.se/filer/val2026/parti/kandidaturer.csv
riksdag,RD,00,Riket,04,Södermanlands län,MP,MP,Miljöpartiet de gröna,MP,1,07116,Miljöpartiet de gröna - Södermanlands län,Södermanlands län,exakt_en_lista,,scb_roster_2022_trend+vallagen_fast_plus_utjamning,historisk_valkrets_2022,04,Södermanlands län,"Plats 1 på listan. Står på flera listor och företräder valkretsen i dag, så platsen räknas hit.","K,R",1,1,1,12873,Linus Lakso,43,M,Eskilstuna,"43 år, Energiingenjör, Eskilstuna",https://data.val.se/filer/val2026/parti/kandidaturer.csv
riksdag,RD,00,Riket,05,Östergötlands län,MP,MP,Miljöpartiet de gröna,MP,1,08583,Miljöpartiet de gröna - Östergötlands län,Östergötlands län,exakt_en_lista,,scb_roster_2022_trend+vallagen_fast_plus_utjamning,historisk_valkrets_2022,05,Stockholms län,"Plats 1 på listan. Står på flera listor och företräder valkretsen i dag, så platsen räknas hit.","K,R",1,1,1,15876,Rebecka Le Moine,36,K,Nacka,"36 år, Biolog, Saltsjö-Boo",https://data.val.se/filer/val2026/parti/kandidaturer.csv
riksdag,RD,00,Riket,06,Jönköpings län,MP,MP,Miljöpartiet de gröna,MP,1,06554,Miljöpartiet de gröna - Jönköpings län,Jönköpings län,exakt_en_lista,,scb_roster_2022_trend+vallagen_fast_plus_utjamning,hemvalkrets_2026,,Jönköpings län,"Plats 1 på listan. Står på flera listor och är folkbokförd i Nässjö, som ligger i valkretsen.","K,R",1,1,1,2864,Rikard Salander,45,M,Nässjö,"45, komvuxlärare, Bodafors",https://data.val.se/filer/val2026/parti/kandidaturer.csv
riksdag,RD,00,Riket,11,Malmö kommun,MP,MP,Miljöpartiet de gröna,MP,1,08419,Miljöpartiet de gröna - Malmö kommun,Malmö kommun,exakt_en_lista,,scb_roster_2022_trend+vallagen_fast_plus_utjamning,hemvalkrets_2026,,Malmö kommun,"Plats 1 på listan. Står på flera listor och är folkbokförd i Malmö, som ligger i valkretsen.","K,R",1,1,1,8849,Bassem Nasr,45,M,Malmö,"45 år, Ordförande Miljöpartiet i Malmö, Malmö",https://data.val.se/filer/val2026/parti/kandidaturer.csv
riksdag,RD,00,Riket,12,Skåne läns västra,MP,MP,Miljöpartiet de gröna,MP,1,06906,Miljöpartiet de gröna - Skåne läns västra,Skåne läns västra,exakt_en_lista,,scb_roster_2022_trend+vallagen_fast_plus_utjamning,hemvalkrets_2026,,Skåne läns västra,"Plats 1 på listan. Står på flera listor och är folkbokförd i Helsingborg, som ligger i valkretsen.","K,R",1,1,1,8827,Marcus Friberg,39,M,Helsingborg,"39 år, lärare, Helsingborg",https://data.val.se/filer/val2026/parti/kandidaturer.csv
riksdag,RD,00,Riket,13,Skåne läns södra,MP,MP,Miljöpartiet de gröna,MP,1,07436,Miljöpartiet de gröna - Skåne läns södra,Skåne läns södra,exakt_en_lista,,scb_roster_2022_trend+vallagen_fast_plus_utjamning,hemvalkrets_2026,,Skåne läns södra,"Plats 1 på listan. Står på flera listor och är folkbokförd i Lund, som ligger i valkretsen.","K,R",1,1,1,8831,Hanna Lindqvist,22,K,Lund,"22 år, språkrör Grön Ungdom, Lund",https://data.val.se/filer/val2026/parti/kandidaturer.csv
riksdag,RD,00,Riket,14,Skåne läns norra och östra,MP,MP,Miljöpartiet de gröna,MP,1,07316,Miljöpartiet de gröna - Skåne läns norra och östra och östra,Skåne läns norra och östra och östra,exakt_en_lista,"Partiet har både en lista för länet och en för hela landet. Länslistan används, eftersom den är den partiet kampanjar med lokalt, men vilken väljarna faktiskt lägger går inte att veta före valet.",scb_roster_2022_trend+vallagen_fast_plus_utjamning,hemvalkrets_2026,,Skåne läns norra och östra,"Plats 1 på listan. Står på flera listor och är folkbokförd i Hässleholm, som ligger i valkretsen.","K,R",1,1,1,8841,Arberesha Sabani,35,K,Hässleholm,"35 år, legitimerad lärare, Sösdala",https://data.val.se/filer/val2026/parti/kandidaturer.csv
riksdag,RD,00,Riket,15,Hallands län,MP,MP,Miljöpartiet de gröna,MP,1,08896,Miljöpartiet de gröna - Hallands län,Hallands län,exakt_en_lista,,scb_roster_2022_trend+vallagen_fast_plus_utjamning,historisk_valkrets_2022,15,Hallands län,"Plats 1 på listan. Står på flera listor och företräder valkretsen i dag, så platsen räknas hit.","K,R",1,1,1,40946,Jan Riise,68,M,Kungsbacka,"Kungsbacka, 68 år, riksdagsledamot",https://data.val.se/filer/val2026/parti/kandidaturer.csv
riksdag,RD,00,Riket,16,Göteborgs kommun,MP,MP,Miljöpartiet de gröna,MP,2,08367,Miljöpartiet de gröna - Göteborgs kommun,Göteborgs kommun,exakt_en_lista,,scb_roster_2022_trend+vallagen_fast_plus_utjamning,historisk_valkrets_2022,16,Göteborgs kommun,"Plats 1 på listan. Står på flera listor och företräder valkretsen i dag, så platsen räknas hit.","K,R",2,1,1,33556,Leila Ali Elmi,38,K,Göteborg,"38 år, Riksdagsledamot, Angered",https://data.val.se/filer/val2026/parti/kandidaturer.csv
riksdag,RD,00,Riket,16,Göteborgs kommun,MP,MP,Miljöpartiet de gröna,MP,2,08367,Miljöpartiet de gröna - Göteborgs kommun,Göteborgs kommun,exakt_en_lista,,scb_roster_2022_trend+vallagen_fast_plus_utjamning,historisk_valkrets_2022,16,Västra Götalands läns norra,"Plats 2 på listan. Står på flera listor och företräder valkretsen i dag, så platsen räknas hit.","K,R",2,2,2,26857,Emma Nohrén,46,K,Lysekil,"48 år, Marinbiolog/riksdagsledamot, Lysekil",https://data.val.se/filer/val2026/parti/kandidaturer.csv
riksdag,RD,00,Riket,17,Västra Götalands läns västra,MP,MP,Miljöpartiet de gröna,MP,1,08517,Miljöpartiet de gröna - Västra Götalands läns västra,Västra Götalands läns västra,exakt_en_lista,,scb_roster_2022_trend+vallagen_fast_plus_utjamning,historisk_valkrets_2022,17,Västra Götalands läns södra,"Plats 1 på listan. Står på flera listor och företräder valkretsen i dag, så platsen räknas hit.","K,R",1,1,1,23625,Janine Alm Ericson,52,K,Alingsås,"52 år, Riksdagsledamot, Alingsås",https://data.val.se/filer/val2026/parti/kandidaturer.csv
riksdag,RD,00,Riket,21,Värmlands län,MP,MP,Miljöpartiet de gröna,MP,1,08301,Miljöpartiet de gröna - Värmlands län,Värmlands län,exakt_en_lista,,scb_roster_2022_trend+vallagen_fast_plus_utjamning,hemvalkrets_2026,,Värmlands län,"Plats 1 på listan. Står på flera listor och är folkbokförd i Karlstad, som ligger i valkretsen.","K,R",1,1,1,32330,Monika Bubholz,50,K,Karlstad,"50 år, civilingenjör, Karlstad",https://data.val.se/filer/val2026/parti/kandidaturer.csv
riksdag,RD,00,Riket,22,Örebro län,MP,MP,Miljöpartiet de gröna,MP,1,08311,Miljöpartiet de gröna - Örebro län,Örebro län,exakt_en_lista,,scb_roster_2022_trend+vallagen_fast_plus_utjamning,historisk_valkrets_2022,22,Örebro län,"Plats 1 på listan. Står på flera listor och företräder valkretsen i dag, så platsen räknas hit.","K,R",1,1,1,32631,Camilla Hansén,50,K,Örebro,"50 år, Riksdagsledamot, Örebro",https://data.val.se/filer/val2026/parti/kandidaturer.csv
riksdag,RD,00,Riket,24,Dalarnas län,MP,MP,Miljöpartiet de gröna,MP,1,06643,Miljöpartiet de gröna - Dalarnas län,Dalarnas län,exakt_en_lista,,scb_roster_2022_trend+vallagen_fast_plus_utjamning,hemvalkrets_2026,,Dalarnas län,"Plats 1 på listan. Står på flera listor och är folkbokförd i Borlänge, som ligger i valkretsen.","K,R",1,1,1,2545,Mursal Isa,44,M,Borlänge,"tolk/översättare, Borlänge",https://data.val.se/filer/val2026/parti/kandidaturer.csv
riksdag,RD,00,Riket,25,Gävleborgs län,MP,MP,Miljöpartiet de gröna,MP,1,10383,Miljöpartiet de gröna - Gävleborgs län,Gävleborgs län,exakt_en_lista,,scb_roster_2022_trend+vallagen_fast_plus_utjamning,hemvalkrets_2026,,Gävleborgs län,"Plats 1 på listan. Står på flera listor och är folkbokförd i Gävle, som ligger i valkretsen.","K,R",1,1,1,35308,Mårten Gulin,60,M,Gävle,"60 år, skogsägare, Gävle",https://data.val.se/filer/val2026/parti/kandidaturer.csv
riksdag,RD,00,Riket,28,Västerbottens län,MP,MP,Miljöpartiet de gröna,MP,1,08201,Miljöpartiet de gröna - Västerbottens län,Västerbottens län,exakt_en_lista,,scb_roster_2022_trend+vallagen_fast_plus_utjamning,historisk_valkrets_2022,28,Västerbottens län,"Plats 1 på listan. Står på flera listor och företräder valkretsen i dag, så platsen räknas hit.","K,R",1,1,1,30114,Nils Seye Larsen,46,M,Umeå,"46 år, Riksdagsledamot, Umeå",https://data.val.se/filer/val2026/parti/kandidaturer.csv
riksdag,RD,00,Riket,01,Stockholms kommun,C,C,Centerpartiet,C,3,06875,Centerpartiet - Stockholms kommun,Stockholms kommun,proxy_identisk_topplista,"Flera listnummer har samma valsedelsantal, men toppnamnen som behövs för mandatprognosen är identiska; lägsta listnummer används som proxy.",scb_roster_2022_trend+vallagen_fast_plus_utjamning,listordning,,Stockholms kommun,Plats 1 på partiets lista i valkretsen. Kandidaten står bara på den listan.,"K,R",3,1,1,6983,Elisabeth Thand Rinqvist,54,K,Stockholm,"54, Partiledare, Kungsholmen",https://data.val.se/filer/val2026/parti/kandidaturer.csv
riksdag,RD,00,Riket,01,Stockholms kommun,C,C,Centerpartiet,C,3,06875,Centerpartiet - Stockholms kommun,Stockholms kommun,proxy_identisk_topplista,"Flera listnummer har samma valsedelsantal, men toppnamnen som behövs för mandatprognosen är identiska; lägsta listnummer används som proxy.",scb_roster_2022_trend+vallagen_fast_plus_utjamning,historisk_valkrets_2022,01,Stockholms kommun,"Plats 2 på listan. Står på flera listor och företräder valkretsen i dag, så platsen räknas hit.","K,R",3,2,2,6984,Martin Ådahl,56,M,Stockholm,"56, Riksdagsledamot, Enskede",https://data.val.se/filer/val2026/parti/kandidaturer.csv
riksdag,RD,00,Riket,01,Stockholms kommun,C,C,Centerpartiet,C,3,06875,Centerpartiet - Stockholms kommun,Stockholms kommun,proxy_identisk_topplista,"Flera listnummer har samma valsedelsantal, men toppnamnen som behövs för mandatprognosen är identiska; lägsta listnummer används som proxy.",scb_roster_2022_trend+vallagen_fast_plus_utjamning,hemvalkrets_2026,,Stockholms kommun,"Plats 3 på listan. Står på flera listor och är folkbokförd i Stockholm, som ligger i valkretsen.","K,R",3,3,3,2172,Svante Linusson,56,M,Stockholm,"56, Professor, Södermalm",https://data.val.se/filer/val2026/parti/kandidaturer.csv
riksdag,RD,00,Riket,02,Stockholms län,C,C,Centerpartiet,C,4,06805,Centerpartiet - Stockholms län,Stockholms län,exakt_en_lista,,scb_roster_2022_trend+vallagen_fast_plus_utjamning,historisk_valkrets_2022,02,Stockholms län,"Plats 1 på listan. Står på flera listor och företräder valkretsen i dag, så platsen räknas hit.","K,R",4,1,1,6928,Kerstin Lundgren,71,K,Södertälje,"71 år, Riksdagsledamot, Södertälje",https://data.val.se/filer/val2026/parti/kandidaturer.csv
riksdag,RD,00,Riket,02,Stockholms län,C,C,Centerpartiet,C,4,06805,Centerpartiet - Stockholms län,Stockholms län,exakt_en_lista,,scb_roster_2022_trend+vallagen_fast_plus_utjamning,historisk_valkrets_2022,02,Stockholms län,"Plats 2 på listan. Står på flera listor och företräder valkretsen i dag, så platsen räknas hit.","K,R",4,2,2,2123,Anna Lasses,49,K,Nacka,"49 år, Statsvetare, Nacka",https://data.val.se/filer/val2026/parti/kandidaturer.csv
riksdag,RD,00,Riket,02,Stockholms län,C,C,Centerpartiet,C,4,06805,Centerpartiet - Stockholms län,Stockholms län,exakt_en_lista,,scb_roster_2022_trend+vallagen_fast_plus_utjamning,hemvalkrets_2026,,Stockholms län,"Plats 3 på listan. Står på flera listor och är folkbokförd i Solna, som ligger i valkretsen.","K,R",4,3,3,1915,Rasmus Elfström,29,M,Solna,"29 år, Jurist, Solna",https://data.val.se/filer/val2026/parti/kandidaturer.csv
riksdag,RD,00,Riket,02,Stockholms län,C,C,Centerpartiet,C,4,06805,Centerpartiet - Stockholms län,Stockholms län,exakt_en_lista,,scb_roster_2022_trend+vallagen_fast_plus_utjamning,hemvalkrets_2026,,Stockholms län,"Plats 4 på listan. Står på flera listor och är folkbokförd i Vallentuna, som ligger i valkretsen.","K,R",4,4,4,2115,Hanna Stenegren,43,K,Vallentuna,"43 år, Klimat- & energiexpert, Vallentuna",https://data.val.se/filer/val2026/parti/kandidaturer.csv
riksdag,RD,00,Riket,03,Uppsala län,C,C,Centerpartiet,C,1,06501,Centerpartiet - Uppsala län,Uppsala län,exakt_en_lista,,scb_roster_2022_trend+vallagen_fast_plus_utjamning,historisk_valkrets_2022,03,Uppsala län,"Plats 1 på listan. Står på flera listor och företräder valkretsen i dag, så platsen räknas hit.","K,R",1,1,1,1822,Catarina Deremar,60,K,Tierp,"60 år, Riksdagsledamot, Tierp",https://data.val.se/filer/val2026/parti/kandidaturer.csv
riksdag,RD,00,Riket,04,Södermanlands län,C,C,Centerpartiet,C,1,06504,Centerpartiet - Södermanlands län,Södermanlands län,exakt_en_lista,,scb_roster_2022_trend+vallagen_fast_plus_utjamning,historisk_valkrets_2022,04,Södermanlands län,"Plats 1 på listan. Står på flera listor och företräder valkretsen i dag, så platsen räknas hit.","K,R",1,1,1,1874,Martina Johansson,51,K,Trosa,"51, riksdagsledamot, Trosa",https://data.val.se/filer/val2026/parti/kandidaturer.csv
riksdag,RD,00,Riket,05,Östergötlands län,C,C,Centerpartiet,C,1,07093,Centerpartiet - Östergötlands län,Östergötlands län,exakt_en_lista,,scb_roster_2022_trend+vallagen_fast_plus_utjamning,historisk_valkrets_2022,05,,"Plats 1 på listan. Står på flera listor och företräder valkretsen i dag, så platsen räknas hit.","K,R",1,1,1,6986,Muharrem Demirok,49,M,,"49, Riksdagsledamot, Linköping",https://data.val.se/filer/val2026/parti/kandidaturer.csv
riksdag,RD,00,Riket,06,Jönköpings län,C,C,Centerpartiet,C,1,07548,Centerpartiet - Jönköpings län,Jönköpings län,exakt_en_lista,,scb_roster_2022_trend+vallagen_fast_plus_utjamning,hemvalkrets_2026,,Jönköpings län,"Plats 1 på listan. Står på flera listor och är folkbokförd i Jönköping, som ligger i valkretsen.","K,R",1,1,1,6988,Emma Brihall,29,K,Jönköping,"29 år, Agronom, Huskvarna",https://data.val.se/filer/val2026/parti/kandidaturer.csv
riksdag,RD,00,Riket,08,Kalmar län,C,C,Centerpartiet,C,1,06837,Centerpartiet - Kalmar län,Kalmar län,exakt_en_lista,,scb_roster_2022_trend+vallagen_fast_plus_utjamning,hemvalkrets_2026,,Kalmar län,"Plats 1 på listan. Står på flera listor och är folkbokförd i Mörbylånga, som ligger i valkretsen.","K,R",1,1,1,1964,Emmy Ahlstedt,45,K,Mörbylånga,"Regionråd, Gårdby",https://data.val.se/filer/val2026/parti/kandidaturer.csv
riksdag,RD,00,Riket,11,Malmö kommun,C,C,Centerpartiet,C,1,08288,Centerpartiet - Malmö kommun,Malmö kommun,exakt_en_lista,,scb_roster_2022_trend+vallagen_fast_plus_utjamning,historisk_valkrets_2022,11,Malmö kommun,"Plats 1 på listan. Står på flera listor och företräder valkretsen i dag, så platsen räknas hit.","K,R",1,1,1,6990,Niels Paarup-Petersen,48,M,Malmö,"48, Riksdagsledamot, Malmö",https://data.val.se/filer/val2026/parti/kandidaturer.csv
riksdag,RD,00,Riket,12,Skåne läns västra,C,C,Centerpartiet,C,1,08894,Centerpartiet - Skåne läns västra,Skåne läns västra,exakt_en_lista,,scb_roster_2022_trend+vallagen_fast_plus_utjamning,listordning,,Skåne läns södra,Plats 1 på listan.,"K,R",1,1,1,6991,Magnus Haara,53,M,Höör,"53 år, Jurist, Höör",https://data.val.se/filer/val2026/parti/kandidaturer.csv
riksdag,RD,00,Riket,13,Skåne läns södra,C,C,Centerpartiet,C,1,06883,Centerpartiet - Skåne läns södra,Skåne läns södra,exakt_en_lista,,scb_roster_2022_trend+vallagen_fast_plus_utjamning,historisk_valkrets_2022,13,Skåne läns södra,"Plats 1 på listan. Står på flera listor och företräder valkretsen i dag, så platsen räknas hit.","K,R",1,1,1,6987,Stina Larsson,49,K,Kävlinge,"49 år, Riksdagsledamot,Kävlinge",https://data.val.se/filer/val2026/parti/kandidaturer.csv
riksdag,RD,00,Riket,14,Skåne läns norra och östra,C,C,Centerpartiet,C,1,08897,Centerpartiet - Skåne läns norra och östra och östra,Skåne läns norra och östra och östra,exakt_en_lista,"Partiet har både en lista för länet och en för hela landet. Länslistan används, eftersom den är den partiet kampanjar med lokalt, men vilken väljarna faktiskt lägger går inte att veta före valet.",scb_roster_2022_trend+vallagen_fast_plus_utjamning,listordning,,Skåne läns södra,Plats 1 på listan.,"K,R",1,1,1,6989,Birte Sandberg,61,K,Tomelilla,"61 år, Regiongruppledare, Tomelilla",https://data.val.se/filer/val2026/parti/kandidaturer.csv
riksdag,RD,00,Riket,15,Hallands län,C,C,Centerpartiet,C,1,07050,Centerpartiet - Hallands län,Hallands län,exakt_en_lista,,scb_roster_2022_trend+vallagen_fast_plus_utjamning,historisk_valkrets_2022,15,Hallands län,"Plats 1 på listan. Står på flera listor och företräder valkretsen i dag, så platsen räknas hit.","K,R",1,1,1,2049,Christofer Bergenblock,51,M,Varberg,"51 år, Varberg, Riksdagsledamot/ Gymnasielärare",https://data.val.se/filer/val2026/parti/kandidaturer.csv
riksdag,RD,00,Riket,16,Göteborgs kommun,C,C,Centerpartiet,C,1,06704,Centerpartiet - Göteborgs kommun,Göteborgs kommun,exakt_en_lista,,scb_roster_2022_trend+vallagen_fast_plus_utjamning,historisk_valkrets_2022,16,Göteborgs kommun,"Plats 1 på listan. Står på flera listor och företräder valkretsen i dag, så platsen räknas hit.","K,R",1,1,1,2089,Rickard Nordin,43,M,Göteborg,"43, riksdagsledamot, vice partiledare",https://data.val.se/filer/val2026/parti/kandidaturer.csv
riksdag,RD,00,Riket,17,Västra Götalands läns västra,C,C,Centerpartiet,C,1,06806,Centerpartiet - Västra Götalands läns västra,Västra Götalands läns västra,exakt_en_lista,,scb_roster_2022_trend+vallagen_fast_plus_utjamning,historisk_valkrets_2022,17,Västra Götalands läns västra,"Plats 1 på listan. Står på flera listor och företräder valkretsen i dag, så platsen räknas hit.","K,R",1,1,1,4846,Anders Ådahl,54,M,Mölndal,"54, Mölndal, Riksdagsledamot.",https://data.val.se/filer/val2026/parti/kandidaturer.csv
riksdag,RD,00,Riket,18,Västra Götalands läns norra,C,C,Centerpartiet,C,1,06673,Centerpartiet - Västra Götalands läns norra,Västra Götalands läns norra,exakt_en_lista,,scb_roster_2022_trend+vallagen_fast_plus_utjamning,hemvalkrets_2026,,Västra Götalands läns norra,"Plats 1 på listan. Står på flera listor och är folkbokförd i Uddevalla, som ligger i valkretsen.","K,R",1,1,1,1960,Kristina Jonäng,58,K,Uddevalla,"58 år, Tidigare regionråd, Uddevalla",https://data.val.se/filer/val2026/parti/kandidaturer.csv
riksdag,RD,00,Riket,19,Västra Götalands läns södra,C,C,Centerpartiet,C,1,06603,Centerpartiet - Västra Götalands läns södra,Västra Götalands läns södra,exakt_en_lista,,scb_roster_2022_trend+vallagen_fast_plus_utjamning,historisk_valkrets_2022,19,Västra Götalands läns södra,"Plats 1 på listan. Står på flera listor och företräder valkretsen i dag, så platsen räknas hit.","K,R",1,1,1,3481,Mikael Larsson,37,M,Mark,"37, riksdagsledamot, Mark",https://data.val.se/filer/val2026/parti/kandidaturer.csv
riksdag,RD,00,Riket,20,Västra Götalands läns östra,C,C,Centerpartiet,C,1,06706,Centerpartiet - Västra Götalands läns östra,Västra Götalands läns östra,exakt_en_lista,,scb_roster_2022_trend+vallagen_fast_plus_utjamning,historisk_valkrets_2022,20,Västra Götalands läns östra,"Plats 1 på listan. Står på flera listor och företräder valkretsen i dag, så platsen räknas hit.","K,R",1,1,1,4856,Ulrika Heie,61,K,Skövde,"Skövde, Riksdagsledamot, 61 år",https://data.val.se/filer/val2026/parti/kandidaturer.csv
riksdag,RD,00,Riket,21,Värmlands län,C,C,Centerpartiet,C,1,07109,Centerpartiet - Värmlands län,Värmlands län,exakt_en_lista,,scb_roster_2022_trend+vallagen_fast_plus_utjamning,historisk_valkrets_2022,21,Värmlands län,"Plats 1 på listan. Står på flera listor och företräder valkretsen i dag, så platsen räknas hit.","K,R",1,1,1,6994,Daniel Bäckström,50,M,Säffle,"50 år, Riksdagsledamot, Säffle",https://data.val.se/filer/val2026/parti/kandidaturer.csv
riksdag,RD,00,Riket,22,Örebro län,C,C,Centerpartiet,C,1,06708,Centerpartiet - Örebro län,Örebro län,exakt_en_lista,,scb_roster_2022_trend+vallagen_fast_plus_utjamning,historisk_valkrets_2022,22,Örebro län,"Plats 1 på listan. Står på flera listor och företräder valkretsen i dag, så platsen räknas hit.","K,R",1,1,1,4913,Helena Vilhelmsson,61,K,Nora,"61år, riksdagsledamot, Nora",https://data.val.se/filer/val2026/parti/kandidaturer.csv
riksdag,RD,00,Riket,24,Dalarnas län,C,C,Centerpartiet,C,1,07819,Centerpartiet - Dalarnas län,Dalarnas län,exakt_en_lista,,scb_roster_2022_trend+vallagen_fast_plus_utjamning,historisk_valkrets_2022,24,Dalarnas län,"Plats 1 på listan. Står på flera listor och företräder valkretsen i dag, så platsen räknas hit.","K,R",1,1,1,6992,Ulrika Liljeberg,57,K,Leksand,"57 år, Leksand",https://data.val.se/filer/val2026/parti/kandidaturer.csv
riksdag,RD,00,Riket,25,Gävleborgs län,C,C,Centerpartiet,C,1,09567,Centerpartiet - Gävleborgs län,Gävleborgs län,exakt_en_lista,,scb_roster_2022_trend+vallagen_fast_plus_utjamning,hemvalkrets_2026,,Gävleborgs län,"Plats 1 på listan. Står på flera listor och är folkbokförd i Hudiksvall, som ligger i valkretsen.","K,R",1,1,1,6993,Caroline Schmidt,65,K,Hudiksvall,"65, projektledare, Bjuråker, Hudiksvall",https://data.val.se/filer/val2026/parti/kandidaturer.csv
riksdag,RD,00,Riket,26,Västernorrlands län,C,C,Centerpartiet,C,1,06521,Centerpartiet - Västernorrlands län,Västernorrlands län,exakt_en_lista,,scb_roster_2022_trend+vallagen_fast_plus_utjamning,historisk_valkrets_2022,26,Västernorrlands län,"Plats 1 på listan. Står på flera listor och företräder valkretsen i dag, så platsen räknas hit.","K,R",1,1,1,2411,Anne-Li Sjölund,60,K,Sundsvall,"60 år, Sundsvall",https://data.val.se/filer/val2026/parti/kandidaturer.csv
riksdag,RD,00,Riket,28,Västerbottens län,C,C,Centerpartiet,C,1,08533,Centerpartiet - Västerbottens län,Västerbottens län,exakt_en_lista,,scb_roster_2022_trend+vallagen_fast_plus_utjamning,hemvalkrets_2026,,Västerbottens län,"Plats 1 på listan. Står på flera listor och är folkbokförd i Nordmaling, som ligger i valkretsen.","K,R",1,1,1,6985,Madelaine Jakobsson,48,K,Nordmaling,"48 år, kommunalråd, Nordmaling",https://data.val.se/filer/val2026/parti/kandidaturer.csv
riksdag,RD,00,Riket,04,Södermanlands län,M,M,Moderaterna,M,2,08979,Moderaterna - Södermanlands län,Södermanlands län,exakt_en_lista,,scb_roster_2022_trend+vallagen_fast_plus_utjamning,historisk_valkrets_2022,04,,"Plats 1 på listan. Står på flera listor och företräder valkretsen i dag, så platsen räknas hit.","K,R",2,1,1,5231,Ulf Kristersson,62,M,,"statsminister, partiledare, Strängnäs",https://data.val.se/filer/val2026/parti/kandidaturer.csv
riksdag,RD,00,Riket,01,Stockholms kommun,M,M,Moderaterna,M,6,06641,Moderaterna - Stockholms kommun,Stockholms kommun,exakt_en_lista,,scb_roster_2022_trend+vallagen_fast_plus_utjamning,listordning,,,Plats 2 på listan.,"K,R",6,2,2,4244,Gunnar Strömmer,53,M,,"53, Justitieminister",https://data.val.se/filer/val2026/parti/kandidaturer.csv
riksdag,RD,00,Riket,01,Stockholms kommun,M,M,Moderaterna,M,6,06641,Moderaterna - Stockholms kommun,Stockholms kommun,exakt_en_lista,,scb_roster_2022_trend+vallagen_fast_plus_utjamning,listordning,01,Stockholms kommun,Plats 3 på partiets lista i valkretsen. Kandidaten står bara på den listan.,"K,R",6,3,3,4245,Jessica Rosencrantz,38,K,Stockholm,"38, EU-minister",https://data.val.se/filer/val2026/parti/kandidaturer.csv
riksdag,RD,00,Riket,01,Stockholms kommun,M,M,Moderaterna,M,6,06641,Moderaterna - Stockholms kommun,Stockholms kommun,exakt_en_lista,,scb_roster_2022_trend+vallagen_fast_plus_utjamning,listordning,01,Stockholms kommun,Plats 4 på partiets lista i valkretsen. Kandidaten står bara på den listan.,"K,R",6,4,4,4246,Johan Forssell,46,M,Stockholm,"46, Migrationsminister",https://data.val.se/filer/val2026/parti/kandidaturer.csv
riksdag,RD,00,Riket,01,Stockholms kommun,M,M,Moderaterna,M,6,06641,Moderaterna - Stockholms kommun,Stockholms kommun,exakt_en_lista,,scb_roster_2022_trend+vallagen_fast_plus_utjamning,listordning,,Stockholms kommun,Plats 5 på partiets lista i valkretsen. Kandidaten står bara på den listan.,"K,R",6,5,5,4247,Benjamin Dousa,33,M,Stockholm,"33, Bistånds- och utrikeshandelsminister",https://data.val.se/filer/val2026/parti/kandidaturer.csv
riksdag,RD,00,Riket,01,Stockholms kommun,M,M,Moderaterna,M,6,06641,Moderaterna - Stockholms kommun,Stockholms kommun,exakt_en_lista,,scb_roster_2022_trend+vallagen_fast_plus_utjamning,listordning,01,Stockholms kommun,Plats 6 på partiets lista i valkretsen. Kandidaten står bara på den listan.,"K,R",6,6,6,4248,Kristina Axén Olin,63,K,Stockholm,"63, Riksdagsledamot",https://data.val.se/filer/val2026/parti/kandidaturer.csv
riksdag,RD,00,Riket,02,Stockholms län,M,M,Moderaterna,M,10,06717,Moderaterna - Stockholms län,Stockholms län,exakt_en_lista,,scb_roster_2022_trend+vallagen_fast_plus_utjamning,hemvalkrets_2026,,Stockholms län,"Plats 2 på listan. Står på flera listor och är folkbokförd i Vallentuna, som ligger i valkretsen.","K,R",10,2,2,5232,Parisa Liljestrand,43,K,Vallentuna,"43, Kulturminister, Vallentuna",https://data.val.se/filer/val2026/parti/kandidaturer.csv
riksdag,RD,00,Riket,02,Stockholms län,M,M,Moderaterna,M,10,06717,Moderaterna - Stockholms län,Stockholms län,exakt_en_lista,,scb_roster_2022_trend+vallagen_fast_plus_utjamning,listordning,02,Stockholms län,Plats 3 på partiets lista i valkretsen. Kandidaten står bara på den listan.,"K,R",10,3,3,5233,Niklas Wykman,45,M,Solna,"45, Finansmarknadsminister, Solna",https://data.val.se/filer/val2026/parti/kandidaturer.csv
riksdag,RD,00,Riket,02,Stockholms län,M,M,Moderaterna,M,10,06717,Moderaterna - Stockholms län,Stockholms län,exakt_en_lista,,scb_roster_2022_trend+vallagen_fast_plus_utjamning,listordning,02,Stockholms län,Plats 4 på partiets lista i valkretsen. Kandidaten står bara på den listan.,"K,R",10,4,4,5234,Karin Enström,60,K,Vaxholm,"60, Riksdagsledamot, kapten, Vaxholm",https://data.val.se/filer/val2026/parti/kandidaturer.csv
riksdag,RD,00,Riket,02,Stockholms län,M,M,Moderaterna,M,10,06717,Moderaterna - Stockholms län,Stockholms län,exakt_en_lista,,scb_roster_2022_trend+vallagen_fast_plus_utjamning,listordning,02,Stockholms län,Plats 5 på partiets lista i valkretsen. Kandidaten står bara på den listan.,"K,R",10,5,5,5235,Erik Ottoson,36,M,Huddinge,"36, Riksdagsledamot, Huddinge",https://data.val.se/filer/val2026/parti/kandidaturer.csv
riksdag,RD,00,Riket,02,Stockholms län,M,M,Moderaterna,M,10,06717,Moderaterna - Stockholms län,Stockholms län,exakt_en_lista,,scb_roster_2022_trend+vallagen_fast_plus_utjamning,listordning,02,Stockholms län,Plats 6 på partiets lista i valkretsen. Kandidaten står bara på den listan.,"K,R",10,6,6,5236,Josefin Malmqvist,39,K,Sundbyberg,"39, Riksdagsledamot, Sundbyberg",https://data.val.se/filer/val2026/parti/kandidaturer.csv
riksdag,RD,00,Riket,02,Stockholms län,M,M,Moderaterna,M,10,06717,Moderaterna - Stockholms län,Stockholms län,exakt_en_lista,,scb_roster_2022_trend+vallagen_fast_plus_utjamning,listordning,01,,Plats 7 på partiets lista i valkretsen. Kandidaten står bara på den listan.,"K,R",10,7,7,5237,Fredrik Kärrholm,41,M,,"41, Kriminolog, Österåker",https://data.val.se/filer/val2026/parti/kandidaturer.csv
riksdag,RD,00,Riket,02,Stockholms län,M,M,Moderaterna,M,10,06717,Moderaterna - Stockholms län,Stockholms län,exakt_en_lista,,scb_roster_2022_trend+vallagen_fast_plus_utjamning,listordning,02,Stockholms län,Plats 8 på partiets lista i valkretsen. Kandidaten står bara på den listan.,"K,R",10,8,8,5238,Ida Drougge,36,K,Lidingö,"36, Riksdagsledamot, Lidingö",https://data.val.se/filer/val2026/parti/kandidaturer.csv
riksdag,RD,00,Riket,02,Stockholms län,M,M,Moderaterna,M,10,06717,Moderaterna - Stockholms län,Stockholms län,exakt_en_lista,,scb_roster_2022_trend+vallagen_fast_plus_utjamning,listordning,02,Stockholms län,Plats 9 på partiets lista i valkretsen. Kandidaten står bara på den listan.,"K,R",10,9,9,5240,Alexandra Anstrell,51,K,Haninge,"51, Riksdagsledamot, Haninge",https://data.val.se/filer/val2026/parti/kandidaturer.csv
riksdag,RD,00,Riket,02,Stockholms län,M,M,Moderaterna,M,10,06717,Moderaterna - Stockholms län,Stockholms län,exakt_en_lista,,scb_roster_2022_trend+vallagen_fast_plus_utjamning,listordning,,Stockholms län,Plats 10 på partiets lista i valkretsen. Kandidaten står bara på den listan.,"K,R",10,10,10,5241,Joanna Lewerentz,33,K,Sollentuna,"33, Lärare, Sollentuna",https://data.val.se/filer/val2026/parti/kandidaturer.csv
riksdag,RD,00,Riket,03,Uppsala län,M,M,Moderaterna,M,2,06552,Moderaterna - Uppsala län,Uppsala län,exakt_en_lista,,scb_roster_2022_trend+vallagen_fast_plus_utjamning,historisk_valkrets_2022,03,Uppsala län,"Plats 1 på listan. Står på flera listor och företräder valkretsen i dag, så platsen räknas hit.","K,R",2,1,1,2832,Stefan Olsson,58,M,Uppsala,"58 år, riksdagsledamot, Uppsala",https://data.val.se/filer/val2026/parti/kandidaturer.csv
riksdag,RD,00,Riket,03,Uppsala län,M,M,Moderaterna,M,2,06552,Moderaterna - Uppsala län,Uppsala län,exakt_en_lista,,scb_roster_2022_trend+vallagen_fast_plus_utjamning,listordning,03,Uppsala län,Plats 2 på partiets lista i valkretsen. Kandidaten står bara på den listan.,"K,R",2,2,2,2833,Fredrik Ahlstedt,58,M,Uppsala,"58 år, riksdagsledamot, Uppsala",https://data.val.se/filer/val2026/parti/kandidaturer.csv
riksdag,RD,00,Riket,04,Södermanlands län,M,M,Moderaterna,M,2,08979,Moderaterna - Södermanlands län,Södermanlands län,exakt_en_lista,,scb_roster_2022_trend+vallagen_fast_plus_utjamning,hemvalkrets_2026,,Södermanlands län,"Plats 2 på listan. Står på flera listor och är folkbokförd i Nyköping, som ligger i valkretsen.","K,R",2,2,2,40346,Anna af Sillén,50,K,Nyköping,"riksdagsledamot, Nyköping",https://data.val.se/filer/val2026/parti/kandidaturer.csv
riksdag,RD,00,Riket,05,Östergötlands län,M,M,Moderaterna,M,3,06467,Moderaterna - Östergötlands län,Östergötlands län,exakt_en_lista,,scb_roster_2022_trend+vallagen_fast_plus_utjamning,historisk_valkrets_2022,05,Östergötlands län,"Plats 1 på listan. Står på flera listor och företräder valkretsen i dag, så platsen räknas hit.","K,R",3,1,1,1198,Andreas Norlén,53,M,Norrköping,"53 år, Riksdagens talman, Norrköping",https://data.val.se/filer/val2026/parti/kandidaturer.csv
riksdag,RD,00,Riket,05,Östergötlands län,M,M,Moderaterna,M,3,06467,Moderaterna - Östergötlands län,Östergötlands län,exakt_en_lista,,scb_roster_2022_trend+vallagen_fast_plus_utjamning,listordning,,Östergötlands län,Plats 2 på partiets lista i valkretsen. Kandidaten står bara på den listan.,"K,R",3,2,2,1199,Matilda Ekeblad,30,K,Boxholm,"30 år, Projektledare, Boxholm",https://data.val.se/filer/val2026/parti/kandidaturer.csv
riksdag,RD,00,Riket,05,Östergötlands län,M,M,Moderaterna,M,3,06467,Moderaterna - Östergötlands län,Östergötlands län,exakt_en_lista,,scb_roster_2022_trend+vallagen_fast_plus_utjamning,listordning,05,Östergötlands län,Plats 3 på partiets lista i valkretsen. Kandidaten står bara på den listan.,"K,R",3,3,3,1200,John E. Weinerhall,31,M,Linköping,"31 år, Riksdagsledamot, Linköping",https://data.val.se/filer/val2026/parti/kandidaturer.csv
riksdag,RD,00,Riket,06,Jönköpings län,M,M,Moderaterna,M,2,06584,Moderaterna - Jönköpings län,Jönköpings län,exakt_en_lista,,scb_roster_2022_trend+vallagen_fast_plus_utjamning,historisk_valkrets_2022,06,Jönköpings län,"Plats 1 på listan. Står på flera listor och företräder valkretsen i dag, så platsen räknas hit.","K,R",2,1,1,2589,Mats Green,47,M,Jönköping,"47 år, Riksdagsledamot, Huskvarna",https://data.val.se/filer/val2026/parti/kandidaturer.csv
riksdag,RD,00,Riket,06,Jönköpings län,M,M,Moderaterna,M,2,06584,Moderaterna - Jönköpings län,Jönköpings län,exakt_en_lista,,scb_roster_2022_trend+vallagen_fast_plus_utjamning,listordning,,Jönköpings län,Plats 2 på partiets lista i valkretsen. Kandidaten står bara på den listan.,"K,R",2,2,2,3119,Susanne Wahlström,53,K,Habo,"53 år, Kommunikatör, Habo",https://data.val.se/filer/val2026/parti/kandidaturer.csv
riksdag,RD,00,Riket,07,Kronobergs län,M,M,Moderaterna,M,1,06533,Moderaterna - Kronobergs län,Kronobergs län,exakt_en_lista,,scb_roster_2022_trend+vallagen_fast_plus_utjamning,historisk_valkrets_2022,07,Kronobergs län,"Plats 1 på listan. Står på flera listor och företräder valkretsen i dag, så platsen räknas hit.","K,R",1,1,1,2516,Oliver Rosengren,34,M,Växjö,"34, Riksdagsledamot, Växjö",https://data.val.se/filer/val2026/parti/kandidaturer.csv
riksdag,RD,00,Riket,08,Kalmar län,M,M,Moderaterna,M,1,06614,Moderaterna - Kalmar län,Kalmar län,exakt_en_lista,,scb_roster_2022_trend+vallagen_fast_plus_utjamning,hemvalkrets_2026,,Kalmar län,"Plats 1 på listan. Står på flera listor och är folkbokförd i Kalmar, som ligger i valkretsen.","K,R",1,1,1,3623,Olle Olson,31,M,Kalmar,"Kalmar, lärare, 31 år",https://data.val.se/filer/val2026/parti/kandidaturer.csv
riksdag,RD,00,Riket,09,Gotlands län,M,M,Moderaterna,M,1,09343,Moderaterna - Gotlands län,Gotlands län,exakt_en_lista,,scb_roster_2022_trend+vallagen_fast_plus_utjamning,historisk_valkrets_2022,09,Gotlands län,"Plats 1 på listan. Står på flera listor och företräder valkretsen i dag, så platsen räknas hit.","K,R",1,1,1,34458,Jesper Skalberg Karlsson,33,M,Gotland,"33, Riksdagsledamot, Visby",https://data.val.se/filer/val2026/parti/kandidaturer.csv
riksdag,RD,00,Riket,10,Blekinge län,M,M,Moderaterna,M,1,06479,Moderaterna - Blekinge län,Blekinge län,exakt_en_lista,,scb_roster_2022_trend+vallagen_fast_plus_utjamning,hemvalkrets_2026,,Blekinge län,"Plats 1 på listan. Står på flera listor och är folkbokförd i Karlshamn, som ligger i valkretsen.","K,R",1,1,1,1410,Åsa Coenraads,48,K,Karlshamn,"48, Näringspolitisk expert, Karlshamn",https://data.val.se/filer/val2026/parti/kandidaturer.csv
riksdag,RD,00,Riket,11,Malmö kommun,M,M,Moderaterna,M,2,09717,Moderaterna - Malmö kommun,Malmö kommun,exakt_en_lista,,scb_roster_2022_trend+vallagen_fast_plus_utjamning,historisk_valkrets_2022,11,Malmö kommun,"Plats 1 på listan. Står på flera listor och företräder valkretsen i dag, så platsen räknas hit.","K,R",2,1,1,42277,Noria Manouchi,35,K,Malmö,"35 år, riksdagsledamot",https://data.val.se/filer/val2026/parti/kandidaturer.csv
riksdag,RD,00,Riket,11,Malmö kommun,M,M,Moderaterna,M,2,09717,Moderaterna - Malmö kommun,Malmö kommun,exakt_en_lista,,scb_roster_2022_trend+vallagen_fast_plus_utjamning,listordning,11,Malmö kommun,Plats 2 på partiets lista i valkretsen. Kandidaten står bara på den listan.,"K,R",2,2,2,42282,Peter Ollén,67,M,Malmö,"67 år, riksdagsledamot",https://data.val.se/filer/val2026/parti/kandidaturer.csv
riksdag,RD,00,Riket,12,Skåne läns västra,M,M,Moderaterna,M,2,09726,Moderaterna - Skåne läns västra,Skåne läns västra,exakt_en_lista,,scb_roster_2022_trend+vallagen_fast_plus_utjamning,hemvalkrets_2026,,Skåne läns västra,"Plats 1 på listan. Står på flera listor och är folkbokförd i Helsingborg, som ligger i valkretsen.","K,R",2,1,1,42177,Alexander Svensson,30,M,Helsingborg,"30 år, kommunalråd, Helsingborg",https://data.val.se/filer/val2026/parti/kandidaturer.csv
riksdag,RD,00,Riket,12,Skåne läns västra,M,M,Moderaterna,M,2,09726,Moderaterna - Skåne läns västra,Skåne läns västra,exakt_en_lista,,scb_roster_2022_trend+vallagen_fast_plus_utjamning,listordning,,Skåne läns västra,Plats 2 på partiets lista i valkretsen. Kandidaten står bara på den listan.,"K,R",2,2,2,13618,Mats Sander,63,M,Helsingborg,"63 år, flygvapenofficer, Helsingborg",https://data.val.se/filer/val2026/parti/kandidaturer.csv
riksdag,RD,00,Riket,13,Skåne läns södra,M,M,Moderaterna,M,3,09734,Moderaterna - Skåne läns södra,Skåne läns södra,exakt_en_lista,,scb_roster_2022_trend+vallagen_fast_plus_utjamning,historisk_valkrets_2022,13,Skåne läns södra,"Plats 1 på listan. Står på flera listor och företräder valkretsen i dag, så platsen räknas hit.","K,R",3,1,1,42397,Boriana Åberg,57,K,Kävlinge,"57 år, riksdagsledamot, socionom, Kävlinge",https://data.val.se/filer/val2026/parti/kandidaturer.csv
riksdag,RD,00,Riket,13,Skåne läns södra,M,M,Moderaterna,M,3,09734,Moderaterna - Skåne läns södra,Skåne läns södra,exakt_en_lista,,scb_roster_2022_trend+vallagen_fast_plus_utjamning,listordning,13,Skåne läns södra,Plats 2 på partiets lista i valkretsen. Kandidaten står bara på den listan.,"K,R",3,2,2,42498,Louise Meijer,36,K,Lund,"36 år, riksdagsledamot, jurist, Lund",https://data.val.se/filer/val2026/parti/kandidaturer.csv
riksdag,RD,00,Riket,13,Skåne läns södra,M,M,Moderaterna,M,3,09734,Moderaterna - Skåne läns södra,Skåne läns södra,exakt_en_lista,,scb_roster_2022_trend+vallagen_fast_plus_utjamning,listordning,,Skåne läns södra,Plats 3 på partiets lista i valkretsen. Kandidaten står bara på den listan.,"K,R",3,3,3,42487,Amanda Thonander,29,K,Lund,"29 år, kriminolog, Lund",https://data.val.se/filer/val2026/parti/kandidaturer.csv
riksdag,RD,00,Riket,14,Skåne läns norra och östra,M,M,Moderaterna,M,2,09737,Moderaterna - Skåne läns norra och östra och östra,Skåne läns norra och östra och östra,exakt_en_lista,"Partiet har både en lista för länet och en för hela landet. Länslistan används, eftersom den är den partiet kampanjar med lokalt, men vilken väljarna faktiskt lägger går inte att veta före valet.",scb_roster_2022_trend+vallagen_fast_plus_utjamning,historisk_valkrets_2022,14,,"Plats 1 på listan. Står på flera listor och företräder valkretsen i dag, så platsen räknas hit.","K,R",2,1,1,52155,Maria Malmer Stenergard,45,K,,"45 år, utrikesmin., jurist, Åhus",https://data.val.se/filer/val2026/parti/kandidaturer.csv
riksdag,RD,00,Riket,14,Skåne läns norra och östra,M,M,Moderaterna,M,2,09737,Moderaterna - Skåne läns norra och östra och östra,Skåne läns norra och östra och östra,exakt_en_lista,"Partiet har både en lista för länet och en för hela landet. Länslistan används, eftersom den är den partiet kampanjar med lokalt, men vilken väljarna faktiskt lägger går inte att veta före valet.",scb_roster_2022_trend+vallagen_fast_plus_utjamning,listordning,,Skåne läns norra och östra,Plats 2 på partiets lista i valkretsen. Kandidaten står bara på den listan.,"K,R",2,2,2,41705,Daniel Lyckestam,34,M,Östra Göinge,"34 år, samhällsvetare, Östra Göinge",https://data.val.se/filer/val2026/parti/kandidaturer.csv
riksdag,RD,00,Riket,15,Hallands län,M,M,Moderaterna,M,2,07668,Moderaterna - Hallands län,Hallands län,exakt_en_lista,,scb_roster_2022_trend+vallagen_fast_plus_utjamning,historisk_valkrets_2022,15,Hallands län,"Plats 1 på listan. Står på flera listor och företräder valkretsen i dag, så platsen räknas hit.","K,R",2,1,1,32727,Helena Storckenfeldt,31,K,Kungsbacka,"31 år, riksdagsledamot, Kullavik",https://data.val.se/filer/val2026/parti/kandidaturer.csv
riksdag,RD,00,Riket,15,Hallands län,M,M,Moderaterna,M,2,07668,Moderaterna - Hallands län,Hallands län,exakt_en_lista,,scb_roster_2022_trend+vallagen_fast_plus_utjamning,listordning,,Hallands län,Plats 2 på partiets lista i valkretsen. Kandidaten står bara på den listan.,"K,R",2,2,2,24905,Hanna Netterberg,43,K,Varberg,"43 år, ingenjör, Veddige",https://data.val.se/filer/val2026/parti/kandidaturer.csv
riksdag,RD,00,Riket,16,Göteborgs kommun,M,M,Moderaterna,M,3,08251,Moderaterna - Göteborgs kommun,Göteborgs kommun,exakt_en_lista,,scb_roster_2022_trend+vallagen_fast_plus_utjamning,listordning,16,Göteborgs kommun,Plats 1 på partiets lista i valkretsen. Kandidaten står bara på den listan.,"K,R",3,1,1,31665,Marie-Louise Hänel Sandström,57,K,Göteborg,"57 år, läkare",https://data.val.se/filer/val2026/parti/kandidaturer.csv
riksdag,RD,00,Riket,16,Göteborgs kommun,M,M,Moderaterna,M,3,08251,Moderaterna - Göteborgs kommun,Göteborgs kommun,exakt_en_lista,,scb_roster_2022_trend+vallagen_fast_plus_utjamning,listordning,16,Göteborgs kommun,Plats 2 på partiets lista i valkretsen. Kandidaten står bara på den listan.,"K,R",3,2,2,31666,Gustaf Göthberg,32,M,Göteborg,"32 år, riksdagsledamot",https://data.val.se/filer/val2026/parti/kandidaturer.csv
riksdag,RD,00,Riket,16,Göteborgs kommun,M,M,Moderaterna,M,3,08251,Moderaterna - Göteborgs kommun,Göteborgs kommun,exakt_en_lista,,scb_roster_2022_trend+vallagen_fast_plus_utjamning,listordning,16,Göteborgs kommun,Plats 3 på partiets lista i valkretsen. Kandidaten står bara på den listan.,"K,R",3,3,3,31667,David Josefsson,42,M,Göteborg,"42 år, riksdagsledamot",https://data.val.se/filer/val2026/parti/kandidaturer.csv
riksdag,RD,00,Riket,17,Västra Götalands läns västra,M,M,Moderaterna,M,3,07556,Moderaterna - Västra Götalands läns västra,Västra Götalands läns västra,exakt_en_lista,,scb_roster_2022_trend+vallagen_fast_plus_utjamning,historisk_valkrets_2022,17,Västra Götalands läns västra,"Plats 1 på listan. Står på flera listor och företräder valkretsen i dag, så platsen räknas hit.","K,R",3,1,1,1068,Camilla Waltersson Grönvall,57,K,Lilla Edet,"57 år, socialtjänstminister, Lilla Edet",https://data.val.se/filer/val2026/parti/kandidaturer.csv
riksdag,RD,00,Riket,17,Västra Götalands läns västra,M,M,Moderaterna,M,3,07556,Moderaterna - Västra Götalands läns västra,Västra Götalands läns västra,exakt_en_lista,,scb_roster_2022_trend+vallagen_fast_plus_utjamning,listordning,17,Västra Götalands läns västra,Plats 2 på partiets lista i valkretsen. Kandidaten står bara på den listan.,"K,R",3,2,2,1069,Johanna Rantsi,36,K,Mölndal,"36 år, riksdagsledamot, Mölndal",https://data.val.se/filer/val2026/parti/kandidaturer.csv
riksdag,RD,00,Riket,17,Västra Götalands läns västra,M,M,Moderaterna,M,3,07556,Moderaterna - Västra Götalands läns västra,Västra Götalands läns västra,exakt_en_lista,,scb_roster_2022_trend+vallagen_fast_plus_utjamning,listordning,,Västra Götalands läns västra,Plats 3 på partiets lista i valkretsen. Kandidaten står bara på den listan.,"K,R",3,3,3,1070,Anna Vedin,60,K,Kungälv,"60 år, resurspedagog, Kungälv",https://data.val.se/filer/val2026/parti/kandidaturer.csv
riksdag,RD,00,Riket,18,Västra Götalands läns norra,M,M,Moderaterna,M,2,07558,Moderaterna - Västra Götalands läns norra,Västra Götalands läns norra,exakt_en_lista,,scb_roster_2022_trend+vallagen_fast_plus_utjamning,historisk_valkrets_2022,18,Västra Götalands läns norra,"Plats 1 på listan. Står på flera listor och företräder valkretsen i dag, så platsen räknas hit.","K,R",2,1,1,19688,Ann-Sofie Alm,54,K,Munkedal,"54 år, riksdagsledamot, Munkedal",https://data.val.se/filer/val2026/parti/kandidaturer.csv
riksdag,RD,00,Riket,18,Västra Götalands läns norra,M,M,Moderaterna,M,2,07558,Moderaterna - Västra Götalands läns norra,Västra Götalands läns norra,exakt_en_lista,,scb_roster_2022_trend+vallagen_fast_plus_utjamning,listordning,,Västra Götalands läns norra,Plats 2 på partiets lista i valkretsen. Kandidaten står bara på den listan.,"K,R",2,2,2,19254,Jennie Bergius Eriksson,44,K,Trollhättan,"44 år, civilekonom, Trollhättan",https://data.val.se/filer/val2026/parti/kandidaturer.csv
riksdag,RD,00,Riket,19,Västra Götalands läns södra,M,M,Moderaterna,M,1,08250,Moderaterna - Västra Götalands läns södra,Västra Götalands läns södra,exakt_en_lista,,scb_roster_2022_trend+vallagen_fast_plus_utjamning,historisk_valkrets_2022,19,Västra Götalands läns södra,"Plats 1 på listan. Står på flera listor och företräder valkretsen i dag, så platsen räknas hit.","K,R",1,1,1,31646,Ulrik Nilsson,63,M,Borås,"63 år, riksdagsledamot, Borås",https://data.val.se/filer/val2026/parti/kandidaturer.csv
riksdag,RD,00,Riket,20,Västra Götalands läns östra,M,M,Moderaterna,M,2,08249,Moderaterna - Västra Götalands läns östra,Västra Götalands läns östra,exakt_en_lista,,scb_roster_2022_trend+vallagen_fast_plus_utjamning,historisk_valkrets_2022,20,Västra Götalands läns östra,"Plats 1 på listan. Står på flera listor och företräder valkretsen i dag, så platsen räknas hit.","K,R",2,1,1,31634,Charlotte Nordström,62,K,Skara,"62 år, riksdagsledamot, Skara",https://data.val.se/filer/val2026/parti/kandidaturer.csv
riksdag,RD,00,Riket,20,Västra Götalands läns östra,M,M,Moderaterna,M,2,08249,Moderaterna - Västra Götalands läns östra,Västra Götalands läns östra,exakt_en_lista,,scb_roster_2022_trend+vallagen_fast_plus_utjamning,listordning,,Västra Götalands läns östra,Plats 2 på partiets lista i valkretsen. Kandidaten står bara på den listan.,"K,R",2,2,2,18939,Simon Wallin,23,M,Skövde,"23 år, teknolog, Skövde",https://data.val.se/filer/val2026/parti/kandidaturer.csv
riksdag,RD,00,Riket,21,Värmlands län,M,M,Moderaterna,M,2,06836,Moderaterna - Värmlands län,Värmlands län,exakt_en_lista,,scb_roster_2022_trend+vallagen_fast_plus_utjamning,historisk_valkrets_2022,21,Värmlands län,"Plats 1 på listan. Står på flera listor och företräder valkretsen i dag, så platsen räknas hit.","K,R",2,1,1,7273,Pål Jonson,54,M,Arvika,"Försvarsminister, 54 år, Arvika",https://data.val.se/filer/val2026/parti/kandidaturer.csv
riksdag,RD,00,Riket,21,Värmlands län,M,M,Moderaterna,M,2,06836,Moderaterna - Värmlands län,Värmlands län,exakt_en_lista,,scb_roster_2022_trend+vallagen_fast_plus_utjamning,listordning,,Värmlands län,Plats 2 på partiets lista i valkretsen. Kandidaten står bara på den listan.,"K,R",2,2,2,7274,Magnus Resare,39,M,Karlstad,"Riksdagsledamot/Advokat, 39 år, Karlstad",https://data.val.se/filer/val2026/parti/kandidaturer.csv
riksdag,RD,00,Riket,22,Örebro län,M,M,Moderaterna,M,2,06745,Moderaterna - Örebro län,Örebro län,exakt_en_lista,,scb_roster_2022_trend+vallagen_fast_plus_utjamning,historisk_valkrets_2022,22,,"Plats 1 på listan. Står på flera listor och företräder valkretsen i dag, så platsen räknas hit.","K,R",2,1,1,5922,Elisabeth Svantesson,58,K,,"finansminister, Örebro",https://data.val.se/filer/val2026/parti/kandidaturer.csv
riksdag,RD,00,Riket,22,Örebro län,M,M,Moderaterna,M,2,06745,Moderaterna - Örebro län,Örebro län,exakt_en_lista,,scb_roster_2022_trend+vallagen_fast_plus_utjamning,historisk_valkrets_2022,22,Örebro län,"Plats 2 på listan. Står på flera listor och företräder valkretsen i dag, så platsen räknas hit.","K,R",2,2,2,5923,Oskar Svärd,30,M,Örebro,"riksdagsledamot, Örebro",https://data.val.se/filer/val2026/parti/kandidaturer.csv
riksdag,RD,00,Riket,23,Västmanlands län,M,M,Moderaterna,M,2,06953,Moderaterna - Västmanlands län,Västmanlands län,exakt_en_lista,,scb_roster_2022_trend+vallagen_fast_plus_utjamning,historisk_valkrets_2022,23,Västmanlands län,"Plats 1 på listan. Står på flera listor och företräder valkretsen i dag, så platsen räknas hit.","K,R",2,1,1,9860,Caroline Högström,34,K,Västerås,"Riksdagsledamot, Västerås",https://data.val.se/filer/val2026/parti/kandidaturer.csv
riksdag,RD,00,Riket,23,Västmanlands län,M,M,Moderaterna,M,2,06953,Moderaterna - Västmanlands län,Västmanlands län,exakt_en_lista,,scb_roster_2022_trend+vallagen_fast_plus_utjamning,listordning,23,Västmanlands län,Plats 2 på partiets lista i valkretsen. Kandidaten står bara på den listan.,"K,R",2,2,2,9861,Mikael Damsgaard,49,M,Västerås,"Riksdagsledamot, Västerås",https://data.val.se/filer/val2026/parti/kandidaturer.csv
riksdag,RD,00,Riket,24,Dalarnas län,M,M,Moderaterna,M,2,06463,Moderaterna - Dalarnas län,Dalarnas län,exakt_en_lista,,scb_roster_2022_trend+vallagen_fast_plus_utjamning,historisk_valkrets_2022,24,,"Plats 1 på listan. Står på flera listor och företräder valkretsen i dag, så platsen räknas hit.","K,R",2,1,1,1135,Carl-Oskar Bohlin,40,M,,"40, Statsråd, Borlänge",https://data.val.se/filer/val2026/parti/kandidaturer.csv
riksdag,RD,00,Riket,24,Dalarnas län,M,M,Moderaterna,M,2,06463,Moderaterna - Dalarnas län,Dalarnas län,exakt_en_lista,,scb_roster_2022_trend+vallagen_fast_plus_utjamning,listordning,,Dalarnas län,Plats 2 på partiets lista i valkretsen. Kandidaten står bara på den listan.,"K,R",2,2,2,1136,Crister Carlsson,62,M,Falun,"62, Ambulanssjuksköterska, Falun",https://data.val.se/filer/val2026/parti/kandidaturer.csv
riksdag,RD,00,Riket,25,Gävleborgs län,M,M,Moderaterna,M,1,07253,Moderaterna - Gävleborgs län,Gävleborgs län,exakt_en_lista,,scb_roster_2022_trend+vallagen_fast_plus_utjamning,historisk_valkrets_2022,25,Gävleborgs län,"Plats 1 på listan. Står på flera listor och företräder valkretsen i dag, så platsen räknas hit.","K,R",1,1,1,14853,Viktor Wärnick,35,M,Söderhamn,"35 år, riksdagsledamot/jurist, Söderhamn",https://data.val.se/filer/val2026/parti/kandidaturer.csv
riksdag,RD,00,Riket,26,Västernorrlands län,M,M,Moderaterna,M,1,09715,Moderaterna - Västernorrlands län,Västernorrlands län,exakt_en_lista,,scb_roster_2022_trend+vallagen_fast_plus_utjamning,historisk_valkrets_2022,26,Västernorrlands län,"Plats 1 på listan. Står på flera listor och företräder valkretsen i dag, så platsen räknas hit.","K,R",1,1,1,51122,Jörgen Berglund,52,M,Sundsvall,"52 år, Sundsvall",https://data.val.se/filer/val2026/parti/kandidaturer.csv
riksdag,RD,00,Riket,27,Jämtlands län,M,M,Moderaterna,M,1,10279,Moderaterna - Jämtlands län,Jämtlands län,exakt_en_lista,,scb_roster_2022_trend+vallagen_fast_plus_utjamning,hemvalkrets_2026,,Jämtlands län,"Plats 1 på listan. Står på flera listor och är folkbokförd i Berg, som ligger i valkretsen.","K,R",1,1,1,50082,Elise Ryder Wikén,57,K,Berg,"57 år, Lantmätare, Skålan",https://data.val.se/filer/val2026/parti/kandidaturer.csv
riksdag,RD,00,Riket,28,Västerbottens län,M,M,Moderaterna,M,1,06580,Moderaterna - Västerbottens län,Västerbottens län,exakt_en_lista,,scb_roster_2022_trend+vallagen_fast_plus_utjamning,historisk_valkrets_2022,28,Västerbottens län,"Plats 1 på listan. Står på flera listor och företräder valkretsen i dag, så platsen räknas hit.","K,R",1,1,1,3106,Edward Riedl,50,M,Umeå,"50, riksdagsledamot, Umeå",https://data.val.se/filer/val2026/parti/kandidaturer.csv
riksdag,RD,00,Riket,29,Norrbottens län,M,M,Moderaterna,M,1,08379,Moderaterna - Norrbottens län,Norrbottens län,exakt_en_lista,,scb_roster_2022_trend+vallagen_fast_plus_utjamning,historisk_valkrets_2022,29,Norrbottens län,"Plats 1 på listan. Står på flera listor och företräder valkretsen i dag, så platsen räknas hit.","K,R",1,1,1,33678,Mattias Karlsson,54,M,Luleå,"54, riksdagsledamot, Luleå",https://data.val.se/filer/val2026/parti/kandidaturer.csv
riksdag,RD,00,Riket,20,Västra Götalands läns östra,KD,KD,Kristdemokraterna,KD,1,09868,Kristdemokraterna - Västra Götalands läns östra,Västra Götalands läns östra,exakt_en_lista,,scb_roster_2022_trend+vallagen_fast_plus_utjamning,historisk_valkrets_2022,20,Uppsala län,"Plats 1 på listan. Står på flera listor och företräder valkretsen i dag, så platsen räknas hit.","K,R",1,1,1,957,Ebba Busch,39,K,Uppsala,"39 år, Partiledare, Uppsala",https://data.val.se/filer/val2026/parti/kandidaturer.csv
riksdag,RD,00,Riket,02,Stockholms län,KD,KD,Kristdemokraterna,KD,3,08553,Kristdemokraterna - Stockholms län,Stockholms län,exakt_en_lista,,scb_roster_2022_trend+vallagen_fast_plus_utjamning,historisk_valkrets_2022,02,Stockholms län,"Plats 2 på listan. Står på flera listor och företräder valkretsen i dag, så platsen räknas hit.","K,R",3,2,2,958,Jakob Forssmed,51,M,Sollentuna,"51 år, Socialminister, Sollentuna",https://data.val.se/filer/val2026/parti/kandidaturer.csv
riksdag,RD,00,Riket,02,Stockholms län,KD,KD,Kristdemokraterna,KD,3,08553,Kristdemokraterna - Stockholms län,Stockholms län,exakt_en_lista,,scb_roster_2022_trend+vallagen_fast_plus_utjamning,historisk_valkrets_2022,02,Stockholms kommun,"Plats 3 på listan. Står på flera listor och företräder valkretsen i dag, så platsen räknas hit.","K,R",3,3,3,980,Christian Carlsson,39,M,Stockholm,"39 år, Riksdagsledamot, Bromma",https://data.val.se/filer/val2026/parti/kandidaturer.csv
riksdag,RD,00,Riket,06,Jönköpings län,SD,SD,Sverigedemokraterna,SD,3,07389,Sverigedemokraterna - Jönköpings län,Jönköpings län,proxy_identisk_topplista,"Flera listnummer har samma valsedelsantal, men toppnamnen som behövs för mandatprognosen är identiska; lägsta listnummer används som proxy.",scb_roster_2022_trend+vallagen_fast_plus_utjamning,historisk_valkrets_2022,06,Blekinge län,"Plats 1 på listan. Står på flera listor och företräder valkretsen i dag, så platsen räknas hit.","K,R",3,1,1,5101,Jimmie Åkesson,47,M,Sölvesborg,"47, partiledare, Sölvesborg",https://data.val.se/filer/val2026/parti/kandidaturer.csv
riksdag,RD,00,Riket,01,Stockholms kommun,SD,SD,Sverigedemokraterna,SD,3,07401,Sverigedemokraterna - Stockholms kommun,Stockholms kommun,proxy_identisk_topplista,"Flera listnummer har samma valsedelsantal, men toppnamnen som behövs för mandatprognosen är identiska; lägsta listnummer används som proxy.",scb_roster_2022_trend+vallagen_fast_plus_utjamning,historisk_valkrets_2022,01,,"Plats 2 på listan. Står på flera listor och företräder valkretsen i dag, så platsen räknas hit.","K,R",3,2,2,5103,Henrik Vinge,38,M,,"38, jurist, Stockholm",https://data.val.se/filer/val2026/parti/kandidaturer.csv
riksdag,RD,00,Riket,01,Stockholms kommun,SD,SD,Sverigedemokraterna,SD,3,07401,Sverigedemokraterna - Stockholms kommun,Stockholms kommun,proxy_identisk_topplista,"Flera listnummer har samma valsedelsantal, men toppnamnen som behövs för mandatprognosen är identiska; lägsta listnummer används som proxy.",scb_roster_2022_trend+vallagen_fast_plus_utjamning,hemvalkrets_2026,,Stockholms kommun,"Plats 3 på listan. Står på flera listor och är folkbokförd i Stockholm, som ligger i valkretsen.","K,R",3,3,3,16917,Linus Bylund,48,M,Stockholm,"48, stabschef, Älvsjö",https://data.val.se/filer/val2026/parti/kandidaturer.csv
riksdag,RD,00,Riket,02,Stockholms län,SD,SD,Sverigedemokraterna,SD,8,07402,Sverigedemokraterna - Stockholms län,Stockholms län,proxy_identisk_topplista,"Flera listnummer har samma valsedelsantal, men toppnamnen som behövs för mandatprognosen är identiska; lägsta listnummer används som proxy.",scb_roster_2022_trend+vallagen_fast_plus_utjamning,historisk_valkrets_2022,02,Stockholms län,"Plats 2 på listan. Står på flera listor och företräder valkretsen i dag, så platsen räknas hit.","K,R",8,2,2,1097,Fredrik Lindahl,39,M,Vallentuna,"39, väktare, Vallentuna",https://data.val.se/filer/val2026/parti/kandidaturer.csv
riksdag,RD,00,Riket,02,Stockholms län,SD,SD,Sverigedemokraterna,SD,8,07402,Sverigedemokraterna - Stockholms län,Stockholms län,proxy_identisk_topplista,"Flera listnummer har samma valsedelsantal, men toppnamnen som behövs för mandatprognosen är identiska; lägsta listnummer används som proxy.",scb_roster_2022_trend+vallagen_fast_plus_utjamning,historisk_valkrets_2022,02,Stockholms län,"Plats 3 på listan. Står på flera listor och företräder valkretsen i dag, så platsen räknas hit.","K,R",8,3,3,5121,Ludvig Aspling,43,M,Upplands Väsby,"43, jur. kand., Upplands Väsby",https://data.val.se/filer/val2026/parti/kandidaturer.csv
riksdag,RD,00,Riket,02,Stockholms län,SD,SD,Sverigedemokraterna,SD,8,07402,Sverigedemokraterna - Stockholms län,Stockholms län,proxy_identisk_topplista,"Flera listnummer har samma valsedelsantal, men toppnamnen som behövs för mandatprognosen är identiska; lägsta listnummer används som proxy.",scb_roster_2022_trend+vallagen_fast_plus_utjamning,historisk_valkrets_2022,02,Stockholms län,"Plats 4 på listan. Står på flera listor och företräder valkretsen i dag, så platsen räknas hit.","K,R",8,4,4,5123,Julia Kronlid,46,K,Täby,"46, socialpedagog, Täby",https://data.val.se/filer/val2026/parti/kandidaturer.csv
riksdag,RD,00,Riket,02,Stockholms län,SD,SD,Sverigedemokraterna,SD,8,07402,Sverigedemokraterna - Stockholms län,Stockholms län,proxy_identisk_topplista,"Flera listnummer har samma valsedelsantal, men toppnamnen som behövs för mandatprognosen är identiska; lägsta listnummer används som proxy.",scb_roster_2022_trend+vallagen_fast_plus_utjamning,historisk_valkrets_2022,02,Stockholms län,"Plats 5 på listan. Står på flera listor och företräder valkretsen i dag, så platsen räknas hit.","K,R",8,5,5,5124,Martin Kinnunen,43,M,Botkyrka,"43, fil.kand nationalekonomi, Botkyrka",https://data.val.se/filer/val2026/parti/kandidaturer.csv
riksdag,RD,00,Riket,02,Stockholms län,SD,SD,Sverigedemokraterna,SD,8,07402,Sverigedemokraterna - Stockholms län,Stockholms län,proxy_identisk_topplista,"Flera listnummer har samma valsedelsantal, men toppnamnen som behövs för mandatprognosen är identiska; lägsta listnummer används som proxy.",scb_roster_2022_trend+vallagen_fast_plus_utjamning,hemvalkrets_2026,,Stockholms län,"Plats 6 på listan. Står på flera listor och är folkbokförd i Norrtälje, som ligger i valkretsen.","K,R",8,6,6,5135,Andrea Kronvall,41,K,Norrtälje,"41, inköpsansvarig, Norrtälje",https://data.val.se/filer/val2026/parti/kandidaturer.csv
riksdag,RD,00,Riket,02,Stockholms län,SD,SD,Sverigedemokraterna,SD,8,07402,Sverigedemokraterna - Stockholms län,Stockholms län,proxy_identisk_topplista,"Flera listnummer har samma valsedelsantal, men toppnamnen som behövs för mandatprognosen är identiska; lägsta listnummer används som proxy.",scb_roster_2022_trend+vallagen_fast_plus_utjamning,historisk_valkrets_2022,02,Stockholms län,"Plats 7 på listan. Står på flera listor och företräder valkretsen i dag, så platsen räknas hit.","K,R",8,7,7,5138,Leonid Yurkovskiy,30,M,Nacka,"30, politisk sekreterare, Nacka",https://data.val.se/filer/val2026/parti/kandidaturer.csv
riksdag,RD,00,Riket,02,Stockholms län,SD,SD,Sverigedemokraterna,SD,8,07402,Sverigedemokraterna - Stockholms län,Stockholms län,proxy_identisk_topplista,"Flera listnummer har samma valsedelsantal, men toppnamnen som behövs för mandatprognosen är identiska; lägsta listnummer används som proxy.",scb_roster_2022_trend+vallagen_fast_plus_utjamning,hemvalkrets_2026,,Stockholms län,"Plats 8 på listan. Står på flera listor och är folkbokförd i Solna, som ligger i valkretsen.","K,R",8,8,8,5144,Denice Westerberg,24,K,Solna,"24, kommunikatör, Solna",https://data.val.se/filer/val2026/parti/kandidaturer.csv
riksdag,RD,00,Riket,03,Uppsala län,SD,SD,Sverigedemokraterna,SD,2,07404,Sverigedemokraterna - Uppsala län,Uppsala län,proxy_identisk_topplista,"Flera listnummer har samma valsedelsantal, men toppnamnen som behövs för mandatprognosen är identiska; lägsta listnummer används som proxy.",scb_roster_2022_trend+vallagen_fast_plus_utjamning,historisk_valkrets_2022,03,Uppsala län,"Plats 2 på listan. Står på flera listor och företräder valkretsen i dag, så platsen räknas hit.","K,R",2,2,2,5130,David Perez,36,M,Uppsala,"36, civilekonom, Uppsala",https://data.val.se/filer/val2026/parti/kandidaturer.csv
riksdag,RD,00,Riket,04,Södermanlands län,SD,SD,Sverigedemokraterna,SD,2,07403,Sverigedemokraterna - Södermanlands län,Södermanlands län,proxy_identisk_topplista,"Flera listnummer har samma valsedelsantal, men toppnamnen som behövs för mandatprognosen är identiska; lägsta listnummer används som proxy.",scb_roster_2022_trend+vallagen_fast_plus_utjamning,historisk_valkrets_2022,04,Södermanlands län,"Plats 2 på listan. Står på flera listor och företräder valkretsen i dag, så platsen räknas hit.","K,R",2,2,2,5116,Adam Marttinen,42,M,Eskilstuna,"42, yrkesförare, Eskilstuna",https://data.val.se/filer/val2026/parti/kandidaturer.csv
riksdag,RD,00,Riket,05,Östergötlands län,SD,SD,Sverigedemokraterna,SD,3,07410,Sverigedemokraterna - Östergötlands län,Östergötlands län,proxy_identisk_topplista,"Flera listnummer har samma valsedelsantal, men toppnamnen som behövs för mandatprognosen är identiska; lägsta listnummer används som proxy.",scb_roster_2022_trend+vallagen_fast_plus_utjamning,historisk_valkrets_2022,05,Östergötlands län,"Plats 2 på listan. Står på flera listor och företräder valkretsen i dag, så platsen räknas hit.","K,R",3,2,2,5106,Clara Aranda,38,K,Norrköping,"38, riksdagsledamot, Norrköping",https://data.val.se/filer/val2026/parti/kandidaturer.csv
riksdag,RD,00,Riket,05,Östergötlands län,SD,SD,Sverigedemokraterna,SD,3,07410,Sverigedemokraterna - Östergötlands län,Östergötlands län,proxy_identisk_topplista,"Flera listnummer har samma valsedelsantal, men toppnamnen som behövs för mandatprognosen är identiska; lägsta listnummer används som proxy.",scb_roster_2022_trend+vallagen_fast_plus_utjamning,historisk_valkrets_2022,05,Östergötlands län,"Plats 3 på listan. Står på flera listor och företräder valkretsen i dag, så platsen räknas hit.","K,R",3,3,3,5108,Aron Emilsson,36,M,Söderköping,"36, kulturarvsvetare, Söderköping",https://data.val.se/filer/val2026/parti/kandidaturer.csv
riksdag,RD,00,Riket,06,Jönköpings län,SD,SD,Sverigedemokraterna,SD,3,07389,Sverigedemokraterna - Jönköpings län,Jönköpings län,proxy_identisk_topplista,"Flera listnummer har samma valsedelsantal, men toppnamnen som behövs för mandatprognosen är identiska; lägsta listnummer används som proxy.",scb_roster_2022_trend+vallagen_fast_plus_utjamning,hemvalkrets_2026,,Jönköpings län,"Plats 2 på listan. Står på flera listor och är folkbokförd i Jönköping, som ligger i valkretsen.","K,R",3,2,2,5129,Ida Kors,44,K,Jönköping,"44, habiliteringspedagog, Jönköping",https://data.val.se/filer/val2026/parti/kandidaturer.csv
riksdag,RD,00,Riket,06,Jönköpings län,SD,SD,Sverigedemokraterna,SD,3,07389,Sverigedemokraterna - Jönköpings län,Jönköpings län,proxy_identisk_topplista,"Flera listnummer har samma valsedelsantal, men toppnamnen som behövs för mandatprognosen är identiska; lägsta listnummer används som proxy.",scb_roster_2022_trend+vallagen_fast_plus_utjamning,historisk_valkrets_2022,06,Jönköpings län,"Plats 3 på listan. Står på flera listor och företräder valkretsen i dag, så platsen räknas hit.","K,R",3,3,3,5146,Eric Westroth,55,M,Gnosjö,"55, familjeföretagare, Gnosjö",https://data.val.se/filer/val2026/parti/kandidaturer.csv
riksdag,RD,00,Riket,07,Kronobergs län,SD,SD,Sverigedemokraterna,SD,2,07392,Sverigedemokraterna - Kronobergs län,Kronobergs län,proxy_identisk_topplista,"Flera listnummer har samma valsedelsantal, men toppnamnen som behövs för mandatprognosen är identiska; lägsta listnummer används som proxy.",scb_roster_2022_trend+vallagen_fast_plus_utjamning,hemvalkrets_2026,,Kronobergs län,"Plats 2 på listan. Står på flera listor och är folkbokförd i Uppvidinge, som ligger i valkretsen.","K,R",2,2,2,5105,Mattias Karlsson Bergman,49,M,Uppvidinge,"49, riksdagsledamot, Uppvidinge",https://data.val.se/filer/val2026/parti/kandidaturer.csv
riksdag,RD,00,Riket,08,Kalmar län,SD,SD,Sverigedemokraterna,SD,2,07391,Sverigedemokraterna - Kalmar län,Kalmar län,proxy_identisk_topplista,"Flera listnummer har samma valsedelsantal, men toppnamnen som behövs för mandatprognosen är identiska; lägsta listnummer används som proxy.",scb_roster_2022_trend+vallagen_fast_plus_utjamning,historisk_valkrets_2022,08,Kalmar län,"Plats 2 på listan. Står på flera listor och företräder valkretsen i dag, så platsen räknas hit.","K,R",2,2,2,1020,Mattias Bäckström Johansson,41,M,Oskarshamn,"41, reaktoroperatör, Oskarshamn",https://data.val.se/filer/val2026/parti/kandidaturer.csv
riksdag,RD,00,Riket,10,Blekinge län,SD,SD,Sverigedemokraterna,SD,2,07373,Sverigedemokraterna - Blekinge län,Blekinge län,proxy_identisk_topplista,"Flera listnummer har samma valsedelsantal, men toppnamnen som behövs för mandatprognosen är identiska; lägsta listnummer används som proxy.",scb_roster_2022_trend+vallagen_fast_plus_utjamning,historisk_valkrets_2022,10,Blekinge län,"Plats 2 på listan. Står på flera listor och företräder valkretsen i dag, så platsen räknas hit.","K,R",2,2,2,5107,Richard Jomshof,57,M,Karlskrona,"57, SO-lärare, Karlskrona",https://data.val.se/filer/val2026/parti/kandidaturer.csv
riksdag,RD,00,Riket,11,Malmö kommun,SD,SD,Sverigedemokraterna,SD,2,07396,Sverigedemokraterna - Malmö kommun,Malmö kommun,proxy_identisk_topplista,"Flera listnummer har samma valsedelsantal, men toppnamnen som behövs för mandatprognosen är identiska; lägsta listnummer används som proxy.",scb_roster_2022_trend+vallagen_fast_plus_utjamning,historisk_valkrets_2022,11,Malmö kommun,"Plats 2 på listan. Står på flera listor och företräder valkretsen i dag, så platsen räknas hit.","K,R",2,2,2,1338,Patrick Reslow,56,M,Malmö,"56, jur.kand., pol.mag., Malmö",https://data.val.se/filer/val2026/parti/kandidaturer.csv
riksdag,RD,00,Riket,12,Skåne läns västra,SD,SD,Sverigedemokraterna,SD,3,07400,Sverigedemokraterna - Skåne läns västra,Skåne läns västra,proxy_identisk_topplista,"Flera listnummer har samma valsedelsantal, men toppnamnen som behövs för mandatprognosen är identiska; lägsta listnummer används som proxy.",scb_roster_2022_trend+vallagen_fast_plus_utjamning,historisk_valkrets_2022,12,Skåne läns västra,"Plats 2 på listan. Står på flera listor och företräder valkretsen i dag, så platsen räknas hit.","K,R",3,2,2,5104,Linda Lindberg,51,K,Helsingborg,"51, gruppledare, Helsingborg",https://data.val.se/filer/val2026/parti/kandidaturer.csv
riksdag,RD,00,Riket,12,Skåne läns västra,SD,SD,Sverigedemokraterna,SD,3,07400,Sverigedemokraterna - Skåne läns västra,Skåne läns västra,proxy_identisk_topplista,"Flera listnummer har samma valsedelsantal, men toppnamnen som behövs för mandatprognosen är identiska; lägsta listnummer används som proxy.",scb_roster_2022_trend+vallagen_fast_plus_utjamning,historisk_valkrets_2022,12,Skåne läns södra,"Plats 3 på listan. Står på flera listor och företräder valkretsen i dag, så platsen räknas hit.","K,R",3,3,3,1102,Bo Broman,57,M,Eslöv,"57, ekonomichef, Eslöv",https://data.val.se/filer/val2026/parti/kandidaturer.csv
riksdag,RD,00,Riket,13,Skåne läns södra,SD,SD,Sverigedemokraterna,SD,3,07398,Sverigedemokraterna - Skåne läns södra,Skåne läns södra,proxy_identisk_topplista,"Flera listnummer har samma valsedelsantal, men toppnamnen som behövs för mandatprognosen är identiska; lägsta listnummer används som proxy.",scb_roster_2022_trend+vallagen_fast_plus_utjamning,historisk_valkrets_2022,13,Skåne läns södra,"Plats 2 på listan. Står på flera listor och företräder valkretsen i dag, så platsen räknas hit.","K,R",3,2,2,5109,Victoria Tiblom,56,K,Staffanstorp,"56, kommunikatör/PR-konsult, Staffanstorp",https://data.val.se/filer/val2026/parti/kandidaturer.csv
riksdag,RD,00,Riket,13,Skåne läns södra,SD,SD,Sverigedemokraterna,SD,3,07398,Sverigedemokraterna - Skåne läns södra,Skåne läns södra,proxy_identisk_topplista,"Flera listnummer har samma valsedelsantal, men toppnamnen som behövs för mandatprognosen är identiska; lägsta listnummer används som proxy.",scb_roster_2022_trend+vallagen_fast_plus_utjamning,historisk_valkrets_2022,13,Skåne läns södra,"Plats 3 på listan. Står på flera listor och företräder valkretsen i dag, så platsen räknas hit.","K,R",3,3,3,3545,Jessica Stegrud,55,K,Vellinge,"54, controller, Vellinge",https://data.val.se/filer/val2026/parti/kandidaturer.csv
riksdag,RD,00,Riket,14,Skåne läns norra och östra,SD,SD,Sverigedemokraterna,SD,4,07397,Sverigedemokraterna - Skåne läns norra och östra och östra,Skåne läns norra och östra och östra,proxy_identisk_topplista,"Flera listnummer har samma valsedelsantal, men toppnamnen som behövs för mandatprognosen är identiska; lägsta listnummer används som proxy.",scb_roster_2022_trend+vallagen_fast_plus_utjamning,historisk_valkrets_2022,14,,"Plats 2 på listan. Står på flera listor och företräder valkretsen i dag, så platsen räknas hit.","K,R",4,2,2,5114,Björn Söder,50,M,,"50, civilingenjör, Kristianstad",https://data.val.se/filer/val2026/parti/kandidaturer.csv
riksdag,RD,00,Riket,14,Skåne läns norra och östra,SD,SD,Sverigedemokraterna,SD,4,07397,Sverigedemokraterna - Skåne läns norra och östra och östra,Skåne läns norra och östra och östra,proxy_identisk_topplista,"Flera listnummer har samma valsedelsantal, men toppnamnen som behövs för mandatprognosen är identiska; lägsta listnummer används som proxy.",scb_roster_2022_trend+vallagen_fast_plus_utjamning,historisk_valkrets_2022,14,Skåne läns västra,"Plats 3 på listan. Står på flera listor och företräder valkretsen i dag, så platsen räknas hit.","K,R",4,3,3,5126,Mikael Eskilandersson,49,M,Örkelljunga,"49, skoglig maskinförare, Örkelljunga",https://data.val.se/filer/val2026/parti/kandidaturer.csv
riksdag,RD,00,Riket,14,Skåne läns norra och östra,SD,SD,Sverigedemokraterna,SD,4,07397,Sverigedemokraterna - Skåne läns norra och östra och östra,Skåne läns norra och östra och östra,proxy_identisk_topplista,"Flera listnummer har samma valsedelsantal, men toppnamnen som behövs för mandatprognosen är identiska; lägsta listnummer används som proxy.",scb_roster_2022_trend+vallagen_fast_plus_utjamning,historisk_valkrets_2022,14,Skåne läns norra och östra,"Plats 4 på listan. Står på flera listor och företräder valkretsen i dag, så platsen räknas hit.","K,R",4,4,4,5134,Magnus Persson,55,M,Bromölla,"55, byggnadsarbetare, Bromölla",https://data.val.se/filer/val2026/parti/kandidaturer.csv
riksdag,RD,00,Riket,15,Hallands län,SD,SD,Sverigedemokraterna,SD,3,07384,Sverigedemokraterna - Hallands län,Hallands län,proxy_identisk_topplista,"Flera listnummer har samma valsedelsantal, men toppnamnen som behövs för mandatprognosen är identiska; lägsta listnummer används som proxy.",scb_roster_2022_trend+vallagen_fast_plus_utjamning,hemvalkrets_2026,,Hallands län,"Plats 2 på listan. Står på flera listor och är folkbokförd i Halmstad, som ligger i valkretsen.","K,R",3,2,2,5128,Andreas Ahlqvist,52,M,Halmstad,"52, företagare, Halmstad",https://data.val.se/filer/val2026/parti/kandidaturer.csv
riksdag,RD,00,Riket,16,Göteborgs kommun,SD,SD,Sverigedemokraterna,SD,3,07411,Sverigedemokraterna - Göteborgs kommun,Göteborgs kommun,proxy_identisk_topplista,"Flera listnummer har samma valsedelsantal, men toppnamnen som behövs för mandatprognosen är identiska; lägsta listnummer används som proxy.",scb_roster_2022_trend+vallagen_fast_plus_utjamning,historisk_valkrets_2022,16,Göteborgs kommun,"Plats 2 på listan. Står på flera listor och företräder valkretsen i dag, så platsen räknas hit.","K,R",3,2,2,5111,Dennis Dioukarev,33,M,Göteborg,"33, riksdagsledamot, Göteborg",https://data.val.se/filer/val2026/parti/kandidaturer.csv
riksdag,RD,00,Riket,16,Göteborgs kommun,SD,SD,Sverigedemokraterna,SD,3,07411,Sverigedemokraterna - Göteborgs kommun,Göteborgs kommun,proxy_identisk_topplista,"Flera listnummer har samma valsedelsantal, men toppnamnen som behövs för mandatprognosen är identiska; lägsta listnummer används som proxy.",scb_roster_2022_trend+vallagen_fast_plus_utjamning,hemvalkrets_2026,,Göteborgs kommun,"Plats 3 på listan. Står på flera listor och är folkbokförd i Göteborg, som ligger i valkretsen.","K,R",3,3,3,5153,Emma Altenhammar,28,K,Göteborg,"28, företagssäljare, Göteborg",https://data.val.se/filer/val2026/parti/kandidaturer.csv
riksdag,RD,00,Riket,17,Västra Götalands läns västra,SD,SD,Sverigedemokraterna,SD,3,07412,Sverigedemokraterna - Västra Götalands läns västra,Västra Götalands läns västra,proxy_identisk_topplista,"Flera listnummer har samma valsedelsantal, men toppnamnen som behövs för mandatprognosen är identiska; lägsta listnummer används som proxy.",scb_roster_2022_trend+vallagen_fast_plus_utjamning,historisk_valkrets_2022,17,Västra Götalands läns västra,"Plats 2 på listan. Står på flera listor och företräder valkretsen i dag, så platsen räknas hit.","K,R",3,2,2,5117,Alexander Christiansson,45,M,Lerum,"45, företagare/säljare, Lerum",https://data.val.se/filer/val2026/parti/kandidaturer.csv
riksdag,RD,00,Riket,17,Västra Götalands läns västra,SD,SD,Sverigedemokraterna,SD,3,07412,Sverigedemokraterna - Västra Götalands läns västra,Västra Götalands läns västra,proxy_identisk_topplista,"Flera listnummer har samma valsedelsantal, men toppnamnen som behövs för mandatprognosen är identiska; lägsta listnummer används som proxy.",scb_roster_2022_trend+vallagen_fast_plus_utjamning,historisk_valkrets_2022,17,Västra Götalands läns västra,"Plats 3 på listan. Står på flera listor och företräder valkretsen i dag, så platsen räknas hit.","K,R",3,3,3,5122,Yasmine Eriksson,37,K,Partille,"37, pressassistent, Partille",https://data.val.se/filer/val2026/parti/kandidaturer.csv
riksdag,RD,00,Riket,18,Västra Götalands läns norra,SD,SD,Sverigedemokraterna,SD,2,07414,Sverigedemokraterna - Västra Götalands läns norra,Västra Götalands läns norra,proxy_identisk_topplista,"Flera listnummer har samma valsedelsantal, men toppnamnen som behövs för mandatprognosen är identiska; lägsta listnummer används som proxy.",scb_roster_2022_trend+vallagen_fast_plus_utjamning,historisk_valkrets_2022,18,,"Plats 2 på listan. Står på flera listor och företräder valkretsen i dag, så platsen räknas hit.","K,R",2,2,2,5119,Matheus Enholm,47,M,,"47, egenföretagare, Munkedal",https://data.val.se/filer/val2026/parti/kandidaturer.csv
riksdag,RD,00,Riket,19,Västra Götalands läns södra,SD,SD,Sverigedemokraterna,SD,2,07415,Sverigedemokraterna - Västra Götalands läns södra,Västra Götalands läns södra,proxy_identisk_topplista,"Flera listnummer har samma valsedelsantal, men toppnamnen som behövs för mandatprognosen är identiska; lägsta listnummer används som proxy.",scb_roster_2022_trend+vallagen_fast_plus_utjamning,historisk_valkrets_2022,19,Västra Götalands läns södra,"Plats 2 på listan. Står på flera listor och företräder valkretsen i dag, så platsen räknas hit.","K,R",2,2,2,5120,Anders Alftberg,53,M,Borås,"53, lärare, Borås",https://data.val.se/filer/val2026/parti/kandidaturer.csv
riksdag,RD,00,Riket,20,Västra Götalands läns östra,SD,SD,Sverigedemokraterna,SD,2,07416,Sverigedemokraterna - Västra Götalands läns östra,Västra Götalands läns östra,proxy_identisk_topplista,"Flera listnummer har samma valsedelsantal, men toppnamnen som behövs för mandatprognosen är identiska; lägsta listnummer används som proxy.",scb_roster_2022_trend+vallagen_fast_plus_utjamning,historisk_valkrets_2022,20,Västra Götalands läns östra,"Plats 2 på listan. Står på flera listor och företräder valkretsen i dag, så platsen räknas hit.","K,R",2,2,2,5110,Tobias Andersson,30,M,Skövde,"30, ekonom, Skövde",https://data.val.se/filer/val2026/parti/kandidaturer.csv
riksdag,RD,00,Riket,21,Värmlands län,SD,SD,Sverigedemokraterna,SD,2,07405,Sverigedemokraterna - Värmlands län,Värmlands län,proxy_identisk_topplista,"Flera listnummer har samma valsedelsantal, men toppnamnen som behövs för mandatprognosen är identiska; lägsta listnummer används som proxy.",scb_roster_2022_trend+vallagen_fast_plus_utjamning,historisk_valkrets_2022,21,Värmlands län,"Plats 2 på listan. Står på flera listor och företräder valkretsen i dag, så platsen räknas hit.","K,R",2,2,2,5132,Runar Filper,62,M,Sunne,"62, riksdagsledamot, Sunne",https://data.val.se/filer/val2026/parti/kandidaturer.csv
riksdag,RD,00,Riket,22,Örebro län,SD,SD,Sverigedemokraterna,SD,2,07409,Sverigedemokraterna - Örebro län,Örebro län,proxy_identisk_topplista,"Flera listnummer har samma valsedelsantal, men toppnamnen som behövs för mandatprognosen är identiska; lägsta listnummer används som proxy.",scb_roster_2022_trend+vallagen_fast_plus_utjamning,historisk_valkrets_2022,22,Örebro län,"Plats 2 på listan. Står på flera listor och företräder valkretsen i dag, så platsen räknas hit.","K,R",2,2,2,5133,Per Söderlund,54,M,Lindesberg,"54, datortekniker, Lindesberg",https://data.val.se/filer/val2026/parti/kandidaturer.csv
riksdag,RD,00,Riket,23,Västmanlands län,SD,SD,Sverigedemokraterna,SD,2,07408,Sverigedemokraterna - Västmanlands län,Västmanlands län,proxy_identisk_topplista,"Flera listnummer har samma valsedelsantal, men toppnamnen som behövs för mandatprognosen är identiska; lägsta listnummer används som proxy.",scb_roster_2022_trend+vallagen_fast_plus_utjamning,historisk_valkrets_2022,23,Västmanlands län,"Plats 2 på listan. Står på flera listor och företräder valkretsen i dag, så platsen räknas hit.","K,R",2,2,2,5112,Oscar Sjöstedt,45,M,Skinnskatteberg,"45, nationalekonom, Skinnskatteberg",https://data.val.se/filer/val2026/parti/kandidaturer.csv
riksdag,RD,00,Riket,24,Dalarnas län,SD,SD,Sverigedemokraterna,SD,3,07376,Sverigedemokraterna - Dalarnas län,Dalarnas län,proxy_identisk_topplista,"Flera listnummer har samma valsedelsantal, men toppnamnen som behövs för mandatprognosen är identiska; lägsta listnummer används som proxy.",scb_roster_2022_trend+vallagen_fast_plus_utjamning,historisk_valkrets_2022,24,Dalarnas län,"Plats 2 på listan. Står på flera listor och företräder valkretsen i dag, så platsen räknas hit.","K,R",3,2,2,5127,Rasmus Giertz,32,M,Falun,"32, riksdagsledamot, Falun",https://data.val.se/filer/val2026/parti/kandidaturer.csv
riksdag,RD,00,Riket,24,Dalarnas län,SD,SD,Sverigedemokraterna,SD,3,07376,Sverigedemokraterna - Dalarnas län,Dalarnas län,proxy_identisk_topplista,"Flera listnummer har samma valsedelsantal, men toppnamnen som behövs för mandatprognosen är identiska; lägsta listnummer används som proxy.",scb_roster_2022_trend+vallagen_fast_plus_utjamning,hemvalkrets_2026,,Dalarnas län,"Plats 3 på listan. Står på flera listor och är folkbokförd i Mora, som ligger i valkretsen.","K,R",3,3,3,5154,Liselotte Forsberg,53,K,Mora,"52, driftledare, Mora",https://data.val.se/filer/val2026/parti/kandidaturer.csv
riksdag,RD,00,Riket,25,Gävleborgs län,SD,SD,Sverigedemokraterna,SD,2,07382,Sverigedemokraterna - Gävleborgs län,Gävleborgs län,proxy_identisk_topplista,"Flera listnummer har samma valsedelsantal, men toppnamnen som behövs för mandatprognosen är identiska; lägsta listnummer används som proxy.",scb_roster_2022_trend+vallagen_fast_plus_utjamning,historisk_valkrets_2022,25,Gävleborgs län,"Plats 2 på listan. Står på flera listor och företräder valkretsen i dag, så platsen räknas hit.","K,R",2,2,2,5113,Roger Hedlund,46,M,Gävle,"46, industrirobotoperatör, Gävle",https://data.val.se/filer/val2026/parti/kandidaturer.csv
riksdag,RD,00,Riket,26,Västernorrlands län,SD,SD,Sverigedemokraterna,SD,2,07407,Sverigedemokraterna - Västernorrlands län,Västernorrlands län,proxy_identisk_topplista,"Flera listnummer har samma valsedelsantal, men toppnamnen som behövs för mandatprognosen är identiska; lägsta listnummer används som proxy.",scb_roster_2022_trend+vallagen_fast_plus_utjamning,hemvalkrets_2026,,Västernorrlands län,"Plats 2 på listan. Står på flera listor och är folkbokförd i Sundsvall, som ligger i valkretsen.","K,R",2,2,2,5139,Kevin Sahlin,25,M,Sundsvall,"25, sekreterare, Sundsvall",https://data.val.se/filer/val2026/parti/kandidaturer.csv
riksdag,RD,00,Riket,29,Norrbottens län,SD,SD,Sverigedemokraterna,SD,2,07393,Sverigedemokraterna - Norrbottens län,Norrbottens län,proxy_identisk_topplista,"Flera listnummer har samma valsedelsantal, men toppnamnen som behövs för mandatprognosen är identiska; lägsta listnummer används som proxy.",scb_roster_2022_trend+vallagen_fast_plus_utjamning,historisk_valkrets_2022,29,Norrbottens län,"Plats 2 på listan. Står på flera listor och företräder valkretsen i dag, så platsen räknas hit.","K,R",2,2,2,5131,Eric Palmqvist,55,M,Gällivare,"55, gruvarbetare, Gällivare",https://data.val.se/filer/val2026/parti/kandidaturer.csv
riksdag,RD,00,Riket,01,Stockholms kommun,V,V,Vänsterpartiet,V,4,10067,Vänsterpartiet - Stockholms kommun och Stockholms län,Stockholms kommun och Stockholms län,exakt_en_lista,,scb_roster_2022_trend+vallagen_fast_plus_utjamning,dubbelvalsavveckling,02,Stockholms kommun,Nooshi Dadgostar stod högre på listan men tar sitt mandat i en annan valkrets. Platsen går vidare till nästa namn.,"K,R",4,1,5,55578,Malin Björk,54,K,Göteborg,"54, Bryssel, fd EU-parlamentariker",https://data.val.se/filer/val2026/parti/kandidaturer.csv
riksdag,RD,00,Riket,18,Västra Götalands läns norra,MP,MP,Miljöpartiet de gröna,MP,1,08519,Miljöpartiet de gröna - Västra Götalands läns norra,Västra Götalands läns norra,exakt_en_lista,,scb_roster_2022_trend+vallagen_fast_plus_utjamning,dubbelvalsavveckling,16,Västra Götalands läns norra,Emma Nohrén stod högre på listan men tar sitt mandat i en annan valkrets. Platsen går vidare till nästa namn.,"K,R",1,1,2,27067,Markus Kerttu,25,M,Sotenäs,"25 år, Miljö- och hälsoskyddsinspektör, Hunnebostrand",https://data.val.se/filer/val2026/parti/kandidaturer.csv
riksdag,RD,00,Riket,02,Stockholms län,M,M,Moderaterna,M,10,06717,Moderaterna - Stockholms län,Stockholms län,exakt_en_lista,,scb_roster_2022_trend+vallagen_fast_plus_utjamning,dubbelvalsavveckling,04,,Ulf Kristersson stod högre på listan men tar sitt mandat i en annan valkrets. Platsen går vidare till nästa namn.,"K,R",10,1,11,5242,Adam Reuterskiöld,60,M,Ekerö,"60, Lantbrukare, Ekerö",https://data.val.se/filer/val2026/parti/kandidaturer.csv
riksdag,RD,00,Riket,01,Stockholms kommun,M,M,Moderaterna,M,6,06641,Moderaterna - Stockholms kommun,Stockholms kommun,exakt_en_lista,,scb_roster_2022_trend+vallagen_fast_plus_utjamning,dubbelvalsavveckling,04,,Ulf Kristersson stod högre på listan men tar sitt mandat i en annan valkrets. Platsen går vidare till nästa namn.,"K,R",6,1,7,4249,Carl Nordblom,32,M,Stockholm,"32, Riksdagsledamot",https://data.val.se/filer/val2026/parti/kandidaturer.csv
riksdag,RD,00,Riket,03,Uppsala län,KD,KD,Kristdemokraterna,KD,1,08943,Kristdemokraterna - Uppsala län,Uppsala län,exakt_en_lista,,scb_roster_2022_trend+vallagen_fast_plus_utjamning,dubbelvalsavveckling,20,Uppsala län,Ebba Busch stod högre på listan men tar sitt mandat i en annan valkrets. Platsen går vidare till nästa namn.,"K,R",1,1,2,967,Mikael Oscarsson,59,M,Uppsala,"59 år, Riksdagsledamot, Almunge",https://data.val.se/filer/val2026/parti/kandidaturer.csv
riksdag,RD,00,Riket,01,Stockholms kommun,KD,KD,Kristdemokraterna,KD,1,09066,Kristdemokraterna - Stockholms kommun,Stockholms kommun,exakt_en_lista,,scb_roster_2022_trend+vallagen_fast_plus_utjamning,dubbelvalsavveckling,20,Uppsala län,Ebba Busch stod högre på listan men tar sitt mandat i en annan valkrets. Platsen går vidare till nästa namn.,"K,R",1,1,4,964,Camilla Brodin,47,K,Täby,"47 år, Riksdagsledamot, Täby",https://data.val.se/filer/val2026/parti/kandidaturer.csv
riksdag,RD,00,Riket,04,Södermanlands län,KD,KD,Kristdemokraterna,KD,1,07925,Kristdemokraterna - Södermanlands län,Södermanlands län,exakt_en_lista,,scb_roster_2022_trend+vallagen_fast_plus_utjamning,dubbelvalsavveckling,20,Uppsala län,Ebba Busch stod högre på listan men tar sitt mandat i en annan valkrets. Platsen går vidare till nästa namn.,"K,R",1,1,2,1002,Paul Sabo,25,M,Eskilstuna,"25 år, Jurist, Eskilstuna",https://data.val.se/filer/val2026/parti/kandidaturer.csv
riksdag,RD,00,Riket,05,Östergötlands län,KD,KD,Kristdemokraterna,KD,1,06715,Kristdemokraterna - Östergötlands län,Östergötlands län,exakt_en_lista,,scb_roster_2022_trend+vallagen_fast_plus_utjamning,dubbelvalsavveckling,20,Uppsala län,Ebba Busch stod högre på listan men tar sitt mandat i en annan valkrets. Platsen går vidare till nästa namn.,"K,R",1,1,2,977,Magnus Oscarsson,56,M,Ödeshög,"56, Riksdagsledamot, Ödeshög",https://data.val.se/filer/val2026/parti/kandidaturer.csv
riksdag,RD,00,Riket,06,Jönköpings län,KD,KD,Kristdemokraterna,KD,1,09480,Kristdemokraterna - Jönköpings län,Jönköpings län,exakt_en_lista,,scb_roster_2022_trend+vallagen_fast_plus_utjamning,dubbelvalsavveckling,20,Uppsala län,Ebba Busch stod högre på listan men tar sitt mandat i en annan valkrets. Platsen går vidare till nästa namn.,"K,R",1,1,2,978,Camilla Rinaldo Miller,57,K,Värnamo,"Riksdagsledamot, Bredaryd",https://data.val.se/filer/val2026/parti/kandidaturer.csv
riksdag,RD,00,Riket,07,Kronobergs län,KD,KD,Kristdemokraterna,KD,1,06572,Kristdemokraterna - Kronobergs län,Kronobergs län,proxy_identisk_topplista,"Flera listnummer har samma valsedelsantal, men toppnamnen som behövs för mandatprognosen är identiska; lägsta listnummer används som proxy.",scb_roster_2022_trend+vallagen_fast_plus_utjamning,dubbelvalsavveckling,20,Uppsala län,Ebba Busch stod högre på listan men tar sitt mandat i en annan valkrets. Platsen går vidare till nästa namn.,"K,R",1,1,2,3019,Emil Torstensson,47,M,Ljungby,"47, ambulanssjuksköterska, Lagan",https://data.val.se/filer/val2026/parti/kandidaturer.csv
riksdag,RD,00,Riket,08,Kalmar län,KD,KD,Kristdemokraterna,KD,1,10370,Kristdemokraterna - Kalmar län,Kalmar län,exakt_en_lista,,scb_roster_2022_trend+vallagen_fast_plus_utjamning,dubbelvalsavveckling,20,Uppsala län,Ebba Busch stod högre på listan men tar sitt mandat i en annan valkrets. Platsen går vidare till nästa namn.,"K,R",1,1,2,986,Carl-Wiktor Svensson,36,M,Högsby,"Regionråd & Skogstekniker, Berga",https://data.val.se/filer/val2026/parti/kandidaturer.csv
riksdag,RD,00,Riket,12,Skåne läns västra,KD,KD,Kristdemokraterna,KD,1,09093,Kristdemokraterna - Skåne län,Skåne län,exakt_en_lista,"Partiet har både en lista för länet och en för hela landet. Länslistan används, eftersom den är den partiet kampanjar med lokalt, men vilken väljarna faktiskt lägger går inte att veta före valet.",scb_roster_2022_trend+vallagen_fast_plus_utjamning,dubbelvalsavveckling,20,Uppsala län,Ebba Busch stod högre på listan men tar sitt mandat i en annan valkrets. Platsen går vidare till nästa namn.,"K,R",1,1,2,997,Martin Hallander,33,M,Malmö,"33 år, regionpolitiker, Malmö",https://data.val.se/filer/val2026/parti/kandidaturer.csv
riksdag,RD,00,Riket,15,Hallands län,KD,KD,Kristdemokraterna,KD,1,08272,Kristdemokraterna - Hallands län,Hallands län,exakt_en_lista,,scb_roster_2022_trend+vallagen_fast_plus_utjamning,dubbelvalsavveckling,20,Uppsala län,Ebba Busch stod högre på listan men tar sitt mandat i en annan valkrets. Platsen går vidare till nästa namn.,"K,R",1,1,2,975,Larry Söder,57,M,Kungsbacka,"57 år, Riksdagsledamot, Kungsbacka",https://data.val.se/filer/val2026/parti/kandidaturer.csv
riksdag,RD,00,Riket,16,Göteborgs kommun,KD,KD,Kristdemokraterna,KD,1,06957,Kristdemokraterna - Göteborgs kommun,Göteborgs kommun,exakt_en_lista,,scb_roster_2022_trend+vallagen_fast_plus_utjamning,dubbelvalsavveckling,20,Uppsala län,Ebba Busch stod högre på listan men tar sitt mandat i en annan valkrets. Platsen går vidare till nästa namn.,"K,R",1,1,2,960,Elisabet Lann,49,K,Göteborg,"49 år, Sjukvårdsmininster, Göteborg",https://data.val.se/filer/val2026/parti/kandidaturer.csv
riksdag,RD,00,Riket,17,Västra Götalands läns västra,KD,KD,Kristdemokraterna,KD,1,09856,Kristdemokraterna - Västra Götalands läns västra,Västra Götalands läns västra,exakt_en_lista,,scb_roster_2022_trend+vallagen_fast_plus_utjamning,dubbelvalsavveckling,20,Uppsala län,Ebba Busch stod högre på listan men tar sitt mandat i en annan valkrets. Platsen går vidare till nästa namn.,"K,R",1,1,2,985,Magnus Berntsson,53,M,Öckerö,"53 år, Riksdagsledamot, Öckerö",https://data.val.se/filer/val2026/parti/kandidaturer.csv
riksdag,RD,00,Riket,18,Västra Götalands läns norra,KD,KD,Kristdemokraterna,KD,1,09870,Kristdemokraterna - Västra Götalands läns norra,Västra Götalands läns norra,exakt_en_lista,,scb_roster_2022_trend+vallagen_fast_plus_utjamning,dubbelvalsavveckling,20,Uppsala län,Ebba Busch stod högre på listan men tar sitt mandat i en annan valkrets. Platsen går vidare till nästa namn.,"K,R",1,1,2,973,Magnus Jacobsson,58,M,Uddevalla,"58 år, Riksdagsledamot, Uddevalla",https://data.val.se/filer/val2026/parti/kandidaturer.csv
riksdag,RD,00,Riket,19,Västra Götalands läns södra,KD,KD,Kristdemokraterna,KD,1,09864,Kristdemokraterna - Västra Götalands läns södra,Västra Götalands läns södra,exakt_en_lista,,scb_roster_2022_trend+vallagen_fast_plus_utjamning,dubbelvalsavveckling,20,Uppsala län,Ebba Busch stod högre på listan men tar sitt mandat i en annan valkrets. Platsen går vidare till nästa namn.,"K,R",1,1,2,979,Ingemar Kihlström,60,M,Herrljunga,"60 år, Riksdagsledamot, Herrljunga",https://data.val.se/filer/val2026/parti/kandidaturer.csv
riksdag,RD,00,Riket,21,Värmlands län,KD,KD,Kristdemokraterna,KD,1,07967,Kristdemokraterna - Värmlands län,Värmlands län,exakt_en_lista,,scb_roster_2022_trend+vallagen_fast_plus_utjamning,dubbelvalsavveckling,20,Uppsala län,Ebba Busch stod högre på listan men tar sitt mandat i en annan valkrets. Platsen går vidare till nästa namn.,"K,R",1,1,2,971,Kjell-Arne Ottosson,51,M,Årjäng,"Riksdagsledamot, Töcksfors",https://data.val.se/filer/val2026/parti/kandidaturer.csv
riksdag,RD,00,Riket,22,Örebro län,KD,KD,Kristdemokraterna,KD,1,06597,Kristdemokraterna - Örebro län,Örebro län,exakt_en_lista,,scb_roster_2022_trend+vallagen_fast_plus_utjamning,dubbelvalsavveckling,20,Uppsala län,Ebba Busch stod högre på listan men tar sitt mandat i en annan valkrets. Platsen går vidare till nästa namn.,"K,R",1,1,2,965,Hans Eklind,59,M,Örebro,"Riksdagsledamot, Örebro",https://data.val.se/filer/val2026/parti/kandidaturer.csv
riksdag,RD,00,Riket,24,Dalarnas län,KD,KD,Kristdemokraterna,KD,1,07913,Kristdemokraterna - Dalarnas län,Dalarnas län,exakt_en_lista,,scb_roster_2022_trend+vallagen_fast_plus_utjamning,dubbelvalsavveckling,20,Uppsala län,Ebba Busch stod högre på listan men tar sitt mandat i en annan valkrets. Platsen går vidare till nästa namn.,"K,R",1,1,2,970,Mathias Bengtsson,28,M,Falun,"28 år, riksdagsledamot, Falun",https://data.val.se/filer/val2026/parti/kandidaturer.csv
riksdag,RD,00,Riket,25,Gävleborgs län,KD,KD,Kristdemokraterna,KD,1,09044,Kristdemokraterna - Gävleborgs län,Gävleborgs län,exakt_en_lista,,scb_roster_2022_trend+vallagen_fast_plus_utjamning,dubbelvalsavveckling,20,Uppsala län,Ebba Busch stod högre på listan men tar sitt mandat i en annan valkrets. Platsen går vidare till nästa namn.,"K,R",1,1,2,969,Lili André,56,K,Gävle,"Riksdagsledamot, Gävle",https://data.val.se/filer/val2026/parti/kandidaturer.csv
riksdag,RD,00,Riket,26,Västernorrlands län,KD,KD,Kristdemokraterna,KD,1,06455,Kristdemokraterna - HELA LANDET,HELA LANDET,exakt_en_lista,,scb_roster_2022_trend+vallagen_fast_plus_utjamning,dubbelvalsavveckling,20,Uppsala län,Ebba Busch stod högre på listan men tar sitt mandat i en annan valkrets. Platsen går vidare till nästa namn.,"K,R",1,1,2,962,Liza-Maria Norlin,46,K,Sundsvall,"46 år, Partisekreterare, Sundsvall",https://data.val.se/filer/val2026/parti/kandidaturer.csv
riksdag,RD,00,Riket,10,Blekinge län,SD,SD,Sverigedemokraterna,SD,2,07373,Sverigedemokraterna - Blekinge län,Blekinge län,proxy_identisk_topplista,"Flera listnummer har samma valsedelsantal, men toppnamnen som behövs för mandatprognosen är identiska; lägsta listnummer används som proxy.",scb_roster_2022_trend+vallagen_fast_plus_utjamning,dubbelvalsavveckling,06,Blekinge län,Jimmie Åkesson stod högre på listan men tar sitt mandat i en annan valkrets. Platsen går vidare till nästa namn.,"K,R",2,1,3,5148,Karolina Widerberg,42,K,Sölvesborg,"42, lärare, Sölvesborg",https://data.val.se/filer/val2026/parti/kandidaturer.csv
riksdag,RD,00,Riket,23,Västmanlands län,SD,SD,Sverigedemokraterna,SD,2,07408,Sverigedemokraterna - Västmanlands län,Västmanlands län,proxy_identisk_topplista,"Flera listnummer har samma valsedelsantal, men toppnamnen som behövs för mandatprognosen är identiska; lägsta listnummer används som proxy.",scb_roster_2022_trend+vallagen_fast_plus_utjamning,dubbelvalsavveckling,06,Blekinge län,Jimmie Åkesson stod högre på listan men tar sitt mandat i en annan valkrets. Platsen går vidare till nästa namn.,"K,R",2,1,3,5115,Ann-Christine Frohm,53,K,Västerås,"53, vårdbiträde/redovisningsassistent, Västerås",https://data.val.se/filer/val2026/parti/kandidaturer.csv
riksdag,RD,00,Riket,14,Skåne läns norra och östra,SD,SD,Sverigedemokraterna,SD,4,07397,Sverigedemokraterna - Skåne läns norra och östra och östra,Skåne läns norra och östra och östra,proxy_identisk_topplista,"Flera listnummer har samma valsedelsantal, men toppnamnen som behövs för mandatprognosen är identiska; lägsta listnummer används som proxy.",scb_roster_2022_trend+vallagen_fast_plus_utjamning,dubbelvalsavveckling,06,Blekinge län,Jimmie Åkesson stod högre på listan men tar sitt mandat i en annan valkrets. Platsen går vidare till nästa namn.,"K,R",4,1,5,5147,Patrik Jönsson,53,M,Hässleholm,"53, eldriftledare, Hässleholm",https://data.val.se/filer/val2026/parti/kandidaturer.csv
riksdag,RD,00,Riket,01,Stockholms kommun,SD,SD,Sverigedemokraterna,SD,3,07401,Sverigedemokraterna - Stockholms kommun,Stockholms kommun,proxy_identisk_topplista,"Flera listnummer har samma valsedelsantal, men toppnamnen som behövs för mandatprognosen är identiska; lägsta listnummer används som proxy.",scb_roster_2022_trend+vallagen_fast_plus_utjamning,dubbelvalsavveckling,06,Blekinge län,Jimmie Åkesson stod högre på listan men tar sitt mandat i en annan valkrets. Platsen går vidare till nästa namn.,"K,R",3,1,4,5149,Martin Westmont,47,M,Stockholm,"47, konstvetare, Stockholm",https://data.val.se/filer/val2026/parti/kandidaturer.csv
riksdag,RD,00,Riket,05,Östergötlands län,SD,SD,Sverigedemokraterna,SD,3,07410,Sverigedemokraterna - Östergötlands län,Östergötlands län,proxy_identisk_topplista,"Flera listnummer har samma valsedelsantal, men toppnamnen som behövs för mandatprognosen är identiska; lägsta listnummer används som proxy.",scb_roster_2022_trend+vallagen_fast_plus_utjamning,dubbelvalsavveckling,06,Blekinge län,Jimmie Åkesson stod högre på listan men tar sitt mandat i en annan valkrets. Platsen går vidare till nästa namn.,"K,R",3,1,4,5143,Jonas Andersson,36,M,Linköping,"36, fil.kand. statsvetenskap, Linköping",https://data.val.se/filer/val2026/parti/kandidaturer.csv
riksdag,RD,00,Riket,12,Skåne läns västra,SD,SD,Sverigedemokraterna,SD,3,07400,Sverigedemokraterna - Skåne läns västra,Skåne läns västra,proxy_identisk_topplista,"Flera listnummer har samma valsedelsantal, men toppnamnen som behövs för mandatprognosen är identiska; lägsta listnummer används som proxy.",scb_roster_2022_trend+vallagen_fast_plus_utjamning,dubbelvalsavveckling,06,Blekinge län,Jimmie Åkesson stod högre på listan men tar sitt mandat i en annan valkrets. Platsen går vidare till nästa namn.,"K,R",3,1,4,5141,Pontus Andersson Garpvall,34,M,Helsingborg,"34, politisk sekreterare, Helsingborg",https://data.val.se/filer/val2026/parti/kandidaturer.csv
riksdag,RD,00,Riket,04,Södermanlands län,SD,SD,Sverigedemokraterna,SD,2,07403,Sverigedemokraterna - Södermanlands län,Södermanlands län,proxy_identisk_topplista,"Flera listnummer har samma valsedelsantal, men toppnamnen som behövs för mandatprognosen är identiska; lägsta listnummer används som proxy.",scb_roster_2022_trend+vallagen_fast_plus_utjamning,dubbelvalsavveckling,06,Blekinge län,Jimmie Åkesson stod högre på listan men tar sitt mandat i en annan valkrets. Platsen går vidare till nästa namn.,"K,R",2,1,3,5137,Mikael Strömberg,46,M,Eskilstuna,"46, pressekreterare, Eskilstuna",https://data.val.se/filer/val2026/parti/kandidaturer.csv
riksdag,RD,00,Riket,08,Kalmar län,SD,SD,Sverigedemokraterna,SD,2,07391,Sverigedemokraterna - Kalmar län,Kalmar län,proxy_identisk_topplista,"Flera listnummer har samma valsedelsantal, men toppnamnen som behövs för mandatprognosen är identiska; lägsta listnummer används som proxy.",scb_roster_2022_trend+vallagen_fast_plus_utjamning,dubbelvalsavveckling,06,Blekinge län,Jimmie Åkesson stod högre på listan men tar sitt mandat i en annan valkrets. Platsen går vidare till nästa namn.,"K,R",2,1,3,5102,Johnny Svedin,57,M,Kalmar,"57, specialistsjuksköterska, Kalmar",https://data.val.se/filer/val2026/parti/kandidaturer.csv
riksdag,RD,00,Riket,18,Västra Götalands läns norra,SD,SD,Sverigedemokraterna,SD,2,07414,Sverigedemokraterna - Västra Götalands läns norra,Västra Götalands läns norra,proxy_identisk_topplista,"Flera listnummer har samma valsedelsantal, men toppnamnen som behövs för mandatprognosen är identiska; lägsta listnummer används som proxy.",scb_roster_2022_trend+vallagen_fast_plus_utjamning,dubbelvalsavveckling,06,Blekinge län,Jimmie Åkesson stod högre på listan men tar sitt mandat i en annan valkrets. Platsen går vidare till nästa namn.,"K,R",2,1,3,5151,Terje Skaarnes,54,M,Munkedal,"54, företagare, Munkedal",https://data.val.se/filer/val2026/parti/kandidaturer.csv
riksdag,RD,00,Riket,19,Västra Götalands läns södra,SD,SD,Sverigedemokraterna,SD,2,07415,Sverigedemokraterna - Västra Götalands läns södra,Västra Götalands läns södra,proxy_identisk_topplista,"Flera listnummer har samma valsedelsantal, men toppnamnen som behövs för mandatprognosen är identiska; lägsta listnummer används som proxy.",scb_roster_2022_trend+vallagen_fast_plus_utjamning,dubbelvalsavveckling,06,Blekinge län,Jimmie Åkesson stod högre på listan men tar sitt mandat i en annan valkrets. Platsen går vidare till nästa namn.,"K,R",2,1,3,5136,Tomas Brandberg,54,M,Borås,"54, teknologie doktor, Borås",https://data.val.se/filer/val2026/parti/kandidaturer.csv
riksdag,RD,00,Riket,20,Västra Götalands läns östra,SD,SD,Sverigedemokraterna,SD,2,07416,Sverigedemokraterna - Västra Götalands läns östra,Västra Götalands läns östra,proxy_identisk_topplista,"Flera listnummer har samma valsedelsantal, men toppnamnen som behövs för mandatprognosen är identiska; lägsta listnummer används som proxy.",scb_roster_2022_trend+vallagen_fast_plus_utjamning,dubbelvalsavveckling,06,Blekinge län,Jimmie Åkesson stod högre på listan men tar sitt mandat i en annan valkrets. Platsen går vidare till nästa namn.,"K,R",2,1,3,5150,Josef Fransson,47,M,Skövde,"47, högskoleingenjör, Skövde",https://data.val.se/filer/val2026/parti/kandidaturer.csv
riksdag,RD,00,Riket,21,Värmlands län,SD,SD,Sverigedemokraterna,SD,2,07405,Sverigedemokraterna - Värmlands län,Värmlands län,proxy_identisk_topplista,"Flera listnummer har samma valsedelsantal, men toppnamnen som behövs för mandatprognosen är identiska; lägsta listnummer används som proxy.",scb_roster_2022_trend+vallagen_fast_plus_utjamning,dubbelvalsavveckling,06,Blekinge län,Jimmie Åkesson stod högre på listan men tar sitt mandat i en annan valkrets. Platsen går vidare till nästa namn.,"K,R",2,1,3,5152,Robin Lennartsson,32,M,Karlstad,"32, statsvetare, Karlstad",https://data.val.se/filer/val2026/parti/kandidaturer.csv
riksdag,RD,00,Riket,25,Gävleborgs län,SD,SD,Sverigedemokraterna,SD,2,07382,Sverigedemokraterna - Gävleborgs län,Gävleborgs län,proxy_identisk_topplista,"Flera listnummer har samma valsedelsantal, men toppnamnen som behövs för mandatprognosen är identiska; lägsta listnummer används som proxy.",scb_roster_2022_trend+vallagen_fast_plus_utjamning,dubbelvalsavveckling,06,Blekinge län,Jimmie Åkesson stod högre på listan men tar sitt mandat i en annan valkrets. Platsen går vidare till nästa namn.,"K,R",2,1,3,5125,Mattias Eriksson Falk,36,M,Gävle,"36, yrkeschaufför, Gävle",https://data.val.se/filer/val2026/parti/kandidaturer.csv
riksdag,RD,00,Riket,27,Jämtlands län,SD,SD,Sverigedemokraterna,SD,1,07386,Sverigedemokraterna - Jämtlands län,Jämtlands län,proxy_identisk_topplista,"Flera listnummer har samma valsedelsantal, men toppnamnen som behövs för mandatprognosen är identiska; lägsta listnummer används som proxy.",scb_roster_2022_trend+vallagen_fast_plus_utjamning,dubbelvalsavveckling,06,Blekinge län,Jimmie Åkesson stod högre på listan men tar sitt mandat i en annan valkrets. Platsen går vidare till nästa namn.,"K,R",1,1,2,16793,Peter Eriksson,67,M,Ragunda,"67, skogsbrukare, Ragunda",https://data.val.se/filer/val2026/parti/kandidaturer.csv
riksdag,RD,00,Riket,28,Västerbottens län,SD,SD,Sverigedemokraterna,SD,1,07406,Sverigedemokraterna - Västerbottens län,Västerbottens län,proxy_identisk_topplista,"Flera listnummer har samma valsedelsantal, men toppnamnen som behövs för mandatprognosen är identiska; lägsta listnummer används som proxy.",scb_roster_2022_trend+vallagen_fast_plus_utjamning,dubbelvalsavveckling,06,Blekinge län,Jimmie Åkesson stod högre på listan men tar sitt mandat i en annan valkrets. Platsen går vidare till nästa namn.,"K,R",1,1,2,5140,Sara Gille,45,K,,"45, undersköterska, Dorotea",https://data.val.se/filer/val2026/parti/kandidaturer.csv
riksdag,RD,00,Riket,02,Stockholms län,V,V,Vänsterpartiet,V,3,10067,Vänsterpartiet - Stockholms kommun och Stockholms län,Stockholms kommun och Stockholms län,exakt_en_lista,,scb_roster_2022_trend+vallagen_fast_plus_utjamning,dubbelvalsavveckling,01,Stockholms län,Malin Björk stod högre på listan men tar sitt mandat i en annan valkrets. Platsen går vidare till nästa namn.,"K,R",3,2,6,53196,Jonas Lindberg,43,M,Stockholm,"43, Hägersten, Specialistsjuksköterska",https://data.val.se/filer/val2026/parti/kandidaturer.csv
riksdag,RD,00,Riket,02,Stockholms län,KD,KD,Kristdemokraterna,KD,3,08553,Kristdemokraterna - Stockholms län,Stockholms län,exakt_en_lista,,scb_roster_2022_trend+vallagen_fast_plus_utjamning,dubbelvalsavveckling,20,Uppsala län,Camilla Brodin stod högre på listan men tar sitt mandat i en annan valkrets. Platsen går vidare till nästa namn.,"K,R",3,1,5,963,Andreas Carlson,39,M,Solna,"39 år, Infra- och bostadsminister, Solna",https://data.val.se/filer/val2026/parti/kandidaturer.csv
riksdag,RD,00,Riket,13,Skåne läns södra,KD,KD,Kristdemokraterna,KD,1,09093,Kristdemokraterna - Skåne län,Skåne län,exakt_en_lista,"Partiet har både en lista för länet och en för hela landet. Länslistan används, eftersom den är den partiet kampanjar med lokalt, men vilken väljarna faktiskt lägger går inte att veta före valet.",scb_roster_2022_trend+vallagen_fast_plus_utjamning,dubbelvalsavveckling,20,Uppsala län,Martin Hallander stod högre på listan men tar sitt mandat i en annan valkrets. Platsen går vidare till nästa namn.,"K,R",1,1,3,981,Cecilia Engström,53,K,Helsingborg,"53 år, riksdagsledamot, Helsingborg",https://data.val.se/filer/val2026/parti/kandidaturer.csv
riksdag,RD,00,Riket,02,Stockholms län,SD,SD,Sverigedemokraterna,SD,8,07402,Sverigedemokraterna - Stockholms län,Stockholms län,proxy_identisk_topplista,"Flera listnummer har samma valsedelsantal, men toppnamnen som behövs för mandatprognosen är identiska; lägsta listnummer används som proxy.",scb_roster_2022_trend+vallagen_fast_plus_utjamning,dubbelvalsavveckling,06,Blekinge län,Ann-Christine Frohm stod högre på listan men tar sitt mandat i en annan valkrets. Platsen går vidare till nästa namn.,"K,R",8,1,25,5118,Angelika Bengtsson,36,K,Stockholm,"36, dansare, Stockholm",https://data.val.se/filer/val2026/parti/kandidaturer.csv
riksdag,RD,00,Riket,02,Stockholms län,V,V,Vänsterpartiet,V,3,10067,Vänsterpartiet - Stockholms kommun och Stockholms län,Stockholms kommun och Stockholms län,exakt_en_lista,,scb_roster_2022_trend+vallagen_fast_plus_utjamning,dubbelvalsavveckling,01,Stockholms kommun,Jonas Lindberg stod högre på listan men tar sitt mandat i en annan valkrets. Platsen går vidare till nästa namn.,"K,R",3,3,7,55579,Sandra Sönnergren,35,K,Solna,"35, Solna, Folkhögskolelärare",https://data.val.se/filer/val2026/parti/kandidaturer.csv
riksdag,RD,00,Riket,14,Skåne läns norra och östra,KD,KD,Kristdemokraterna,KD,1,09093,Kristdemokraterna - Skåne län,Skåne län,exakt_en_lista,"Partiet har både en lista för länet och en för hela landet. Länslistan används, eftersom den är den partiet kampanjar med lokalt, men vilken väljarna faktiskt lägger går inte att veta före valet.",scb_roster_2022_trend+vallagen_fast_plus_utjamning,dubbelvalsavveckling,20,Uppsala län,Cecilia Engström stod högre på listan men tar sitt mandat i en annan valkrets. Platsen går vidare till nästa namn.,"K,R",1,1,4,1000,Mattias Svensson,41,M,Lund,"41 år, politiskt sakkunnig, Lund",https://data.val.se/filer/val2026/parti/kandidaturer.csv
riksdag,RD,00,Riket,13,Skåne läns södra,SD,SD,Sverigedemokraterna,SD,3,07398,Sverigedemokraterna - Skåne läns södra,Skåne läns södra,proxy_identisk_topplista,"Flera listnummer har samma valsedelsantal, men toppnamnen som behövs för mandatprognosen är identiska; lägsta listnummer används som proxy.",scb_roster_2022_trend+vallagen_fast_plus_utjamning,dubbelvalsavveckling,06,Blekinge län,Angelika Bengtsson stod högre på listan men tar sitt mandat i en annan valkrets. Platsen går vidare till nästa namn.,"K,R",3,1,61,16889,André af Geijerstam,40,M,Sjöbo,"40, oppositionsråd, Sjöbo",https://data.val.se/filer/val2026/parti/kandidaturer.csv
riksdag,RD,00,Riket,15,Hallands län,SD,SD,Sverigedemokraterna,SD,3,07384,Sverigedemokraterna - Hallands län,Hallands län,proxy_identisk_topplista,"Flera listnummer har samma valsedelsantal, men toppnamnen som behövs för mandatprognosen är identiska; lägsta listnummer används som proxy.",scb_roster_2022_trend+vallagen_fast_plus_utjamning,dubbelvalsavveckling,06,Blekinge län,Angelika Bengtsson stod högre på listan men tar sitt mandat i en annan valkrets. Platsen går vidare till nästa namn.,"K,R",3,1,61,16765,Erik Hellsborn,42,M,Varberg,"42, undersköterska, Varberg",https://data.val.se/filer/val2026/parti/kandidaturer.csv
riksdag,RD,00,Riket,16,Göteborgs kommun,SD,SD,Sverigedemokraterna,SD,3,07411,Sverigedemokraterna - Göteborgs kommun,Göteborgs kommun,proxy_identisk_topplista,"Flera listnummer har samma valsedelsantal, men toppnamnen som behövs för mandatprognosen är identiska; lägsta listnummer används som proxy.",scb_roster_2022_trend+vallagen_fast_plus_utjamning,dubbelvalsavveckling,06,Blekinge län,Angelika Bengtsson stod högre på listan men tar sitt mandat i en annan valkrets. Platsen går vidare till nästa namn.,"K,R",3,1,61,17019,Björn Tidland,63,M,Göteborg,"63, civilingenjör, Göteborg",https://data.val.se/filer/val2026/parti/kandidaturer.csv
riksdag,RD,00,Riket,17,Västra Götalands läns västra,SD,SD,Sverigedemokraterna,SD,3,07412,Sverigedemokraterna - Västra Götalands läns västra,Västra Götalands läns västra,proxy_identisk_topplista,"Flera listnummer har samma valsedelsantal, men toppnamnen som behövs för mandatprognosen är identiska; lägsta listnummer används som proxy.",scb_roster_2022_trend+vallagen_fast_plus_utjamning,dubbelvalsavveckling,06,Blekinge län,Angelika Bengtsson stod högre på listan men tar sitt mandat i en annan valkrets. Platsen går vidare till nästa namn.,"K,R",3,1,61,17031,Gunilla Gomér,66,K,Alingsås,"66, egenföretagare, Alingsås",https://data.val.se/filer/val2026/parti/kandidaturer.csv
riksdag,RD,00,Riket,24,Dalarnas län,SD,SD,Sverigedemokraterna,SD,3,07376,Sverigedemokraterna - Dalarnas län,Dalarnas län,proxy_identisk_topplista,"Flera listnummer har samma valsedelsantal, men toppnamnen som behövs för mandatprognosen är identiska; lägsta listnummer används som proxy.",scb_roster_2022_trend+vallagen_fast_plus_utjamning,dubbelvalsavveckling,06,Blekinge län,Angelika Bengtsson stod högre på listan men tar sitt mandat i en annan valkrets. Platsen går vidare till nästa namn.,"K,R",3,1,61,16648,Anders Rosén,47,M,Malung-Sälen,"47, elektriker, Malung-Sälen",https://data.val.se/filer/val2026/parti/kandidaturer.csv
riksdag,RD,00,Riket,03,Uppsala län,SD,SD,Sverigedemokraterna,SD,2,07404,Sverigedemokraterna - Uppsala län,Uppsala län,proxy_identisk_topplista,"Flera listnummer har samma valsedelsantal, men toppnamnen som behövs för mandatprognosen är identiska; lägsta listnummer används som proxy.",scb_roster_2022_trend+vallagen_fast_plus_utjamning,dubbelvalsavveckling,06,Blekinge län,Angelika Bengtsson stod högre på listan men tar sitt mandat i en annan valkrets. Platsen går vidare till nästa namn.,"K,R",2,1,61,16948,Emil Eneblad,25,M,Uppsala,"25, politiskt sakkunnig, Uppsala",https://data.val.se/filer/val2026/parti/kandidaturer.csv
riksdag,RD,00,Riket,07,Kronobergs län,SD,SD,Sverigedemokraterna,SD,2,07392,Sverigedemokraterna - Kronobergs län,Kronobergs län,proxy_identisk_topplista,"Flera listnummer har samma valsedelsantal, men toppnamnen som behövs för mandatprognosen är identiska; lägsta listnummer används som proxy.",scb_roster_2022_trend+vallagen_fast_plus_utjamning,dubbelvalsavveckling,06,Blekinge län,Angelika Bengtsson stod högre på listan men tar sitt mandat i en annan valkrets. Platsen går vidare till nästa namn.,"K,R",2,1,61,19537,Robert Fredriksson,54,M,Uppvidinge,"54, entreprenör, Uppvidinge",https://data.val.se/filer/val2026/parti/kandidaturer.csv
riksdag,RD,00,Riket,11,Malmö kommun,SD,SD,Sverigedemokraterna,SD,2,07396,Sverigedemokraterna - Malmö kommun,Malmö kommun,proxy_identisk_topplista,"Flera listnummer har samma valsedelsantal, men toppnamnen som behövs för mandatprognosen är identiska; lägsta listnummer används som proxy.",scb_roster_2022_trend+vallagen_fast_plus_utjamning,dubbelvalsavveckling,06,Blekinge län,Angelika Bengtsson stod högre på listan men tar sitt mandat i en annan valkrets. Platsen går vidare till nästa namn.,"K,R",2,1,61,16880,Nima Gholam Ali Pour,44,M,Malmö,"45, riksdagsledamot, Nydala",https://data.val.se/filer/val2026/parti/kandidaturer.csv
riksdag,RD,00,Riket,22,Örebro län,SD,SD,Sverigedemokraterna,SD,2,07409,Sverigedemokraterna - Örebro län,Örebro län,proxy_identisk_topplista,"Flera listnummer har samma valsedelsantal, men toppnamnen som behövs för mandatprognosen är identiska; lägsta listnummer används som proxy.",scb_roster_2022_trend+vallagen_fast_plus_utjamning,dubbelvalsavveckling,06,Blekinge län,Angelika Bengtsson stod högre på listan men tar sitt mandat i en annan valkrets. Platsen går vidare till nästa namn.,"K,R",2,1,61,16998,Patrik Nyström,53,M,Karlskoga,"53, underhållstekniker, Karlskoga",https://data.val.se/filer/val2026/parti/kandidaturer.csv
riksdag,RD,00,Riket,26,Västernorrlands län,SD,SD,Sverigedemokraterna,SD,2,07407,Sverigedemokraterna - Västernorrlands län,Västernorrlands län,proxy_identisk_topplista,"Flera listnummer har samma valsedelsantal, men toppnamnen som behövs för mandatprognosen är identiska; lägsta listnummer används som proxy.",scb_roster_2022_trend+vallagen_fast_plus_utjamning,dubbelvalsavveckling,06,Blekinge län,Angelika Bengtsson stod högre på listan men tar sitt mandat i en annan valkrets. Platsen går vidare till nästa namn.,"K,R",2,1,61,8472,Mats Hellhoff,72,M,Sundsvall,"72, polis, Sundsvall",https://data.val.se/filer/val2026/parti/kandidaturer.csv
riksdag,RD,00,Riket,29,Norrbottens län,SD,SD,Sverigedemokraterna,SD,2,07393,Sverigedemokraterna - Norrbottens län,Norrbottens län,proxy_identisk_topplista,"Flera listnummer har samma valsedelsantal, men toppnamnen som behövs för mandatprognosen är identiska; lägsta listnummer används som proxy.",scb_roster_2022_trend+vallagen_fast_plus_utjamning,dubbelvalsavveckling,06,Blekinge län,Angelika Bengtsson stod högre på listan men tar sitt mandat i en annan valkrets. Platsen går vidare till nästa namn.,"K,R",2,1,61,10242,Dexter Krokstedt,23,M,Luleå,"23, civilingenjör, Luleå",https://data.val.se/filer/val2026/parti/kandidaturer.csv
riksdag,RD,00,Riket,15,Hallands län,SD,SD,Sverigedemokraterna,SD,3,07384,Sverigedemokraterna - Hallands län,Hallands län,proxy_identisk_topplista,"Flera listnummer har samma valsedelsantal, men toppnamnen som behövs för mandatprognosen är identiska; lägsta listnummer används som proxy.",scb_roster_2022_trend+vallagen_fast_plus_utjamning,dubbelvalsavveckling,01,,Erik Hellsborn stod högre på listan men tar sitt mandat i en annan valkrets. Platsen går vidare till nästa namn.,"K,R",3,4,62,16766,Hanna Götz,36,K,Varberg,"36, undersköterska, Varberg",https://data.val.se/filer/val2026/parti/kandidaturer.csv
